step,split,train_loss,train_perplexity,train_accuracy,val_loss,val_perplexity,val_accuracy,total_loss,density_loss,lambda_density,target_density,mean_soft_gate,mean_hard_gate,layers_per_token,compute_fraction,skip_fraction,routing_entropy,learning_rate,gradient_norm,router_gradient_norm,transformer_gradient_norm,tokens_processed,seconds_per_step,tokens_per_second,validation_time_sec,layer_0_density,layer_1_density,layer_2_density,layer_3_density,layer_4_density,layer_5_density,layer_6_density,layer_7_density,layer_0_soft_probability,layer_1_soft_probability,layer_2_soft_probability,layer_3_soft_probability,layer_4_soft_probability,layer_5_soft_probability,layer_6_soft_probability,layer_7_soft_probability
0,train,4.176833152770996,65.15917697165864,0.025634765625,,,,4.176833152770996,0.1603260189294815,0.0,0.5,0.8999077081680298,0.900390625,7.203125,0.900390625,0.099609375,0.3252846300601959,2.9999999999999997e-05,5.408584117889404,0.011183120310306549,5.408572196960449,4096,0.5682192919775844,7208.4845724695715,,0.905517578125,0.904541015625,0.898193359375,0.897216796875,0.900634765625,0.89697265625,0.895751953125,0.904296875,0.9000058174133301,0.9000428915023804,0.8998432159423828,0.8998961448669434,0.900390088558197,0.8994234800338745,0.899985671043396,0.8996737599372864
20,train,3.3906970024108887,29.686636718340264,0.156494140625,,,,3.3906970024108887,0.1651347577571869,0.0,0.5,0.9064667224884033,0.906341552734375,7.250732421875,0.906341552734375,0.093658447265625,0.3105231821537018,6.599999999999999e-05,1.1247056722640991,0.011955388821661472,1.1246421337127686,86016,0.2725293328985572,15029.574822041788,,0.897705078125,0.90283203125,0.90283203125,0.906494140625,0.911865234375,0.911865234375,0.908935546875,0.908203125,0.9000990986824036,0.9017660617828369,0.9032870531082153,0.9069360494613647,0.9072637557983398,0.9087936878204346,0.9103479981422424,0.9132404923439026
40,train,3.035377264022827,20.808826840545237,0.22265625,,,,3.035377264022827,0.16848188638687134,0.0,0.5,0.9094133377075195,0.91033935546875,7.28271484375,0.91033935546875,0.08966064453125,0.30340704321861267,0.00012599999999999997,1.2107564210891724,0.057299088686704636,1.2093998193740845,167936,0.2760903746820986,14835.721834621349,,0.89404296875,0.897216796875,0.906005859375,0.909423828125,0.9130859375,0.918212890625,0.919921875,0.9248046875,0.9007091522216797,0.9026293158531189,0.9037941694259644,0.9068746566772461,0.9086401462554932,0.911526083946228,0.9172104597091675,0.9239222407341003
60,train,2.7963247299194336,16.3843191808343,0.25341796875,,,,2.7963247299194336,0.17746302485466003,0.0,0.5,0.919496476650238,0.921051025390625,7.368408203125,0.921051025390625,0.078948974609375,0.2772517502307892,0.000186,1.002536416053772,0.044744718819856644,1.0015373229980469,249856,0.3266174173913896,12540.666179757687,,0.90380859375,0.91259765625,0.90673828125,0.91748046875,0.921142578125,0.927490234375,0.931884765625,0.947265625,0.9018548727035522,0.9049419164657593,0.9078943133354187,0.9136699438095093,0.9190495014190674,0.9267241954803467,0.9355838894844055,0.9462522268295288
80,train,2.654876947402954,14.223235745545512,0.264404296875,,,,2.654876947402954,0.18421348929405212,0.0,0.5,0.9284018874168396,0.928680419921875,7.429443359375,0.928680419921875,0.071319580078125,0.25245749950408936,0.00024599999999999996,1.0975522994995117,0.04183189198374748,1.096754789352417,331776,0.2771225832402706,14780.462682280531,,0.900390625,0.901611328125,0.91455078125,0.925048828125,0.9326171875,0.941650390625,0.951171875,0.96240234375,0.9034342169761658,0.907529354095459,0.9124823212623596,0.9193560481071472,0.9292311668395996,0.9415515065193176,0.9510130882263184,0.9626175165176392
100,train,2.5867271423339844,13.286216471769654,0.269287109375,,,,2.5867271423339844,0.19072288274765015,0.0,0.5,0.9361873865127563,0.93603515625,7.48828125,0.93603515625,0.06396484375,0.22928182780742645,0.0002999999722532997,0.9511352181434631,0.03150979429483414,0.9506131410598755,413696,0.3283572909422219,12474.216693183575,,0.900634765625,0.918212890625,0.91796875,0.92236328125,0.934326171875,0.95458984375,0.967041015625,0.97314453125,0.9052373170852661,0.911928653717041,0.918153703212738,0.9260431528091431,0.9375841617584229,0.9527674913406372,0.964747428894043,0.9730379581451416
120,train,2.532839059829712,12.589196931841231,0.270263671875,,,,2.532839059829712,0.19391492009162903,0.0,0.5,0.9399629831314087,0.939666748046875,7.517333984375,0.939666748046875,0.060333251953125,0.21677260100841522,0.0002999877638895945,0.810069739818573,0.032465264201164246,0.8094189167022705,495616,0.28962258296087384,14142.543575593148,,0.91455078125,0.91015625,0.91748046875,0.926025390625,0.943603515625,0.9580078125,0.9716796875,0.975830078125,0.9070489406585693,0.9127222299575806,0.91898512840271,0.9288511872291565,0.942717432975769,0.9602290391921997,0.9705716371536255,0.9785788059234619
140,train,2.5231752395629883,12.468123155246909,0.281005859375,,,,2.5231752395629883,0.19518104195594788,0.0,0.5,0.9410900473594666,0.9410400390625,7.5283203125,0.9410400390625,0.0589599609375,0.21289105713367462,0.0002999533604809292,1.0110254287719727,0.03725452721118927,1.0103387832641602,577536,0.3970055407844484,10317.236358733586,,0.90625,0.912353515625,0.930419921875,0.92431640625,0.942138671875,0.960205078125,0.97216796875,0.98046875,0.9088577628135681,0.9147266149520874,0.9212667942047119,0.9248600602149963,0.9436768293380737,0.9624143838882446,0.9714509844779968,0.9814673662185669
160,train,2.509190082550049,12.29496811765421,0.260498046875,,,,2.509190082550049,0.199899822473526,0.0,0.5,0.9460948705673218,0.9461669921875,7.5693359375,0.9461669921875,0.0538330078125,0.19646799564361572,0.0002998967676840031,0.6885961890220642,0.032106734812259674,0.6878473162651062,659456,0.28547425009310246,14348.054154320962,,0.90478515625,0.914794921875,0.926025390625,0.93408203125,0.951416015625,0.97216796875,0.98095703125,0.985107421875,0.9105550646781921,0.9161056876182556,0.9244546890258789,0.9324659109115601,0.9493317008018494,0.9700000882148743,0.9792430996894836,0.9866023063659668
180,train,2.487888813018799,12.035839371636891,0.275146484375,,,,2.487888813018799,0.2001570463180542,0.0,0.5,0.9482203722000122,0.946380615234375,7.571044921875,0.946380615234375,0.053619384765625,0.1884033977985382,0.0002998179948039535,0.7480229735374451,0.02741704322397709,0.747520387172699,741376,0.3234853339381516,12662.088726356695,,0.9052734375,0.919189453125,0.921142578125,0.927978515625,0.953857421875,0.97265625,0.984130859375,0.98681640625,0.9117171764373779,0.919508695602417,0.926210343837738,0.9294910430908203,0.9543592929840088,0.972341775894165,0.9835175275802612,0.9886168241500854
200,train,2.4383325576782227,11.453926049853628,0.28662109375,,,,2.4383325576782227,0.2016679346561432,0.0,0.5,0.948983371257782,0.9481201171875,7.5849609375,0.9481201171875,0.0518798828125,0.18340493738651276,0.00029971705479282546,0.7133298516273499,0.03146131709218025,0.7126357555389404,823296,0.2869126247242093,14276.12327598767,,0.9091796875,0.9248046875,0.9248046875,0.921875,0.96044921875,0.972900390625,0.984619140625,0.986328125,0.9129351377487183,0.9191865921020508,0.926927924156189,0.9275933504104614,0.9559887051582336,0.9748108386993408,0.9841116666793823,0.9903120398521423
220,train,2.46407413482666,11.752595793966192,0.278076171875,,,,2.46407413482666,0.20486339926719666,0.0,0.5,0.9511925578117371,0.95159912109375,7.61279296875,0.95159912109375,0.04840087890625,0.17706745862960815,0.00029959396424744254,0.7748884558677673,0.02976672165095806,0.7743164896965027,905216,0.2889368748292327,14176.106813714296,,0.916015625,0.91552734375,0.93017578125,0.93115234375,0.95849609375,0.97998046875,0.988037109375,0.993408203125,0.9144159555435181,0.9200880527496338,0.9290621280670166,0.9322615265846252,0.9569427371025085,0.9784412980079651,0.9862192869186401,0.9921099543571472
240,train,2.445547103881836,11.536859733276202,0.283203125,,,,2.445547103881836,0.20474988222122192,0.0,0.5,0.9527493715286255,0.9515380859375,7.6123046875,0.9515380859375,0.0484619140625,0.1705123782157898,0.0002994487434066776,0.6191000938415527,0.027998926118016243,0.6184666752815247,987136,0.26531783305108547,15438.087794163983,,0.912353515625,0.924560546875,0.93212890625,0.927978515625,0.95703125,0.978759765625,0.986572265625,0.992919921875,0.9157931208610535,0.9214125871658325,0.9320144653320312,0.9309481382369995,0.9603163003921509,0.9802645444869995,0.9879336357116699,0.9933122396469116
249,validation,,,,2.4275781536102294,11.33140589742073,0.2900732421875,,0.25,,0.5,0.9529771649837494,1.0,8.0,1.0,0.0,0.16628183275461197,,,,,,,,4.409593916032463,1.0,1.0,1.0,1.0,1.0,1.0,1.0,1.0,0.9164658188819885,0.9232150316238403,0.934281587600708,0.9242033958435059,0.9613854885101318,0.9814080595970154,0.9885717630386353,0.9942863583564758
260,train,2.450590133666992,11.595187411029924,0.290771484375,,,,2.450590133666992,0.20339538156986237,0.0,0.5,0.9513505101203918,0.94989013671875,7.59912109375,0.94989013671875,0.05010986328125,0.17306481301784515,0.00029928141614812506,0.6880125999450684,0.026967423036694527,0.6874838471412659,1069056,0.2986901253461838,13713.208614622628,,0.917236328125,0.913330078125,0.93017578125,0.92138671875,0.95458984375,0.97998046875,0.9892578125,0.9931640625,0.9171833992004395,0.9211248755455017,0.9309978485107422,0.9232224225997925,0.9582115411758423,0.9786955118179321,0.9882464408874512,0.9931222200393677
280,train,2.4237639904022217,11.288268385004617,0.286865234375,,,,2.4237639904022217,0.20998504757881165,0.0,0.5,0.9566514492034912,0.957275390625,7.658203125,0.957275390625,0.042724609375,0.1570587456226349,0.00029909200998417515,0.5828210115432739,0.025543836876749992,0.5822609663009644,1150976,0.2834193748421967,14452.081839078877,,0.911865234375,0.92431640625,0.940185546875,0.942138671875,0.970703125,0.98291015625,0.990966796875,0.9951171875,0.9188141822814941,0.9242731928825378,0.9371576905250549,0.9356763362884521,0.9676023125648499,0.9833793640136719,0.9910436868667603,0.9952648878097534
300,train,2.3560233116149902,10.548918170831074,0.2958984375,,,,2.3560233116149902,0.21026065945625305,0.0,0.5,0.9573315382003784,0.95770263671875,7.66162109375,0.95770263671875,0.04229736328125,0.15453080832958221,0.00029888055605748994,0.6962983012199402,0.02396259643137455,0.6958858370780945,1232896,0.2771230833604932,14780.436008182522,,0.924072265625,0.9208984375,0.944091796875,0.937255859375,0.9716796875,0.978759765625,0.989990234375,0.994873046875,0.9201028347015381,0.9245684742927551,0.9404045343399048,0.9371662735939026,0.9702730178833008,0.9804219007492065,0.9908105134963989,0.9949050545692444
320,train,2.422884464263916,11.278344422735639,0.284912109375,,,,2.422884464263916,0.21511197090148926,0.0,0.5,0.9624829888343811,0.96295166015625,7.70361328125,0.96295166015625,0.03704833984375,0.1411740630865097,0.00029864708913588306,0.9287232160568237,0.032986752688884735,0.9281372427940369,1314816,0.27516954205930233,14885.368378151616,,0.913818359375,0.93359375,0.9560546875,0.948486328125,0.976318359375,0.98388671875,0.994384765625,0.9970703125,0.9214798212051392,0.9291378259658813,0.9508343935012817,0.9515749216079712,0.9764574766159058,0.9837888479232788,0.9915177822113037,0.9950726628303528
340,train,2.372586727142334,10.72509933893057,0.305419921875,,,,2.372586727142334,0.21728107333183289,0.0,0.5,0.9657411575317383,0.96539306640625,7.72314453125,0.96539306640625,0.03460693359375,0.1297253966331482,0.0002983916476066029,0.7187865972518921,0.04293470457196236,0.7175031900405884,1396736,0.2838786253705621,14428.701684226033,,0.92138671875,0.9365234375,0.954345703125,0.952392578125,0.982666015625,0.986328125,0.993896484375,0.99560546875,0.9225560426712036,0.9351984262466431,0.9560930728912354,0.9535414576530457,0.9820042848587036,0.9875390529632568,0.9935186505317688,0.9954779148101807
360,train,2.317674398422241,10.152037237707384,0.318115234375,,,,2.317674398422241,0.22441178560256958,0.0,0.5,0.9736008644104004,0.97308349609375,7.78466796875,0.97308349609375,0.02691650390625,0.1057286411523819,0.0002981142734700209,0.6929967999458313,0.02752169966697693,0.6924501061439514,1478656,0.3304532081820071,12395.098303128001,,0.92724609375,0.939697265625,0.972412109375,0.973876953125,0.988037109375,0.990966796875,0.99609375,0.996337890625,0.9245609045028687,0.9463413953781128,0.9710091352462769,0.9719175100326538,0.9902832508087158,0.9927643537521362,0.9951685070991516,0.9967614412307739
380,train,2.326629877090454,10.243361908341496,0.314453125,,,,2.326629877090454,0.22806024551391602,0.0,0.5,0.9758737683296204,0.97705078125,7.81640625,0.97705078125,0.02294921875,0.09775149077177048,0.0002978150123327258,0.6972762942314148,0.029386766254901886,0.6966567635536194,1560576,0.27544837491586804,14870.300110687047,,0.93212890625,0.952880859375,0.974609375,0.978515625,0.99072265625,0.99560546875,0.994384765625,0.99755859375,0.9263187646865845,0.9488606452941895,0.9762558937072754,0.9766030311584473,0.9915804862976074,0.9942082762718201,0.9959545135498047,0.9972085952758789
400,train,2.304464817047119,10.018814918418094,0.33154296875,,,,2.304464817047119,0.2298852801322937,0.0,0.5,0.9778083562850952,0.97894287109375,7.83154296875,0.97894287109375,0.02105712890625,0.0909934788942337,0.0002974939134000249,0.9195830225944519,0.013810748234391212,0.9194793105125427,1642496,0.2698197909630835,15180.502458251518,,0.9287109375,0.95947265625,0.9814453125,0.980712890625,0.9931640625,0.994384765625,0.9970703125,0.99658203125,0.927492618560791,0.9504657983779907,0.9798207879066467,0.9829937219619751,0.992405891418457,0.9954224824905396,0.996366024017334,0.9974994659423828
420,train,2.297800064086914,9.95226401105442,0.32275390625,,,,2.297800064086914,0.23043225705623627,0.0,0.5,0.9801778793334961,0.97943115234375,7.83544921875,0.97943115234375,0.02056884765625,0.0827898234128952,0.0002971510294678535,0.81722491979599,0.022228671237826347,0.8169226050376892,1724416,0.27989595802500844,14634.009111464291,,0.926025390625,0.95458984375,0.98291015625,0.990966796875,0.99267578125,0.99560546875,0.99560546875,0.9970703125,0.9288010597229004,0.9575115442276001,0.9850073456764221,0.987436056137085,0.9939353466033936,0.9956007599830627,0.9962154030799866,0.996915340423584
440,train,2.2623634338378906,9.60576494977383,0.333984375,,,,2.2623634338378906,0.23154950141906738,0.0,0.5,0.9806489944458008,0.980682373046875,7.845458984375,0.980682373046875,0.019317626953125,0.08044839650392532,0.00029678641691409396,0.7552094459533691,0.015505775809288025,0.7550502419471741,1806336,0.31624341662973166,12952.04827867052,,0.929931640625,0.960693359375,0.985595703125,0.986572265625,0.991943359375,0.99658203125,0.996337890625,0.997802734375,0.930087685585022,0.9583501815795898,0.9861304759979248,0.9879539012908936,0.9935213923454285,0.9957730174064636,0.9961868524551392,0.9971884489059448
460,train,2.2377939224243164,9.372631710759581,0.33740234375,,,,2.2377939224243164,0.23511365056037903,0.0,0.5,0.9833692908287048,0.984405517578125,7.875244140625,0.984405517578125,0.015594482421875,0.0706646665930748,0.0002964001356893063,0.8974703550338745,0.02614886872470379,0.8970893621444702,1888256,0.33774820901453495,12127.377409198132,,0.932861328125,0.96826171875,0.99072265625,0.994140625,0.99658203125,0.997314453125,0.998046875,0.997314453125,0.931193470954895,0.9664205312728882,0.9901423454284668,0.9925351142883301,0.996644914150238,0.9965413212776184,0.9963215589523315,0.9971545934677124
480,train,2.2453274726867676,9.443507540949433,0.3310546875,,,,2.2453274726867676,0.2343297004699707,0.0,0.5,0.9835514426231384,0.983551025390625,7.868408203125,0.983551025390625,0.016448974609375,0.06911452114582062,0.00029599224930687063,0.7916251420974731,0.026737287640571594,0.7911734580993652,1970176,0.2863863748498261,14302.356395788174,,0.9296875,0.966552734375,0.990478515625,0.994140625,0.99560546875,0.99658203125,0.99755859375,0.997802734375,0.9327520728111267,0.963496208190918,0.9899488687515259,0.9932899475097656,0.9962900876998901,0.997427225112915,0.9972645044326782,0.9979427456855774
499,validation,,,,2.1981066846847535,9.007942468676788,0.350888671875,,0.25,,0.5,0.9855652785301209,1.0,8.0,1.0,0.0,0.06180561952292919,,,,,,,,4.554043541662395,1.0,1.0,1.0,1.0,1.0,1.0,1.0,1.0,0.9336555600166321,0.9715298414230347,0.9940825700759888,0.9955168962478638,0.9977973699569702,0.9972004890441895,0.9970229268074036,0.9977160096168518
500,train,2.2366456985473633,9.361876007398815,0.334228515625,,,,2.2366456985473633,0.23445048928260803,0.0,0.5,0.9842585325241089,0.983642578125,7.869140625,0.983642578125,0.016357421875,0.06708066165447235,0.00029556282483254393,0.8672322034835815,0.02427983656525612,0.8668922185897827,2052096,0.20536845782771707,19944.64020096076,,0.927001953125,0.96826171875,0.992431640625,0.995361328125,0.996826171875,0.996337890625,0.99658203125,0.996337890625,0.9337757229804993,0.9668663144111633,0.9915897846221924,0.9942838549613953,0.9970089197158813,0.996620237827301,0.9964140057563782,0.9975091218948364
520,train,2.2230119705200195,9.235104881279078,0.346435546875,,,,2.2234842777252197,0.23618817329406738,0.0019999999999999953,0.5,0.9856590032577515,0.985565185546875,7.884521484375,0.985565185546875,0.014434814453125,0.06110481917858124,0.00029511193287343353,0.6744674444198608,0.02223045565187931,0.6741009950637817,2134016,0.28079645801335573,14587.078587028256,,0.93798828125,0.9677734375,0.9931640625,0.994140625,0.998291015625,0.998291015625,0.997314453125,0.99755859375,0.9353704452514648,0.9704152345657349,0.9929283857345581,0.9952534437179565,0.9978790879249573,0.997774600982666,0.9975043535232544,0.998146653175354
540,train,2.172732353210449,8.782247489652095,0.353515625,,,,2.173680305480957,0.23701760172843933,0.0039999999999999975,0.5,0.9853434562683105,0.986480712890625,7.891845703125,0.986480712890625,0.013519287109375,0.06242528185248375,0.00029463964756638725,0.7780308127403259,0.03138977661728859,0.7773973345756531,2215936,0.3020518752746284,13560.584572685993,,0.940673828125,0.974609375,0.991943359375,0.993408203125,0.997314453125,0.997802734375,0.996826171875,0.999267578125,0.9367635250091553,0.9695460796356201,0.9924548864364624,0.9942830801010132,0.9967920780181885,0.9969431161880493,0.9976712465286255,0.9982936382293701
560,train,2.145017623901367,8.542191782712928,0.36962890625,,,,2.1464247703552246,0.234531968832016,0.005999999999999999,0.5,0.9850473999977112,0.98382568359375,7.87060546875,0.98382568359375,0.01617431640625,0.06358082592487335,0.0002941460465658037,0.7615943551063538,0.017636891454458237,0.7613900899887085,2297856,0.27974308282136917,14642.006367733902,,0.9345703125,0.965576171875,0.9921875,0.99169921875,0.994384765625,0.996337890625,0.997314453125,0.99853515625,0.9377647042274475,0.9695277214050293,0.9924300909042358,0.9937803745269775,0.9958288669586182,0.9965729713439941,0.997142493724823,0.9973320364952087
580,train,2.140519618988037,8.503855245705122,0.3662109375,,,,2.142411708831787,0.23650652170181274,0.008000000000000002,0.5,0.9861583709716797,0.985870361328125,7.886962890625,0.985870361328125,0.014129638671875,0.05915186554193497,0.00029363121103086404,0.7749624252319336,0.02022838033735752,0.7746983766555786,2379776,0.3038439997471869,13480.601899027371,,0.934814453125,0.972900390625,0.99267578125,0.993896484375,0.997314453125,0.998046875,0.998291015625,0.9990234375,0.9391896724700928,0.9717623591423035,0.9937739372253418,0.994408369064331,0.9969294667243958,0.9973398447036743,0.9979689121246338,0.9978941679000854
600,train,2.106999397277832,8.223528684264766,0.381591796875,,,,2.1093738079071045,0.23743495345115662,0.009999999999999997,0.5,0.9866489171981812,0.986907958984375,7.895263671875,0.986907958984375,0.013092041015625,0.057550475001335144,0.0002930952256121879,0.7916246652603149,0.019246410578489304,0.7913907170295715,2461696,0.28357474971562624,14444.163325922145,,0.941650390625,0.972900390625,0.99365234375,0.996337890625,0.997314453125,0.996826171875,0.998046875,0.99853515625,0.94035804271698,0.9741908311843872,0.9940686225891113,0.9941612482070923,0.9969526529312134,0.9972341656684875,0.9979396462440491,0.9982863068580627
620,train,2.1172194480895996,8.308004503566417,0.37353515625,,,,2.1200602054595947,0.23673421144485474,0.011999999999999999,0.5,0.9866281747817993,0.986175537109375,7.889404296875,0.986175537109375,0.013824462890625,0.05797482281923294,0.0002925381784379147,0.7504544854164124,0.02371671237051487,0.7500796318054199,2543616,0.2762430836446583,14827.520551677724,,0.94091796875,0.970458984375,0.9931640625,0.994140625,0.998291015625,0.997314453125,0.998779296875,0.996337890625,0.9420942068099976,0.9718371629714966,0.994032621383667,0.9946486353874207,0.9967291355133057,0.9976757168769836,0.9979803562164307,0.9980276823043823
640,train,2.0777409076690674,7.9864064899827945,0.381103515625,,,,2.0810506343841553,0.23641198873519897,0.014,0.5,0.9864317774772644,0.98583984375,7.88671875,0.98583984375,0.01416015625,0.05888376384973526,0.0002919601610992131,0.7818077206611633,0.008411761373281479,0.7817624807357788,2625536,0.27675179205834866,14800.265499767476,,0.941650390625,0.967529296875,0.99462890625,0.99267578125,0.9951171875,0.996826171875,0.99951171875,0.998779296875,0.9427215456962585,0.9726270437240601,0.9935622811317444,0.9932441115379333,0.9964030385017395,0.9972696304321289,0.9979645609855652,0.9976622462272644
660,train,2.0290374755859375,7.606761140685035,0.39990234375,,,,2.03285551071167,0.2386254072189331,0.016000000000000004,0.5,0.9871020913124084,0.988250732421875,7.906005859375,0.988250732421875,0.011749267578125,0.056249722838401794,0.00029136126863522205,0.8264841437339783,0.00918947160243988,0.8264330625534058,2707456,0.2847413751296699,14384.983559676568,,0.953369140625,0.972900390625,0.993896484375,0.99462890625,0.996337890625,0.998779296875,0.997802734375,0.998291015625,0.9441509246826172,0.973740816116333,0.9947577714920044,0.9943559169769287,0.9964017868041992,0.9976565837860107,0.9979975819587708,0.997755229473114
680,train,2.053431749343872,7.794604389111398,0.3916015625,,,,2.0577101707458496,0.23769313097000122,0.018000000000000006,0.5,0.9869629144668579,0.9871826171875,7.8974609375,0.9871826171875,0.0128173828125,0.056901611387729645,0.00029074159951742346,0.8552652597427368,0.031688157469034195,0.8546779751777649,2789376,0.2786844172514975,14697.628379786958,,0.942138671875,0.974609375,0.9951171875,0.992919921875,0.99658203125,0.998046875,0.998779296875,0.999267578125,0.9449151754379272,0.9732636213302612,0.9939769506454468,0.9943587779998779,0.9954383969306946,0.9975892901420593,0.9980487823486328,0.9981129169464111
700,train,2.0477123260498047,7.750150992276118,0.393310546875,,,,2.052452802658081,0.23702454566955566,0.020000000000000007,0.5,0.9875646233558655,0.98651123046875,7.89208984375,0.98651123046875,0.01348876953125,0.05444967746734619,0.0002901012556334517,0.8546493649482727,0.023287102580070496,0.8543320298194885,2871296,0.27583962492644787,14849.20812625159,,0.94287109375,0.972900390625,0.99462890625,0.99365234375,0.99560546875,0.996826171875,0.997314453125,0.998291015625,0.9464678764343262,0.9752033352851868,0.9948517084121704,0.9943699836730957,0.9958634972572327,0.9976707696914673,0.9980258941650391,0.9980639219284058
720,train,2.00376033782959,7.416893752793521,0.410888671875,,,,2.0090019702911377,0.238254576921463,0.021999999999999995,0.5,0.987453281879425,0.987823486328125,7.902587890625,0.987823486328125,0.012176513671875,0.055383145809173584,0.00028944034227034083,0.8309327960014343,0.015458936803042889,0.8307889699935913,2953216,0.26484333258122206,15465.747089343246,,0.947509765625,0.975341796875,0.995361328125,0.993896484375,0.996337890625,0.9990234375,0.9970703125,0.998046875,0.947662889957428,0.9715912342071533,0.9947097897529602,0.9948520660400391,0.9967293739318848,0.9979262351989746,0.9979634284973145,0.998191237449646
740,train,2.005244731903076,7.42791152125588,0.39599609375,,,,2.010976791381836,0.23883867263793945,0.023999999999999997,0.5,0.9883718490600586,0.98846435546875,7.90771484375,0.98846435546875,0.01153564453125,0.05158466100692749,0.00028875896809721314,0.9293980002403259,0.027291323989629745,0.9289972186088562,3035136,0.3124253749847412,13110.330747622686,,0.953857421875,0.9716796875,0.995849609375,0.99560546875,0.99609375,0.9970703125,0.998779296875,0.998779296875,0.9490692615509033,0.9748791456222534,0.9953391551971436,0.9958720207214355,0.9971400499343872,0.997870147228241,0.9984179139137268,0.9983871579170227
749,validation,,,,2.0196720004081725,7.535852771616852,0.4017822265625,,0.25,,0.5,0.9886560046672821,1.0,8.0,1.0,0.0,0.05035093955695629,,,,,,,,4.264233125373721,1.0,1.0,1.0,1.0,1.0,1.0,1.0,1.0,0.949267566204071,0.9749753475189209,0.9958093762397766,0.9962182641029358,0.9973095059394836,0.9981343746185303,0.9987413883209229,0.998792290687561
760,train,1.9577850103378296,7.083619531533238,0.414794921875,,,,1.9639852046966553,0.23846834897994995,0.026000000000000002,0.5,0.9879375696182251,0.988067626953125,7.904541015625,0.988067626953125,0.011932373046875,0.053648628294467926,0.00028805724514741114,0.7524160146713257,0.02360769361257553,0.7520455718040466,3117056,0.2892532907426357,14160.599485260247,,0.949462890625,0.976318359375,0.994384765625,0.994873046875,0.995361328125,0.99755859375,0.998291015625,0.998291015625,0.949866533279419,0.9725285768508911,0.9945365190505981,0.9951802492141724,0.9970393180847168,0.997580885887146,0.9985337257385254,0.9982349872589111
780,train,1.9667574167251587,7.147462629471345,0.42626953125,,,,1.973451018333435,0.2390555441379547,0.028,0.5,0.9881194233894348,0.988677978515625,7.909423828125,0.988677978515625,0.011322021484375,0.052573446184396744,0.0002873352888000772,0.7684212923049927,0.01599278301000595,0.768254816532135,3198976,0.2727591251023114,15016.91281075784,,0.95068359375,0.97705078125,0.9970703125,0.99658203125,0.9951171875,0.996826171875,0.998291015625,0.997802734375,0.9513248205184937,0.9738234281539917,0.9954431653022766,0.9949996471405029,0.9952718615531921,0.9971354603767395,0.9983698129653931,0.9985870122909546
800,train,1.9942448139190674,7.346652842475104,0.40869140625,,,,2.001415967941284,0.23904019594192505,0.030000000000000002,0.5,0.9881066679954529,0.9886474609375,7.9091796875,0.9886474609375,0.0113525390625,0.05306420475244522,0.00028659321776118243,0.8344436287879944,0.024358326569199562,0.8340880274772644,3280896,0.337143249809742,12149.138392393948,,0.9501953125,0.975341796875,0.99609375,0.99560546875,0.99853515625,0.9970703125,0.9990234375,0.997314453125,0.9523067474365234,0.9719922542572021,0.9951997995376587,0.9957685470581055,0.9960477948188782,0.9969322681427002,0.9981697797775269,0.998435378074646
820,train,2.0322890281677246,7.631535179729224,0.399658203125,,,,2.0399439334869385,0.23921427130699158,0.03200000000000001,0.5,0.9890933632850647,0.988861083984375,7.910888671875,0.988861083984375,0.011138916015625,0.04875124990940094,0.0002858311540440085,0.7428503036499023,0.01974831335246563,0.7425877451896667,3362816,0.2832612916827202,14460.147292514337,,0.95654296875,0.97021484375,0.995849609375,0.996337890625,0.996826171875,0.997802734375,0.999267578125,0.998046875,0.9533708095550537,0.9745646715164185,0.9960654973983765,0.996106743812561,0.9968323707580566,0.9981043338775635,0.9988303780555725,0.9988717436790466
840,train,1.951453447341919,7.038910835552128,0.42041015625,,,,1.9595701694488525,0.23872849345207214,0.034,0.5,0.9885187149047852,0.988372802734375,7.906982421875,0.988372802734375,0.011627197265625,0.051383376121520996,0.0002850492229490863,0.8551523089408875,0.015480384230613708,0.8550121784210205,3444736,0.2749769161455333,14895.79582684739,,0.953857421875,0.97509765625,0.99609375,0.993408203125,0.995849609375,0.997802734375,0.99853515625,0.996337890625,0.9539728164672852,0.9730806350708008,0.9958835244178772,0.9942141175270081,0.9969733953475952,0.9974335432052612,0.9983462691307068,0.9982454776763916
860,train,1.9773976802825928,7.223919555196882,0.41455078125,,,,1.9859870672225952,0.23859372735023499,0.03599999999999999,0.5,0.988772451877594,0.988189697265625,7.905517578125,0.988189697265625,0.011810302734375,0.05049300938844681,0.00028424755304359324,0.8128401041030884,0.011628684587776661,0.8127569556236267,3526656,0.2763644168153405,14821.010777001875,,0.950439453125,0.9736328125,0.9970703125,0.992919921875,0.996826171875,0.9970703125,0.999267578125,0.998291015625,0.9552348852157593,0.9728347063064575,0.9957689046859741,0.9947906732559204,0.9965627193450928,0.997564435005188,0.9985703229904175,0.9988532662391663
880,train,1.8713639974594116,6.497152457538676,0.44384765625,,,,1.880408525466919,0.23801463842391968,0.038,0.5,0.9881542325019836,0.98760986328125,7.90087890625,0.98760986328125,0.01239013671875,0.05270581319928169,0.00028342627614021435,0.8194266557693481,0.02710849419236183,0.8189781308174133,3608576,0.31502204155549407,13002.264793203212,,0.95166015625,0.97216796875,0.99560546875,0.9912109375,0.995849609375,0.996826171875,0.99853515625,0.9990234375,0.9559389352798462,0.9709779024124146,0.9958622455596924,0.9915738105773926,0.9963644742965698,0.9970515966415405,0.9986037015914917,0.9988608360290527
900,train,1.9409914016723633,6.965653308916632,0.425048828125,,,,1.950552225112915,0.2390214502811432,0.039999999999999994,0.5,0.9883155226707458,0.98870849609375,7.90966796875,0.98870849609375,0.01129150390625,0.05177164822816849,0.0002825855272754691,0.9626636505126953,0.03377585858106613,0.9620709419250488,3690496,0.3230176670476794,12680.420973368633,,0.958251953125,0.9755859375,0.994384765625,0.989501953125,0.995849609375,0.998046875,0.9990234375,0.9990234375,0.9568127393722534,0.9733807444572449,0.9959393739700317,0.9898272752761841,0.9959973096847534,0.9974474906921387,0.9985713362693787,0.9985479116439819
920,train,1.901085615158081,6.693156691922034,0.42626953125,,,,1.911080002784729,0.2379625141620636,0.042,0.5,0.9883722066879272,0.98760986328125,7.90087890625,0.98760986328125,0.01239013671875,0.05238228291273117,0.0002817254446875081,0.8038133978843689,0.032058507204055786,0.803173840045929,3772416,0.2958652079105377,13844.142165031208,,0.957763671875,0.969970703125,0.995361328125,0.992431640625,0.9951171875,0.99609375,0.99658203125,0.99755859375,0.9577919244766235,0.9714035987854004,0.9954535961151123,0.9918956756591797,0.9962114095687866,0.9970475435256958,0.9986255168914795,0.9985483884811401
940,train,1.911752462387085,6.76493370849552,0.427978515625,,,,1.92226243019104,0.23886194825172424,0.044000000000000004,0.5,0.9884675145149231,0.988525390625,7.908203125,0.988525390625,0.011474609375,0.05178290605545044,0.00028084616979338407,0.9312621355056763,0.017414959147572517,0.9310992956161499,3854336,0.28968412475660443,14139.539070156161,,0.95849609375,0.970947265625,0.99560546875,0.990478515625,0.99755859375,0.997314453125,0.999267578125,0.99853515625,0.9588961601257324,0.9687089920043945,0.995878279209137,0.9926270246505737,0.9966535568237305,0.9974451661109924,0.998687744140625,0.9988433122634888
960,train,1.9049274921417236,6.718920435441827,0.4345703125,,,,1.9158532619476318,0.23751741647720337,0.046000000000000006,0.5,0.988394021987915,0.987091064453125,7.896728515625,0.987091064453125,0.012908935546875,0.05219205841422081,0.00027994784716579927,0.8344513773918152,0.01699557900428772,0.8342782855033875,3936256,0.2755622500553727,14864.155010989101,,0.960693359375,0.95849609375,0.995361328125,0.989990234375,0.99658203125,0.9970703125,0.99951171875,0.9990234375,0.9594585299491882,0.9687790274620056,0.9953668117523193,0.9919897317886353,0.9969070553779602,0.9970321655273438,0.9987209439277649,0.9988975524902344
980,train,1.867835283279419,6.474266266693163,0.443603515625,,,,1.8793200254440308,0.23926544189453125,0.04800000000000001,0.5,0.9884695410728455,0.98895263671875,7.91162109375,0.98895263671875,0.01104736328125,0.05171515420079231,0.00027903062450933475,0.857879638671875,0.018131479620933533,0.8576880097389221,4018176,0.28473795810714364,14385.1561879176,,0.9609375,0.97021484375,0.99658203125,0.992431640625,0.9970703125,0.997314453125,0.998046875,0.9990234375,0.9604060649871826,0.9679816365242004,0.9953303337097168,0.9914720058441162,0.9977470636367798,0.9974818825721741,0.9986424446105957,0.9986947774887085
999,validation,,,,1.9348113894462586,6.922738230744887,0.4269580078125,,0.25,,0.5,0.9894264662265777,1.0,8.0,1.0,0.0,0.04764742903411388,,,,,,,,6.4236912918277085,1.0,1.0,1.0,1.0,1.0,1.0,1.0,1.0,0.9613711833953857,0.9724339842796326,0.9969878196716309,0.9916207194328308,0.9975692629814148,0.9977907538414001,0.9987261295318604,0.9989114999771118
1000,train,1.8285393714904785,6.2247879125077,0.459716796875,,,,1.8404830694198608,0.23887452483177185,0.05000000000000002,0.5,0.9889228343963623,0.988525390625,7.908203125,0.988525390625,0.011474609375,0.05015244707465172,0.0002780946526361643,0.8670087456703186,0.0172480009496212,0.866837203502655,4100096,0.19978612521663308,20501.924223009006,,0.9580078125,0.96923828125,0.996826171875,0.992919921875,0.997314453125,0.997314453125,0.9970703125,0.99951171875,0.9613640904426575,0.9709717035293579,0.9961419701576233,0.9913764595985413,0.9971981048583984,0.9973626136779785,0.9983816146850586,0.9985859394073486
1020,train,1.8317588567733765,6.244860820458932,0.464111328125,,,,1.844118356704712,0.2376834750175476,0.052000000000000005,0.5,0.9887429475784302,0.9873046875,7.8984375,0.9873046875,0.0126953125,0.051037926226854324,0.0002771400854412573,0.8412147760391235,0.00936590600758791,0.8411626219749451,4182016,0.27884891629219055,14688.957929131864,,0.961181640625,0.963134765625,0.994873046875,0.98974609375,0.996337890625,0.99609375,0.998291015625,0.998779296875,0.962540328502655,0.969115138053894,0.9960240125656128,0.9917001724243164,0.9966645836830139,0.9962321519851685,0.9985399842262268,0.9991276264190674
1040,train,1.8880994319915771,6.606800068226963,0.432373046875,,,,1.9010262489318848,0.2393859624862671,0.054,0.5,0.9890697598457336,0.98907470703125,7.91259765625,0.98907470703125,0.01092529296875,0.04978771135210991,0.00027616707987707535,0.735055148601532,0.012144065462052822,0.734954833984375,4263936,0.2771432497538626,14779.360506300452,,0.962646484375,0.96826171875,0.997314453125,0.992431640625,0.99658203125,0.996826171875,0.9990234375,0.99951171875,0.9631651639938354,0.9703353643417358,0.9963708519935608,0.9913041591644287,0.9964615106582642,0.997079074382782,0.9986863136291504,0.9991559982299805
1060,train,1.7987860441207886,6.042307915152205,0.458740234375,,,,1.8121421337127686,0.2385011613368988,0.056,0.5,0.9882518649101257,0.9881591796875,7.9052734375,0.9881591796875,0.0118408203125,0.05256471782922745,0.00027517579592776516,0.7484545111656189,0.011488900519907475,0.7483662962913513,4345856,0.27413345826789737,14941.627431691237,,0.960205078125,0.9677734375,0.996337890625,0.99267578125,0.99560546875,0.9951171875,0.999267578125,0.998291015625,0.963674008846283,0.965035617351532,0.9955730438232422,0.9904991388320923,0.9966978430747986,0.9969269633293152,0.9986459016799927,0.9989629983901978
1080,train,1.8502469062805176,6.361389995856797,0.440185546875,,,,1.8640797138214111,0.23849743604660034,0.058,0.5,0.9886814951896667,0.9881591796875,7.9052734375,0.9881591796875,0.0118408203125,0.05060788616538048,0.00027416639658285407,0.903089165687561,0.010154101066291332,0.9030320644378662,4427776,0.30499933287501335,13429.537571082206,,0.96435546875,0.96435546875,0.99560546875,0.98876953125,0.996826171875,0.997314453125,0.99951171875,0.99853515625,0.9645435810089111,0.9637953639030457,0.996314525604248,0.991960883140564,0.9974605441093445,0.9975234270095825,0.9987879991531372,0.9990658164024353
1100,train,1.832207441329956,6.2476627969956935,0.452392578125,,,,1.846515417098999,0.23846560716629028,0.060000000000000005,0.5,0.988298237323761,0.988128662109375,7.905029296875,0.988128662109375,0.011871337890625,0.05204597860574722,0.00027313904781045063,0.8418386578559875,0.02298150584101677,0.8415249586105347,4509696,0.28234366700053215,14507.143168868313,,0.966552734375,0.962646484375,0.99658203125,0.98779296875,0.99658203125,0.998779296875,0.998046875,0.998046875,0.9653152227401733,0.964653730392456,0.9955225586891174,0.989696741104126,0.9963178634643555,0.9969154000282288,0.9988059401512146,0.9991583824157715
1120,train,1.8014177083969116,6.058230182880087,0.455078125,,,,1.8162840604782104,0.23977968096733093,0.06200000000000001,0.5,0.9887344241142273,0.989501953125,7.916015625,0.989501953125,0.010498046875,0.05064184218645096,0.00027209391852995554,0.7667956948280334,0.009000943973660469,0.7667428851127625,4591616,0.3029748327098787,13519.27473105408,,0.970458984375,0.96484375,0.997802734375,0.990478515625,0.9970703125,0.998779296875,0.997314453125,0.999267578125,0.9659926891326904,0.9644068479537964,0.9964463114738464,0.990375816822052,0.9973273277282715,0.9976309537887573,0.9986228942871094,0.9990726709365845
1140,train,1.7898900508880615,5.988793967604778,0.466796875,,,,1.80518639087677,0.23900476098060608,0.06400000000000002,0.5,0.9884529113769531,0.988677978515625,7.909423828125,0.988677978515625,0.011322021484375,0.05111443251371384,0.00027103118058428784,0.8148653507232666,0.01192629337310791,0.8147780895233154,4673536,0.282215166836977,14513.748661729704,,0.9697265625,0.960205078125,0.995849609375,0.990966796875,0.9970703125,0.998291015625,0.998291015625,0.9990234375,0.9666528701782227,0.9622451066970825,0.996210515499115,0.9906970858573914,0.9963080883026123,0.9975563287734985,0.9988194108009338,0.9991341829299927
1160,train,1.7771464586257935,5.912959447526185,0.4697265625,,,,1.7928831577301025,0.23843497037887573,0.06600000000000002,0.5,0.9879510402679443,0.98809814453125,7.90478515625,0.98809814453125,0.01190185546875,0.05323992297053337,0.00026995100871162977,0.7626828551292419,0.00878982525318861,0.7626321911811829,4755456,0.28336283285170794,14454.965595800479,,0.9677734375,0.961669921875,0.99658203125,0.98828125,0.996337890625,0.9951171875,0.999267578125,0.999755859375,0.967531144618988,0.9608243703842163,0.9960957169532776,0.9886496663093567,0.9960026144981384,0.9966891407966614,0.9986151456832886,0.9992002844810486
1180,train,1.7959709167480469,6.025321968764758,0.45654296875,,,,1.8122471570968628,0.2393561601638794,0.068,0.5,0.9882857203483582,0.989044189453125,7.912353515625,0.989044189453125,0.010955810546875,0.05184067040681839,0.0002688535805166958,0.8090059757232666,0.019190797582268715,0.8087783455848694,4837376,0.28476058412343264,14384.013196940708,,0.969970703125,0.96142578125,0.99853515625,0.9912109375,0.99658203125,0.996337890625,0.998779296875,0.99951171875,0.9679704904556274,0.9611096382141113,0.9963222146034241,0.9891781806945801,0.996832013130188,0.9968584775924683,0.9987663626670837,0.9992481470108032
1200,train,1.7638025283813477,5.834581427534724,0.468994140625,,,,1.7804902791976929,0.23839673399925232,0.06999999999999999,0.5,0.9880021214485168,0.988037109375,7.904296875,0.988037109375,0.011962890625,0.05236149579286575,0.00026773907644153075,0.8758121728897095,0.012963986024260521,0.8757162094116211,4919296,0.2910002921707928,14075.587242352289,,0.97216796875,0.955810546875,0.996826171875,0.98974609375,0.99560546875,0.99658203125,0.998291015625,0.999267578125,0.968263566493988,0.9596379399299622,0.9961910247802734,0.9890461564064026,0.9966470003128052,0.9966534376144409,0.9985700845718384,0.9990078806877136
1220,train,1.7695717811584473,5.86833988955367,0.466552734375,,,,1.786651372909546,0.23721671104431152,0.07200000000000001,0.5,0.9867677688598633,0.98675537109375,7.89404296875,0.98675537109375,0.01324462890625,0.05628003180027008,0.00026660767973584067,0.8078485131263733,0.009803942404687405,0.8077890276908875,5001216,0.2957833749242127,13847.972358316287,,0.971435546875,0.94873046875,0.996337890625,0.985595703125,0.995849609375,0.997314453125,0.9990234375,0.999755859375,0.9689308404922485,0.9533206224441528,0.9952716827392578,0.9862937927246094,0.9961757063865662,0.9963805675506592,0.9985504150390625,0.9992190003395081
1240,train,1.8013942241668701,6.058087911679399,0.46240234375,,,,1.8189812898635864,0.2376631796360016,0.07400000000000001,0.5,0.9870718121528625,0.987274169921875,7.898193359375,0.987274169921875,0.012725830078125,0.05559735745191574,0.00026545957642686263,0.8445872068405151,0.012760121375322342,0.8444907665252686,5083136,0.28048583306372166,14603.233094733372,,0.97216796875,0.95458984375,0.996826171875,0.9853515625,0.99462890625,0.995361328125,0.999267578125,1.0,0.9694799184799194,0.9556638598442078,0.9951874613761902,0.9862052202224731,0.9962878823280334,0.9957799911499023,0.9987421035766602,0.9992278814315796
1249,validation,,,,1.8570073008537293,6.404541197492968,0.448525390625,,0.2499908459186554,,0.5,0.9874948751926422,0.9999908447265625,7.9999267578125,0.9999908447265625,9.1552734375e-06,0.05345741711556912,,,,,,,,4.283432083204389,1.0,1.0,1.0,0.999926745891571,1.0,1.0,1.0,1.0,0.9698683023452759,0.9535901546478271,0.9964043498039246,0.9888714551925659,0.9966719746589661,0.9961763024330139,0.998943567276001,0.9994329214096069
1260,train,1.7642202377319336,5.837019095836738,0.454345703125,,,,1.7822046279907227,0.23663663864135742,0.07600000000000001,0.5,0.9862650036811829,0.986175537109375,7.889404296875,0.986175537109375,0.013824462890625,0.05810842663049698,0.0002642949552887775,0.8192735314369202,0.011315182782709599,0.8191953897476196,5165056,0.30153820803388953,13583.68488924513,,0.970947265625,0.94921875,0.995361328125,0.98583984375,0.995361328125,0.996337890625,0.9970703125,0.999267578125,0.9701663255691528,0.9502507448196411,0.9952408671379089,0.9859904050827026,0.995745062828064,0.9951355457305908,0.9984345436096191,0.9991561770439148
1280,train,1.796020269393921,6.025619341684169,0.453125,,,,1.8146487474441528,0.23882707953453064,0.07800000000000001,0.5,0.9874032139778137,0.988525390625,7.908203125,0.988525390625,0.011474609375,0.05398287624120712,0.0002631140078116713,0.8858740329742432,0.008711029775440693,0.8858311176300049,5246976,0.2915283748880029,14050.090326794329,,0.970703125,0.96337890625,0.99560546875,0.98681640625,0.998046875,0.996337890625,0.998291015625,0.9990234375,0.9708268642425537,0.9553240537643433,0.9957770109176636,0.9867476224899292,0.996553897857666,0.9959301948547363,0.998737633228302,0.9993281960487366
1300,train,1.719066858291626,5.579319738462048,0.47802734375,,,,1.7380465269088745,0.23724612593650818,0.08,0.5,0.986923336982727,0.986846923828125,7.894775390625,0.986846923828125,0.013153076171875,0.05504494905471802,0.0002619169281700499,0.8738971948623657,0.007653793320059776,0.873863697052002,5328896,0.27175883296877146,15072.187186168416,,0.968017578125,0.957763671875,0.9970703125,0.981201171875,0.997314453125,0.996337890625,0.998779296875,0.998291015625,0.9714517593383789,0.9532129168510437,0.9956726431846619,0.9834094047546387,0.9968433976173401,0.9966685175895691,0.9988607168197632,0.9992672204971313
1320,train,1.7206611633300781,5.588221970583328,0.475830078125,,,,1.7399556636810303,0.23529833555221558,0.08200000000000002,0.5,0.9849131107330322,0.9847412109375,7.8779296875,0.9847412109375,0.0152587890625,0.060977064073085785,0.00026070391319091236,0.8116188645362854,0.013086828403174877,0.811513364315033,5410816,0.2810289580374956,14575.010449469413,,0.970947265625,0.94384765625,0.994140625,0.98046875,0.9951171875,0.99609375,0.997802734375,0.99951171875,0.9719064235687256,0.9450514912605286,0.9945341944694519,0.9786852598190308,0.9954925775527954,0.9954561591148376,0.9988189935684204,0.9993603229522705
1340,train,1.759648323059082,5.81039365358977,0.474853515625,,,,1.7794709205627441,0.23598304390907288,0.08400000000000002,0.5,0.9851589798927307,0.985504150390625,7.884033203125,0.985504150390625,0.014495849609375,0.06019516661763191,0.00025947516232138784,0.8612585067749023,0.014839280396699905,0.8611306548118591,5492736,0.27748545864596963,14761.133862606795,,0.97216796875,0.9501953125,0.99365234375,0.977783203125,0.996826171875,0.994384765625,0.99951171875,0.99951171875,0.9721204042434692,0.9433094263076782,0.9945676326751709,0.9801557064056396,0.9968982934951782,0.9961774945259094,0.9987905025482178,0.9992519617080688
1360,train,1.6780400276184082,5.355049928746378,0.495849609375,,,,1.6983389854431152,0.2360340654850006,0.08600000000000002,0.5,0.9842607378959656,0.98553466796875,7.88427734375,0.98553466796875,0.01446533203125,0.06337187439203262,0.00025823087759594256,0.8593218922615051,0.017132272943854332,0.8591510653495789,5574656,0.2898936253041029,14129.32069721517,,0.9755859375,0.9462890625,0.994873046875,0.979248046875,0.99560546875,0.993896484375,0.999267578125,0.99951171875,0.9727176427841187,0.9415202736854553,0.9944583773612976,0.9781904816627502,0.994985044002533,0.9941631555557251,0.99874347448349,0.9993075728416443
1380,train,1.6891295909881592,5.414765592621858,0.489990234375,,,,1.7097467184066772,0.23428568243980408,0.08800000000000001,0.5,0.9844287633895874,0.983673095703125,7.869384765625,0.983673095703125,0.016326904296875,0.061950404196977615,0.0002569712636031599,0.8465029001235962,0.011251191608607769,0.8464280962944031,5656576,0.2930783750489354,13975.783779052581,,0.9736328125,0.9423828125,0.99365234375,0.971923828125,0.994140625,0.995361328125,0.9990234375,0.999267578125,0.9730099439620972,0.9428644776344299,0.9947468638420105,0.9765278100967407,0.9947696328163147,0.9954732656478882,0.9987760782241821,0.9992618560791016
1400,train,1.728033185005188,5.629570688634944,0.4736328125,,,,1.7493749856948853,0.237131267786026,0.09000000000000002,0.5,0.984779953956604,0.98663330078125,7.89306640625,0.98663330078125,0.01336669921875,0.06106266751885414,0.0002556965274521024,0.8063048720359802,0.012966416776180267,0.8062005639076233,5738496,0.27023970801383257,15156.913949116393,,0.9775390625,0.944091796875,0.99658203125,0.98193359375,0.996826171875,0.998291015625,0.998779296875,0.9990234375,0.9736338257789612,0.9398412704467773,0.9945574998855591,0.9804948568344116,0.9957801103591919,0.9956033229827881,0.998961329460144,0.9993678331375122
1420,train,1.6958601474761963,5.4513328994318595,0.484619140625,,,,1.7173943519592285,0.23406758904457092,0.09199999999999998,0.5,0.9841616153717041,0.9833984375,7.8671875,0.9833984375,0.0166015625,0.06229401007294655,0.0002544068787382575,0.8118343353271484,0.008067828603088856,0.8117942214012146,5820416,0.29757166700437665,13764.751332793241,,0.971923828125,0.938232421875,0.994140625,0.97412109375,0.994384765625,0.99658203125,0.998779296875,0.9990234375,0.9742074012756348,0.9372313618659973,0.9946749806404114,0.9775167107582092,0.9947878122329712,0.9963453412055969,0.9990190863609314,0.9995100498199463
1440,train,1.6661758422851562,5.29189202330529,0.494384765625,,,,1.6881927251815796,0.23422226309776306,0.094,0.5,0.9831140041351318,0.983551025390625,7.868408203125,0.983551025390625,0.016448974609375,0.06445546448230743,0.00025310252950907575,0.7611413598060608,0.006354058627039194,0.7611148357391357,5902336,0.2750110002234578,14893.949684455642,,0.9765625,0.935546875,0.992431640625,0.9765625,0.99365234375,0.995849609375,0.998779296875,0.9990234375,0.9747688174247742,0.9360499978065491,0.9939978122711182,0.9721280336380005,0.9945920705795288,0.9949791431427002,0.9989157915115356,0.9994804859161377
1460,train,1.725528359413147,5.615487241554654,0.481201171875,,,,1.747830867767334,0.23231729865074158,0.096,0.5,0.9818717241287231,0.9813232421875,7.8505859375,0.9813232421875,0.0186767578125,0.06744058430194855,0.0002517836942291053,0.96331787109375,0.008913497440516949,0.9632766842842102,5984256,0.2687397082336247,15241.513905489568,,0.977294921875,0.919189453125,0.994873046875,0.97119140625,0.994873046875,0.995361328125,0.99853515625,0.999267578125,0.9752810001373291,0.9284756183624268,0.9946343898773193,0.9702819585800171,0.9939670562744141,0.9943209886550903,0.9986891746520996,0.9993240833282471
1480,train,1.6766833066940308,5.347789546726742,0.50048828125,,,,1.6993677616119385,0.23147428035736084,0.098,0.5,0.9801490902900696,0.980438232421875,7.843505859375,0.980438232421875,0.019561767578125,0.07189066708087921,0.000250450589744729,0.8223677277565002,0.007857441902160645,0.8223302364349365,6066176,0.27254558308050036,15028.678702858251,,0.97802734375,0.91748046875,0.991943359375,0.97119140625,0.993408203125,0.992431640625,0.99951171875,0.99951171875,0.9757252335548401,0.914688229560852,0.9930543303489685,0.972263514995575,0.9934974908828735,0.9936866760253906,0.9988804459571838,0.9993968605995178
1499,validation,,,,1.7932061529159546,6.008686383837327,0.4680859375,,0.2475704389810562,,0.5,0.9776803529262543,0.997535400390625,7.980283203125,0.997535400390625,0.002464599609375,0.07551132336258888,,,,,,,,4.309708250220865,1.0,0.9999951124191284,1.0,0.9835790991783142,0.9996142387390137,0.9970947504043579,1.0,1.0,0.9760611057281494,0.915496289730072,0.9935823678970337,0.9589797258377075,0.990445613861084,0.9885930418968201,0.9987928867340088,0.9994915127754211
1500,train,1.7022089958190918,5.486052683976959,0.4912109375,,,,1.7251545190811157,0.22945497930049896,0.1,0.5,0.9780928492546082,0.9783935546875,7.8271484375,0.9783935546875,0.0216064453125,0.07621121406555176,0.00024910343524851006,0.8239009380340576,0.013078059069812298,0.8237971663475037,6148096,0.2284324588254094,17930.901856336302,,0.973876953125,0.921142578125,0.99072265625,0.96435546875,0.990234375,0.98828125,0.99951171875,0.9990234375,0.9761300086975098,0.917975902557373,0.9930088520050049,0.9593100547790527,0.990978479385376,0.9894348382949829,0.9985834360122681,0.9993215799331665
1520,train,1.6281781196594238,5.094584534897428,0.513916015625,,,,1.6511844396591187,0.23006334900856018,0.1,0.5,0.9796717762947083,0.97906494140625,7.83251953125,0.97906494140625,0.02093505859375,0.07373768091201782,0.0002477424522431518,0.9943611025810242,0.01232974138110876,0.9942846298217773,6230016,0.26327566616237164,15557.837378992133,,0.97216796875,0.9248046875,0.992919921875,0.96337890625,0.9892578125,0.9931640625,0.998291015625,0.99853515625,0.9763403534889221,0.9207842350006104,0.9926257133483887,0.9658269882202148,0.9911141395568848,0.9931427240371704,0.9983493089675903,0.9991912245750427
1540,train,1.6868808269500732,5.402602743297152,0.49609375,,,,1.7099634408950806,0.23082566261291504,0.1,0.5,0.9790672063827515,0.9798583984375,7.8388671875,0.9798583984375,0.0201416015625,0.07481773942708969,0.00024636786450507755,0.8414270281791687,0.01018307264894247,0.841365396976471,6311936,0.28171825036406517,14539.34913590699,,0.980712890625,0.920654296875,0.988525390625,0.97509765625,0.985595703125,0.989501953125,0.9990234375,0.999755859375,0.9763909578323364,0.9200448989868164,0.9919930696487427,0.9698177576065063,0.9862974882125854,0.9901435971260071,0.9985441565513611,0.9993051290512085
1560,train,1.7004454135894775,5.476386105361338,0.500732421875,,,,1.7232298851013184,0.22784441709518433,0.1,0.5,0.9768536686897278,0.976470947265625,7.811767578125,0.976470947265625,0.023529052734375,0.07942542433738708,0.0002449798980476366,0.8748737573623657,0.010027740150690079,0.8748162984848022,6393856,0.31973541621118784,12810.592109366324,,0.9755859375,0.9072265625,0.989990234375,0.9619140625,0.98681640625,0.992431640625,0.998291015625,0.99951171875,0.97675621509552,0.9070121049880981,0.9910074472427368,0.9632720947265625,0.9881888628005981,0.9906162619590759,0.9985002279281616,0.9994758367538452
1580,train,1.69386625289917,5.44047434532964,0.4873046875,,,,1.7166106700897217,0.22744423151016235,0.1,0.5,0.9764230251312256,0.9759521484375,7.8076171875,0.9759521484375,0.0240478515625,0.07891406118869781,0.00024357878108394293,0.7939097285270691,0.010368193499743938,0.7938420176506042,6475776,0.2760673752054572,14836.957814923404,,0.9755859375,0.90185546875,0.99267578125,0.962890625,0.985595703125,0.991943359375,0.997802734375,0.999267578125,0.9773399829864502,0.9046681523323059,0.9916873574256897,0.9642767310142517,0.9847299456596375,0.9908092021942139,0.9985678791999817,0.9993053078651428
1600,train,1.6832096576690674,5.382805236303283,0.490234375,,,,1.7057712078094482,0.22561562061309814,0.1,0.5,0.9746571779251099,0.97393798828125,7.79150390625,0.97393798828125,0.02606201171875,0.08381810039281845,0.00024216474398935134,0.8552840352058411,0.009808756411075592,0.8552278280258179,6557696,0.2674129996448755,15317.13119945361,,0.9775390625,0.896728515625,0.990966796875,0.958740234375,0.98486328125,0.984619140625,0.998779296875,0.999267578125,0.9775109887123108,0.9005694389343262,0.9901254773139954,0.9594529867172241,0.984916627407074,0.9868303537368774,0.9984310865402222,0.999420702457428
1620,train,1.590125560760498,4.9043646854280105,0.513427734375,,,,1.612903118133545,0.22777590155601501,0.1,0.5,0.9756097793579102,0.976409912109375,7.811279296875,0.976409912109375,0.023590087890625,0.08250408619642258,0.00024073801926357869,0.814874529838562,0.00906551443040371,0.8148241639137268,6639616,0.29525949992239475,13872.542631402484,,0.976318359375,0.908447265625,0.99072265625,0.959716796875,0.98486328125,0.993408203125,0.998046875,0.999755859375,0.9779205322265625,0.9069501161575317,0.9893260598182678,0.9581167697906494,0.983302891254425,0.9912618398666382,0.9985909461975098,0.9994088411331177
1640,train,1.7110109329223633,5.534553713019383,0.477783203125,,,,1.733646273612976,0.22635358572006226,0.1,0.5,0.9740027189254761,0.974761962890625,7.798095703125,0.974761962890625,0.025238037109375,0.08389967679977417,0.00023929884149247573,0.9025121331214905,0.01562984101474285,0.9023767709732056,6721536,0.32125166710466146,12750.128386619555,,0.978759765625,0.89990234375,0.9892578125,0.9580078125,0.982666015625,0.990966796875,0.998779296875,0.999755859375,0.978268027305603,0.8956018686294556,0.9898249506950378,0.9567419290542603,0.9835569858551025,0.9898371696472168,0.9987072944641113,0.9994831085205078
1660,train,1.6673569679260254,5.298146105363999,0.496826171875,,,,1.68986976146698,0.22512784600257874,0.1,0.5,0.9741337299346924,0.973663330078125,7.789306640625,0.973663330078125,0.026336669921875,0.08476483821868896,0.00023784744730945588,0.8577395081520081,0.009986785240471363,0.8576813340187073,6803456,0.29729075031355023,13777.757954729439,,0.979736328125,0.908203125,0.988037109375,0.95849609375,0.97216796875,0.984619140625,0.998779296875,0.999267578125,0.9783915877342224,0.9117437601089478,0.9897246360778809,0.956548273563385,0.9743878841400146,0.9844295978546143,0.9983987808227539,0.999445915222168
1680,train,1.6782888174057007,5.356382376221881,0.485595703125,,,,1.700706958770752,0.22418168187141418,0.1,0.5,0.9719833731651306,0.972503662109375,7.780029296875,0.972503662109375,0.027496337890625,0.08767423033714294,0.0002363840753565873,0.7900620102882385,0.008371942676603794,0.7900176644325256,6885376,0.2965483330190182,13812.250968671999,,0.978271484375,0.901123046875,0.989990234375,0.954345703125,0.97119140625,0.987548828125,0.99755859375,1.0,0.9787376523017883,0.8945999145507812,0.9898102283477783,0.9512884616851807,0.9748959541320801,0.9885932803153992,0.9984328150749207,0.9995087385177612
1700,train,1.6150426864624023,5.028102550798366,0.515869140625,,,,1.6374902725219727,0.22447627782821655,0.1,0.5,0.9718156456947327,0.972900390625,7.783203125,0.972900390625,0.027099609375,0.08908107131719589,0.00023490896624535468,0.7877313494682312,0.013353557325899601,0.7876181602478027,6967296,0.3023191667161882,13548.595163485785,,0.97802734375,0.90673828125,0.9892578125,0.95166015625,0.970458984375,0.990234375,0.99755859375,0.999267578125,0.978799045085907,0.899649977684021,0.9877269268035889,0.9521313905715942,0.9705999493598938,0.9878899455070496,0.998288094997406,0.999439537525177
1720,train,1.5904955863952637,4.906179761875555,0.521728515625,,,,1.6128603219985962,0.22364701330661774,0.1,0.5,0.9715781211853027,0.97174072265625,7.77392578125,0.97174072265625,0.02825927734375,0.088362917304039,0.00023342236251709726,0.863386869430542,0.010550348088145256,0.8633224368095398,7049216,0.28474387526512146,14384.857255265862,,0.98095703125,0.889892578125,0.986572265625,0.95849609375,0.974609375,0.9853515625,0.9990234375,0.9990234375,0.9790832996368408,0.8944773077964783,0.9881725907325745,0.9576077461242676,0.9707300066947937,0.9844685196876526,0.9985294342041016,0.9995561838150024
1740,train,1.6368355751037598,5.138882149145692,0.49853515625,,,,1.659069299697876,0.22233769297599792,0.1,0.5,0.971442699432373,0.970367431640625,7.762939453125,0.970367431640625,0.029632568359375,0.09028691798448563,0.00023192450860312982,0.7934457063674927,0.014965681359171867,0.7933046221733093,7131136,0.2850588336586952,14368.963583511311,,0.979736328125,0.892333984375,0.9892578125,0.950439453125,0.96923828125,0.984619140625,0.997802734375,0.99951171875,0.9794504046440125,0.8946384191513062,0.9879121780395508,0.9558830857276917,0.9700024127960205,0.9857800006866455,0.9983416199684143,0.9995336532592773
1749,validation,,,,1.742247302532196,5.710161474598172,0.481005859375,,0.24394271075725554,,0.5,0.9702072942256927,0.99378662109375,7.95029296875,0.99378662109375,0.00621337890625,0.08947966545820236,,,,,,,,4.3496838747523725,1.0,0.9998632669448853,1.0,0.9814453125,0.970043957233429,0.9989404082298279,1.0,1.0,0.9796968102455139,0.8904120922088623,0.9876210689544678,0.9518846273422241,0.9668061137199402,0.9867672920227051,0.9987812638282776,0.9996893405914307
1760,train,1.5227242708206177,4.584698156975398,0.531982421875,,,,1.544842004776001,0.2211778163909912,0.1,0.5,0.9703131914138794,0.96917724609375,7.75341796875,0.96917724609375,0.03082275390625,0.09161320328712463,0.00023041565078455215,0.7966691851615906,0.008941324427723885,0.7966189980506897,7213056,0.3482179590500891,11762.74770885902,,0.97802734375,0.893310546875,0.987060546875,0.94873046875,0.96923828125,0.980224609375,0.997802734375,0.9990234375,0.9795736074447632,0.9001259207725525,0.9867306351661682,0.9489768743515015,0.9663251638412476,0.983221709728241,0.9981664419174194,0.9993855953216553
1780,train,1.5934112071990967,4.920505195274256,0.524169921875,,,,1.6155904531478882,0.2217920422554016,0.1,0.5,0.9695491194725037,0.969879150390625,7.759033203125,0.969879150390625,0.030120849609375,0.09175273776054382,0.0002288960371517553,0.7672489881515503,0.007939794100821018,0.7672079205513,7294976,0.29307045927271247,13976.161262259895,,0.98291015625,0.903076171875,0.988037109375,0.93505859375,0.968994140625,0.98291015625,0.998291015625,0.999755859375,0.9799350500106812,0.9022406339645386,0.9874117374420166,0.9378413558006287,0.9678586721420288,0.9834043383598328,0.998144805431366,0.9995564222335815
1800,train,1.6261574029922485,5.084300217360848,0.504150390625,,,,1.6483361721038818,0.22178810834884644,0.1,0.5,0.968505859375,0.969879150390625,7.759033203125,0.969879150390625,0.030120849609375,0.09387128055095673,0.00022736591756362958,0.811278760433197,0.007750019896775484,0.8112417459487915,7376896,0.2664019577205181,15375.262385635722,,0.982177734375,0.8974609375,0.986083984375,0.9462890625,0.967529296875,0.982666015625,0.99755859375,0.999267578125,0.9801528453826904,0.8945512771606445,0.9859119653701782,0.9436353445053101,0.964903712272644,0.9811352491378784,0.9982013702392578,0.999554455280304
1820,train,1.6791551113128662,5.361024588108469,0.491455078125,,,,1.7013938426971436,0.22238683700561523,0.1,0.5,0.9706908464431763,0.9705810546875,7.7646484375,0.9705810546875,0.0294189453125,0.08914758265018463,0.00022582554360648242,0.8149973750114441,0.013762613758444786,0.8148811459541321,7458816,0.3290573339909315,12447.678799077858,,0.978759765625,0.900390625,0.98779296875,0.949951171875,0.965576171875,0.98486328125,0.997802734375,0.99951171875,0.9803966283798218,0.9001697301864624,0.9865230321884155,0.9507625699043274,0.9660435914993286,0.9833986163139343,0.9986496567726135,0.9995833039283752
1840,train,1.6523642539978027,5.219305014247966,0.499267578125,,,,1.6744182109832764,0.22053992748260498,0.1,0.5,0.9684454202651978,0.96844482421875,7.74755859375,0.96844482421875,0.03155517578125,0.09573643654584885,0.00022427516855267162,0.9029459953308105,0.010753600858151913,0.902881920337677,7540736,0.3275605416856706,12504.55863493641,,0.981201171875,0.89306640625,0.986083984375,0.946044921875,0.9599609375,0.98388671875,0.997802734375,0.99951171875,0.9805675148963928,0.8961563110351562,0.9849885702133179,0.9485336542129517,0.9577391743659973,0.9819025993347168,0.9980989098548889,0.9995765686035156
1860,train,1.6086795330047607,4.99620954033829,0.50927734375,,,,1.6304998397827148,0.21820268034934998,0.1,0.5,0.9664248824119568,0.965576171875,7.724609375,0.965576171875,0.034423828125,0.0977257490158081,0.00022271504731896164,0.8768224716186523,0.014564716257154942,0.8767014741897583,7622656,0.25846258318051696,15847.55499073244,,0.979736328125,0.87646484375,0.98583984375,0.943603515625,0.960205078125,0.980712890625,0.998046875,1.0,0.981011152267456,0.8803778886795044,0.9847229719161987,0.946642279624939,0.9615396857261658,0.9792709946632385,0.9982365965843201,0.9995976686477661
1880,train,1.5957930088043213,4.932238830495423,0.516845703125,,,,1.6179876327514648,0.2219463586807251,0.1,0.5,0.9700535535812378,0.97021484375,7.76171875,0.97021484375,0.02978515625,0.08815237134695053,0.00022114543642460973,0.7617933750152588,0.011346726678311825,0.7617089152336121,7704576,0.28944908268749714,14151.020835751739,,0.98095703125,0.90478515625,0.983642578125,0.9521484375,0.96044921875,0.98291015625,0.996826171875,1.0,0.9809780120849609,0.9007816314697266,0.9856663942337036,0.9524785280227661,0.9592798948287964,0.9833664894104004,0.9982599020004272,0.999617338180542
1900,train,1.5759010314941406,4.835096229974859,0.515625,,,,1.5979729890823364,0.22071942687034607,0.1,0.5,0.9682973027229309,0.96881103515625,7.75048828125,0.96881103515625,0.03118896484375,0.09468337893486023,0.00021956659394918823,0.7934074401855469,0.013589635491371155,0.7932909727096558,7786496,0.2699921252205968,15170.812840016602,,0.980224609375,0.89794921875,0.9833984375,0.952392578125,0.9638671875,0.975341796875,0.99755859375,0.999755859375,0.9814027547836304,0.8928723335266113,0.9831592440605164,0.9497305750846863,0.964357852935791,0.9773249626159668,0.9979031085968018,0.9996277093887329
1920,train,1.579091191291809,4.850545589445829,0.51171875,,,,1.6010504961013794,0.2195931077003479,0.1,0.5,0.9679325819015503,0.9674072265625,7.7392578125,0.9674072265625,0.0325927734375,0.09334881603717804,0.00021797877949015037,0.8275560736656189,0.01341154146939516,0.8274473547935486,7868416,0.2728954581543803,15009.410664807921,,0.979736328125,0.887939453125,0.981689453125,0.951416015625,0.96484375,0.975830078125,0.998291015625,0.99951171875,0.9816290736198425,0.8929020166397095,0.98264080286026,0.9490110278129578,0.9628875255584717,0.9765474796295166,0.9981564879417419,0.9996862411499023
1940,train,1.5901498794555664,4.904483954627529,0.51708984375,,,,1.612078309059143,0.21928441524505615,0.1,0.5,0.9682942628860474,0.967193603515625,7.737548828125,0.967193603515625,0.032806396484375,0.09556262940168381,0.00021638225412014663,0.7844930291175842,0.017394546419382095,0.7843002080917358,7950336,0.26754850009456277,15309.373809056315,,0.97607421875,0.895263671875,0.97802734375,0.94482421875,0.963134765625,0.98291015625,0.99755859375,0.999755859375,0.9816513061523438,0.8955237865447998,0.9798374176025391,0.9457969665527344,0.9630073308944702,0.9826227426528931,0.9982338547706604,0.9996811151504517
1960,train,1.584766149520874,4.87815048729025,0.521728515625,,,,1.6067248582839966,0.2195872962474823,0.1,0.5,0.9662565588951111,0.967620849609375,7.740966796875,0.967620849609375,0.032379150390625,0.0987037718296051,0.00021477728034409866,0.7943867444992065,0.009498738683760166,0.7943299412727356,8032256,0.3713472089730203,11030.108483453254,,0.983642578125,0.90380859375,0.98046875,0.93994140625,0.959716796875,0.9755859375,0.998046875,0.999755859375,0.9817330837249756,0.8984137773513794,0.9790621399879456,0.9377455711364746,0.9607770442962646,0.9752417802810669,0.9974769353866577,0.9996022582054138
1980,train,1.6264338493347168,5.085705947855523,0.5048828125,,,,1.6482805013656616,0.21846646070480347,0.1,0.5,0.965959906578064,0.9661865234375,7.7294921875,0.9661865234375,0.0338134765625,0.09759347140789032,0.00021316412205603713,0.8038133978843689,0.009304733015596867,0.8037595748901367,8114176,0.2771369577385485,14779.696051452558,,0.987060546875,0.891845703125,0.9814453125,0.941162109375,0.955322265625,0.976318359375,0.99658203125,0.999755859375,0.9818969964981079,0.8920891284942627,0.9810485243797302,0.9404008388519287,0.9569004774093628,0.9784205555915833,0.9973727464675903,0.9995498061180115
1999,validation,,,,1.7075513052940368,5.515439301521488,0.493583984375,,0.23972830206155776,,0.5,0.9619898557662964,0.9893646240234375,7.9149169921875,0.9893646240234375,0.0106353759765625,0.10242275699973107,,,,,,,,4.170974958222359,1.0,0.998120129108429,1.0,0.9745166301727295,0.9541064500808716,0.9881738424301147,1.0,1.0,0.9821674227714539,0.8788747191429138,0.9784415364265442,0.9324109554290771,0.9522457122802734,0.9740368723869324,0.9980019927024841,0.9997398257255554
2000,train,1.6371526718139648,5.1405119301547595,0.499267578125,,,,1.6587666273117065,0.2161400020122528,0.1,0.5,0.964006245136261,0.96343994140625,7.70751953125,0.96343994140625,0.03656005859375,0.1024133563041687,0.00021154304449571196,0.8329887986183167,0.013517712242901325,0.8328791260719299,8196096,0.21308579202741385,19222.304598670955,,0.98291015625,0.8798828125,0.97900390625,0.936279296875,0.95751953125,0.976318359375,0.996337890625,0.999267578125,0.9820919036865234,0.8814091682434082,0.9791485071182251,0.9370473623275757,0.9586540460586548,0.9763170480728149,0.9977916479110718,0.9995902180671692
2020,train,1.615828037261963,5.0320529261690945,0.5087890625,,,,1.6378049850463867,0.21976889669895172,0.1,0.5,0.9664559960365295,0.9677734375,7.7421875,0.9677734375,0.0322265625,0.09753449261188507,0.0002099143142049807,0.8378615975379944,0.00878950022161007,0.837815523147583,8278016,0.27468087524175644,14911.849965509846,,0.982421875,0.898681640625,0.9794921875,0.94970703125,0.955810546875,0.97802734375,0.998046875,1.0,0.982231616973877,0.8920434713363647,0.9801524877548218,0.9437788128852844,0.9578309059143066,0.9785476326942444,0.9974222183227539,0.9996408224105835
2040,train,1.524996280670166,4.595126478483903,0.531005859375,,,,1.546638011932373,0.21641764044761658,0.1,0.5,0.9634398221969604,0.964202880859375,7.713623046875,0.964202880859375,0.035797119140625,0.10108987987041473,0.00020827819898398313,0.8632003664970398,0.00986318476498127,0.863144040107727,8359936,0.34274983312934637,11950.406985185193,,0.982177734375,0.902099609375,0.97607421875,0.94091796875,0.9462890625,0.970947265625,0.9951171875,1.0,0.9824472665786743,0.8961519002914429,0.9759397506713867,0.9380782246589661,0.9481083154678345,0.970629870891571,0.9966812133789062,0.9994821548461914
2060,train,1.5559256076812744,4.739471386636281,0.52978515625,,,,1.5776464939117432,0.21720871329307556,0.1,0.5,0.9644336700439453,0.96478271484375,7.71826171875,0.96478271484375,0.03521728515625,0.10119742900133133,0.0002066349678471086,0.8000907301902771,0.008889575488865376,0.8000413179397583,8441856,0.2822208749130368,14513.455112993099,,0.982177734375,0.887451171875,0.97705078125,0.940185546875,0.958984375,0.974853515625,0.998046875,0.99951171875,0.9828075170516968,0.8826045393943787,0.9768531322479248,0.9433263540267944,0.9580413103103638,0.9750337600708008,0.9972301125526428,0.9995728731155396
2080,train,1.6207224130630493,5.05674205388988,0.504150390625,,,,1.6423649787902832,0.21642518043518066,0.1,0.5,0.962975263595581,0.96405029296875,7.71240234375,0.96405029296875,0.03594970703125,0.1029370129108429,0.00020498489097876447,0.7886886596679688,0.008451311849057674,0.7886433601379395,8523776,0.2775339996442199,14758.552124247117,,0.985595703125,0.894775390625,0.974609375,0.936279296875,0.95458984375,0.96923828125,0.99755859375,0.999755859375,0.9828852415084839,0.8916722536087036,0.975202202796936,0.9321014881134033,0.9523955583572388,0.9724038243293762,0.9974863529205322,0.9996546506881714
2100,train,1.5725488662719727,4.818915324233728,0.509521484375,,,,1.5941725969314575,0.21623769402503967,0.1,0.5,0.9628896117210388,0.9635009765625,7.7080078125,0.9635009765625,0.0364990234375,0.1038510799407959,0.00020332823968895105,0.8021092414855957,0.01208528969436884,0.8020181655883789,8605696,0.2752740839496255,14879.715304945155,,0.98583984375,0.8779296875,0.9775390625,0.945068359375,0.947998046875,0.976318359375,0.997802734375,0.99951171875,0.9830834865570068,0.8802393674850464,0.973821222782135,0.9440637230873108,0.9509444236755371,0.9743545651435852,0.9970011711120605,0.9996088743209839
2120,train,1.5781015157699585,4.84574749787685,0.515869140625,,,,1.5997166633605957,0.21615120768547058,0.1,0.5,0.9636936187744141,0.96343994140625,7.70751953125,0.96343994140625,0.03656005859375,0.1045626625418663,0.00020166528636865257,0.7900776863098145,0.008762349374592304,0.7900291085243225,8687616,0.2680577919818461,15280.287022126173,,0.986083984375,0.87744140625,0.976318359375,0.94482421875,0.955078125,0.970947265625,0.9970703125,0.999755859375,0.9832814931869507,0.8814416527748108,0.9738166332244873,0.9467743635177612,0.9527890682220459,0.9753117561340332,0.9965476393699646,0.9995863437652588
2140,train,1.5651233196258545,4.783264769947256,0.524658203125,,,,1.5866035223007202,0.21480190753936768,0.1,0.5,0.9633945226669312,0.96221923828125,7.69775390625,0.96221923828125,0.03778076171875,0.1039993017911911,0.0001999963044450498,0.8378239870071411,0.014437258243560791,0.8376995921134949,8769536,0.2683985000476241,15260.89005442733,,0.982666015625,0.889892578125,0.976806640625,0.9404296875,0.9443359375,0.9677734375,0.996337890625,0.99951171875,0.983298659324646,0.8915224671363831,0.9745199084281921,0.9429142475128174,0.9467286467552185,0.9720239043235779,0.9965494871139526,0.999598503112793
2160,train,1.5941481590270996,4.924132707059157,0.509765625,,,,1.6152116060256958,0.21063488721847534,0.1,0.5,0.9589986205101013,0.957061767578125,7.656494140625,0.957061767578125,0.042938232421875,0.11121898144483566,0.00019832156833656225,0.7908899188041687,0.009047044441103935,0.7908381223678589,8851456,0.27474579215049744,14908.32659506696,,0.985595703125,0.8662109375,0.971435546875,0.927734375,0.94091796875,0.969482421875,0.995849609375,0.999267578125,0.9834016561508179,0.8743568062782288,0.9705122709274292,0.9340091943740845,0.9425421953201294,0.970581591129303,0.9969667196273804,0.999618411064148
2180,train,1.5365943908691406,4.648731519451759,0.53271484375,,,,1.5578571557998657,0.21262797713279724,0.1,0.5,0.9583412408828735,0.958953857421875,7.671630859375,0.958953857421875,0.041046142578125,0.11064423620700836,0.00019664135340772784,0.7945908308029175,0.008221490308642387,0.7945483326911926,8933376,0.2770495410077274,14784.359451025965,,0.98681640625,0.853515625,0.975830078125,0.94140625,0.947021484375,0.969482421875,0.99755859375,1.0,0.983694851398468,0.856671929359436,0.9736653566360474,0.9384053349494934,0.946844220161438,0.9707430005073547,0.9970394372940063,0.9996658563613892
2200,train,1.5304791927337646,4.620390349386958,0.537109375,,,,1.5517518520355225,0.21272620558738708,0.1,0.5,0.959624171257019,0.95953369140625,7.67626953125,0.95953369140625,0.04046630859375,0.10972264409065247,0.00019495593592392662,0.7821323871612549,0.013183320872485638,0.7820212841033936,9015296,0.26685470901429653,15349.176393138185,,0.984130859375,0.871337890625,0.9716796875,0.936767578125,0.944580078125,0.970703125,0.998291015625,0.998779296875,0.9837040305137634,0.8730719089508057,0.9729620218276978,0.9380638003349304,0.9448622465133667,0.9677633047103882,0.9968639612197876,0.999701976776123
2220,train,1.5413765907287598,4.671015924441397,0.536376953125,,,,1.562727451324463,0.2135087251663208,0.1,0.5,0.9611159563064575,0.960601806640625,7.684814453125,0.960601806640625,0.039398193359375,0.1087685376405716,0.00019326559300595635,0.8170827031135559,0.010149319656193256,0.8170196413993835,9097216,0.2761783329769969,14830.996899170794,,0.9814453125,0.876708984375,0.967041015625,0.94287109375,0.95068359375,0.9697265625,0.99658203125,0.999755859375,0.9838812947273254,0.873801589012146,0.9702194929122925,0.9419224262237549,0.9500555992126465,0.9724557399749756,0.9969611763954163,0.9996305704116821
2240,train,1.6019830703735352,4.9628643817647085,0.511962890625,,,,1.623316764831543,0.21333691477775574,0.1,0.5,0.9602954387664795,0.960235595703125,7.681884765625,0.960235595703125,0.039764404296875,0.10818135738372803,0.00019157060258446796,0.9352689385414124,0.01044668909162283,0.9352105855941772,9179136,0.2644148748368025,15490.807778980141,,0.97900390625,0.867919921875,0.9697265625,0.94873046875,0.950927734375,0.968994140625,0.996826171875,0.999755859375,0.9840301275253296,0.8674792051315308,0.9686809182167053,0.9442351460456848,0.9493167400360107,0.9712597131729126,0.9976309537887573,0.9997304677963257
2249,validation,,,,1.6710497879981994,5.317747375353752,0.50169921875,,0.23792473524808883,,0.5,0.9566550028324127,0.98749755859375,7.89998046875,0.98749755859375,0.01250244140625,0.1109609630703926,,,,,,,,4.6818367089144886,1.0,0.9964452981948853,0.9981787204742432,0.9758545160293579,0.9520849585533142,0.9774169921875,1.0,1.0,0.9841889142990112,0.8673107028007507,0.9689769744873047,0.9322946667671204,0.9387210011482239,0.964323878288269,0.9976305365562439,0.9997932314872742
2260,train,1.509129524230957,4.522792099362785,0.535400390625,,,,1.5305511951446533,0.2142164409160614,0.1,0.5,0.961266040802002,0.961395263671875,7.691162109375,0.961395263671875,0.038604736328125,0.10684938728809357,0.0001898712433542669,0.7759688496589661,0.009668481536209583,0.7759085893630981,9261056,0.32388312509283423,12646.537231064349,,0.983642578125,0.87841796875,0.97216796875,0.94921875,0.94580078125,0.965087890625,0.996826171875,1.0,0.9841200709342957,0.8775947690010071,0.9703618288040161,0.9455862045288086,0.9460412263870239,0.9691189527511597,0.9976153373718262,0.9996901154518127
2280,train,1.482647180557251,4.40459000683106,0.545654296875,,,,1.5038459300994873,0.2119874656200409,0.1,0.5,0.959235429763794,0.958740234375,7.669921875,0.958740234375,0.041259765625,0.11079120635986328,0.00018816779472848982,0.9162858128547668,0.01255341712385416,0.916199803352356,9342976,0.2754681669175625,14869.231700466436,,0.984130859375,0.873291015625,0.968994140625,0.9345703125,0.939208984375,0.97314453125,0.99658203125,1.0,0.9841324090957642,0.8756993412971497,0.9682009220123291,0.936997652053833,0.9409355521202087,0.9717667102813721,0.9965528249740601,0.9995982646942139
2300,train,1.5663878917694092,4.789317379504717,0.525390625,,,,1.5876729488372803,0.21285006403923035,0.1,0.5,0.9594919085502625,0.95953369140625,7.67626953125,0.95953369140625,0.04046630859375,0.1101096048951149,0.00018646053679266265,0.8295981884002686,0.00919370912015438,0.8295472264289856,9424896,0.2768955831415951,14792.579764284079,,0.9833984375,0.86376953125,0.97021484375,0.943603515625,0.9482421875,0.96923828125,0.998046875,0.999755859375,0.984386682510376,0.8692820072174072,0.9695727229118347,0.9378007650375366,0.9480099081993103,0.9699732661247253,0.9972573518753052,0.9996529817581177
2320,train,1.5231916904449463,4.586841635778595,0.534423828125,,,,1.5444793701171875,0.2128773033618927,0.1,0.5,0.9611771106719971,0.959625244140625,7.677001953125,0.959625244140625,0.040374755859375,0.10875482857227325,0.0001847497502586481,0.829518735408783,0.016337953507900238,0.8293578028678894,9506816,0.26877091685310006,15239.744120970936,,0.985595703125,0.86669921875,0.96484375,0.939697265625,0.951171875,0.97216796875,0.9970703125,0.999755859375,0.9844452142715454,0.871163547039032,0.9693301320075989,0.942179799079895,0.951988697052002,0.9730337262153625,0.9975919723510742,0.9996840953826904
2340,train,1.5205166339874268,4.574587972369095,0.543701171875,,,,1.541861653327942,0.2134498655796051,0.1,0.5,0.959777295589447,0.9605712890625,7.6845703125,0.9605712890625,0.0394287109375,0.10934910178184509,0.00018303571641849022,0.8493186831474304,0.014625217765569687,0.84919273853302,9588736,0.27581883408129215,14850.327439179824,,0.98388671875,0.8837890625,0.9765625,0.933349609375,0.9443359375,0.9658203125,0.997802734375,0.9990234375,0.9845596551895142,0.8802546262741089,0.9747103452682495,0.9338713884353638,0.9424863457679749,0.9660038352012634,0.9967261552810669,0.9996060132980347
2360,train,1.579646348953247,4.85323915459945,0.513916015625,,,,1.6011133193969727,0.21466949582099915,0.1,0.5,0.9610279202461243,0.96197509765625,7.69580078125,0.96197509765625,0.03802490234375,0.10838578641414642,0.00018131871709816394,0.8084174990653992,0.01002012100070715,0.8083553910255432,9670656,0.31219204189255834,13120.129440742274,,0.9794921875,0.883056640625,0.975341796875,0.936767578125,0.95556640625,0.970703125,0.99560546875,0.999267578125,0.9845777750015259,0.880850076675415,0.9714255928993225,0.9362746477127075,0.9495725631713867,0.968525767326355,0.997378408908844,0.9996184706687927
2380,train,1.5271310806274414,4.604946632596628,0.535888671875,,,,1.5482568740844727,0.21125748753547668,0.1,0.5,0.9591447114944458,0.958282470703125,7.666259765625,0.958282470703125,0.041717529296875,0.11171816289424896,0.00017959903461123612,0.7479590773582458,0.00972550269216299,0.7478958368301392,9752576,0.28264925023540854,14491.458925111554,,0.986572265625,0.892333984375,0.963623046875,0.921875,0.942626953125,0.964111328125,0.995361328125,0.999755859375,0.9846016764640808,0.8870534896850586,0.9655344486236572,0.9310375452041626,0.9421651363372803,0.96651291847229,0.9966397285461426,0.9996132850646973
2400,train,1.50252366065979,4.493013616379582,0.533447265625,,,,1.5236849784851074,0.2116134762763977,0.1,0.5,0.9574942588806152,0.95855712890625,7.66845703125,0.95855712890625,0.04144287109375,0.1142810732126236,0.00017787695171244696,0.7920011281967163,0.009996344335377216,0.791938066482544,9834496,0.284059917088598,14419.493049145902,,0.9833984375,0.879150390625,0.96533203125,0.93896484375,0.943115234375,0.962646484375,0.99658203125,0.999267578125,0.984916090965271,0.8759313821792603,0.964119553565979,0.9360804557800293,0.9407153129577637,0.9628735184669495,0.9957343339920044,0.9995837211608887
2420,train,1.5225775241851807,4.584025417308717,0.534423828125,,,,1.5437906980514526,0.21213173866271973,0.1,0.5,0.9598919153213501,0.95916748046875,7.67333984375,0.95916748046875,0.04083251953125,0.11095578223466873,0.0001761527515512188,0.7728831171989441,0.009760302491486073,0.7728214859962463,9916416,0.26676070783287287,15354.585138401146,,0.983154296875,0.88134765625,0.96240234375,0.935791015625,0.9462890625,0.969970703125,0.99462890625,0.999755859375,0.9851135015487671,0.8797020316123962,0.9662301540374756,0.9420856237411499,0.9435226321220398,0.9673968553543091,0.9954679012298584,0.999616801738739
2440,train,1.5473904609680176,4.699191445141437,0.5263671875,,,,1.5688722133636475,0.21481803059577942,0.1,0.5,0.9601393938064575,0.962249755859375,7.697998046875,0.962249755859375,0.037750244140625,0.11031033098697662,0.00017442671762509987,0.8606308698654175,0.011426086537539959,0.8605549931526184,9998336,0.2932274588383734,13968.67815935925,,0.985107421875,0.89208984375,0.968994140625,0.9423828125,0.9384765625,0.9755859375,0.995849609375,0.99951171875,0.9851683974266052,0.8850527405738831,0.9660106301307678,0.9380363821983337,0.9402989745140076,0.9707136154174805,0.9961888790130615,0.9996449947357178
2460,train,1.4978938102722168,4.472259716345006,0.532958984375,,,,1.5191068649291992,0.21213001012802124,0.1,0.5,0.9583630561828613,0.95904541015625,7.67236328125,0.95904541015625,0.04095458984375,0.11255285888910294,0.0001726991337331508,0.8089364767074585,0.011951247230172157,0.8088481426239014,10080256,0.3369852090254426,12154.836147988766,,0.983154296875,0.877197265625,0.96875,0.93798828125,0.942138671875,0.96630859375,0.997314453125,0.99951171875,0.9852277040481567,0.882576048374176,0.9665690660476685,0.9351257085800171,0.9390709400177002,0.9630396962165833,0.9956199526786804,0.9996750354766846
2480,train,1.5482919216156006,4.703429491233582,0.520751953125,,,,1.5697153806686401,0.2142351269721985,0.1,0.5,0.9614276885986328,0.961517333984375,7.692138671875,0.961517333984375,0.038482666015625,0.10791394114494324,0.00017097028392928167,0.7842466831207275,0.010382215492427349,0.7841779589653015,10162176,0.29373679077252746,13944.456835752595,,0.987060546875,0.88720703125,0.972900390625,0.935791015625,0.94482421875,0.969482421875,0.99560546875,0.999267578125,0.9853893518447876,0.8878060579299927,0.9706536531448364,0.9371418952941895,0.9452577829360962,0.968671977519989,0.9968901872634888,0.9996110200881958
2499,validation,,,,1.629686062335968,5.102272671514683,0.5121044921875,,0.23722555190324784,,0.5,0.9563557517528534,0.9867327880859375,7.8938623046875,0.9867327880859375,0.0132672119140625,0.110478635430336,,,,,,,,4.1684033325873315,1.0,0.9999951124191284,0.9973388910293579,0.9768847823143005,0.9508007764816284,0.9688916206359863,0.999951183795929,1.0,0.9855982065200806,0.8884499073028564,0.9661625027656555,0.9283248782157898,0.9293758273124695,0.9577789306640625,0.9953651428222656,0.9997912049293518
2500,train,1.5178840160369873,4.56256066855158,0.53564453125,,,,1.5392755270004272,0.21391478180885315,0.1,0.5,0.9605661630630493,0.9613037109375,7.6904296875,0.9613037109375,0.0386962890625,0.10785683244466782,0.0001692404524755473,0.799323558807373,0.01001099031418562,0.7992609143257141,10244096,0.20212529180571437,20264.658437387105,,0.98388671875,0.892333984375,0.968994140625,0.940673828125,0.93994140625,0.969482421875,0.995849609375,0.999267578125,0.9854808449745178,0.8910773992538452,0.9673883318901062,0.935782790184021,0.9424613118171692,0.9664132595062256,0.9962645769119263,0.999660313129425
2520,train,1.518531322479248,4.565514999541123,0.530517578125,,,,1.5394906997680664,0.2095935046672821,0.1,0.5,0.9564942121505737,0.9560546875,7.6484375,0.9560546875,0.0439453125,0.11468325555324554,0.0001675099237954079,0.8523235321044922,0.009192068129777908,0.8522740006446838,10326016,0.2685322919860482,15253.286558969266,,0.98486328125,0.866943359375,0.9638671875,0.93994140625,0.936767578125,0.962158203125,0.994140625,0.999755859375,0.9856508374214172,0.866942286491394,0.965324342250824,0.9420643448829651,0.9367450475692749,0.9605382084846497,0.9950439929962158,0.9996440410614014
2540,train,1.5239155292510986,4.590162971663132,0.536865234375,,,,1.5449283123016357,0.2101278007030487,0.1,0.5,0.9559866786003113,0.956939697265625,7.655517578125,0.956939697265625,0.043060302734375,0.11667564511299133,0.00016577898242696335,0.8278027176856995,0.009502976201474667,0.82774817943573,10407936,0.27435016725212336,14929.825051777141,,0.98193359375,0.8828125,0.96044921875,0.93896484375,0.93017578125,0.96435546875,0.996826171875,1.0,0.985732913017273,0.8662083148956299,0.9638776183128357,0.935310959815979,0.9371758699417114,0.9637719392776489,0.9961641430854797,0.9996519684791565
2560,train,1.4557654857635498,4.2877644323056385,0.55517578125,,,,1.4767017364501953,0.20936289429664612,0.1,0.5,0.9560462832450867,0.955413818359375,7.643310546875,0.955413818359375,0.044586181640625,0.1152966171503067,0.00016404791297616904,0.842083752155304,0.008684128522872925,0.8420389890670776,10489856,0.277132332790643,14779.942703741772,,0.98779296875,0.852783203125,0.96484375,0.939208984375,0.94140625,0.962890625,0.99462890625,0.999755859375,0.9858341217041016,0.8585819005966187,0.9631366729736328,0.9424841403961182,0.9403178691864014,0.963079571723938,0.9953880310058594,0.9995478987693787
2580,train,1.531677484512329,4.625930243698395,0.53125,,,,1.55254328250885,0.20865827798843384,0.1,0.5,0.9550849795341492,0.95489501953125,7.63916015625,0.95489501953125,0.04510498046875,0.118979312479496,0.00016231700007004,0.8533742427825928,0.00877634808421135,0.8533291220664978,10571776,0.28370479214936495,14437.542520760584,,0.984375,0.866943359375,0.963623046875,0.9375,0.924072265625,0.966064453125,0.99658203125,1.0,0.9859076738357544,0.8644078373908997,0.9629493355751038,0.9388655424118042,0.9300034046173096,0.9635876417160034,0.995330274105072,0.999627947807312
2600,train,1.5560219287872314,4.739927919748428,0.5244140625,,,,1.5772961378097534,0.21274250745773315,0.1,0.5,0.9585180282592773,0.95977783203125,7.67822265625,0.95977783203125,0.04022216796875,0.11355957388877869,0.00016058652830985143,0.7854980826377869,0.010199855081737041,0.7854318618774414,10653696,0.2696178746409714,15191.871108153775,,0.987060546875,0.87939453125,0.968994140625,0.940185546875,0.94384765625,0.964111328125,0.9951171875,0.99951171875,0.9861139059066772,0.8737585544586182,0.9631541967391968,0.9416768550872803,0.9416470527648926,0.966835618019104,0.995297908782959,0.9996602535247803
2620,train,1.472823143005371,4.361531002150419,0.54833984375,,,,1.493935465812683,0.2111232578754425,0.1,0.5,0.9570111632347107,0.957916259765625,7.663330078125,0.957916259765625,0.042083740234375,0.11563348025083542,0.00015885678222434468,0.8309163451194763,0.008073623292148113,0.8308770656585693,10735616,0.2927889162674546,13989.600604479223,,0.985595703125,0.875732421875,0.96484375,0.937255859375,0.94091796875,0.963623046875,0.99560546875,0.999755859375,0.9862156510353088,0.8720020055770874,0.9589362740516663,0.9382916688919067,0.9431666135787964,0.9619793891906738,0.9958502650260925,0.9996476173400879
2640,train,1.5564227104187012,4.741827976521647,0.515869140625,,,,1.5777608156204224,0.21338118612766266,0.1,0.5,0.9592987895011902,0.96038818359375,7.68310546875,0.96038818359375,0.03961181640625,0.11279092729091644,0.00015712804622294328,0.8237395286560059,0.00968234147876501,0.8236826658248901,10817536,0.320783999748528,12768.716654231428,,0.987548828125,0.874755859375,0.966064453125,0.947509765625,0.943115234375,0.969482421875,0.99462890625,1.0,0.9861224889755249,0.87372887134552,0.9646653532981873,0.9477485418319702,0.9398638010025024,0.9674707651138306,0.9951105117797852,0.9996799230575562
2660,train,1.5232429504394531,4.587076763281915,0.532470703125,,,,1.5442579984664917,0.21015101671218872,0.1,0.5,0.9568784832954407,0.95672607421875,7.65380859375,0.95672607421875,0.04327392578125,0.1143571138381958,0.00015540060454899033,0.7756026387214661,0.008218387141823769,0.77555912733078,10899456,0.3410476250573993,12010.052846169598,,0.988037109375,0.873291015625,0.967529296875,0.9384765625,0.9287109375,0.96484375,0.993408203125,0.99951171875,0.9863030314445496,0.8746604919433594,0.9635260105133057,0.9422677755355835,0.9306240081787109,0.9644947648048401,0.993566632270813,0.9995850324630737
2680,train,1.5205163955688477,4.57458688170246,0.538818359375,,,,1.5415453910827637,0.21028989553451538,0.1,0.5,0.9581285119056702,0.956878662109375,7.655029296875,0.956878662109375,0.043121337890625,0.11332057416439056,0.0001536747412330121,0.786310613155365,0.007871372625231743,0.7862712740898132,10981376,0.2693254998885095,15208.363120816959,,0.98193359375,0.867431640625,0.961181640625,0.941650390625,0.94287109375,0.965576171875,0.99462890625,0.999755859375,0.9864335060119629,0.8678593635559082,0.9608423709869385,0.946155309677124,0.9448062181472778,0.964596152305603,0.9946990013122559,0.9996361136436462
2700,train,1.4985575675964355,4.475229196885744,0.543701171875,,,,1.5198843479156494,0.21326735615730286,0.1,0.5,0.9598324298858643,0.96044921875,7.68359375,0.96044921875,0.03955078125,0.10972337424755096,0.0001519507400460171,0.8290530443191528,0.007461452390998602,0.8290194869041443,11063296,0.2720706248655915,15054.914517226945,,0.98828125,0.8828125,0.958740234375,0.948486328125,0.945068359375,0.964111328125,0.996337890625,0.999755859375,0.9862969517707825,0.8792887926101685,0.9609297513961792,0.9480916261672974,0.9456217288970947,0.96355801820755,0.9951704740524292,0.999701738357544
2720,train,1.490621566772461,4.439854327447522,0.544677734375,,,,1.511946201324463,0.2132464349269867,0.1,0.5,0.9603750109672546,0.960418701171875,7.683349609375,0.960418701171875,0.039581298828125,0.10985048115253448,0.00015022888445283768,0.8600505590438843,0.011018874123692513,0.8599799871444702,11145216,0.27143620792776346,15090.101763763429,,0.989990234375,0.885986328125,0.963134765625,0.95166015625,0.932861328125,0.9638671875,0.996337890625,0.99951171875,0.9864562153816223,0.8896530270576477,0.9636058807373047,0.9481683969497681,0.9364966154098511,0.9640514850616455,0.9949047565460205,0.9996640086174011
2740,train,1.4785642623901367,4.38664308910328,0.54345703125,,,,1.4994703531265259,0.20906072854995728,0.1,0.5,0.956147313117981,0.955291748046875,7.642333984375,0.955291748046875,0.044708251953125,0.11734877526760101,0.0001485094575655219,0.8064535856246948,0.007981478236615658,0.8064140677452087,11227136,0.282690541818738,14489.342210205134,,0.987548828125,0.86083984375,0.95751953125,0.9423828125,0.933349609375,0.96826171875,0.992431640625,1.0,0.986519455909729,0.8610824942588806,0.9595845937728882,0.9454003572463989,0.937959611415863,0.9647824764251709,0.9942003488540649,0.999649703502655
2749,validation,,,,1.6165161204338074,5.035516588614685,0.515966796875,,0.23755217909812928,,0.5,0.9527763235569,0.9870941162109375,7.8967529296875,0.9870941162109375,0.0129058837890625,0.11740154504776001,,,,,,,,4.171221125405282,1.0,0.998242199420929,0.9924951195716858,0.9901416301727295,0.9522607326507568,0.9651758074760437,0.9984375238418579,1.0,0.9866161942481995,0.8747201561927795,0.9573826789855957,0.9377381205558777,0.9215015172958374,0.9540552496910095,0.9904482364654541,0.9997482895851135
2760,train,1.5109288692474365,4.5309374887726115,0.53466796875,,,,1.5318175554275513,0.20888659358024597,0.1,0.5,0.9556168913841248,0.955322265625,7.642578125,0.955322265625,0.044677734375,0.11855265498161316,0.00014679274209678368,0.8528047800064087,0.009036378003656864,0.8527568578720093,11309056,0.30596262495964766,13387.256043251058,,0.98388671875,0.8681640625,0.95654296875,0.943115234375,0.934814453125,0.961669921875,0.994384765625,1.0,0.986531138420105,0.8700058460235596,0.9574931263923645,0.9423052072525024,0.9336564540863037,0.961924135684967,0.9933556318283081,0.9996634125709534
2780,train,1.4459691047668457,4.245964934493422,0.55126953125,,,,1.466950535774231,0.20981398224830627,0.1,0.5,0.9559410810470581,0.956573486328125,7.652587890625,0.956573486328125,0.043426513671875,0.11851326376199722,0.00014507902031351823,0.7913016676902771,0.009741642512381077,0.7912417054176331,11390976,0.28224149998277426,14512.394528267412,,0.98388671875,0.87841796875,0.957763671875,0.939697265625,0.9365234375,0.962646484375,0.993896484375,0.999755859375,0.986608624458313,0.8719112873077393,0.9533367156982422,0.9379928112030029,0.9392715692520142,0.9649213552474976,0.9938300251960754,0.9996558427810669
2800,train,1.520729660987854,4.575562586928961,0.52978515625,,,,1.541699767112732,0.2097005546092987,0.1,0.5,0.95716392993927,0.956268310546875,7.650146484375,0.956268310546875,0.043731689453125,0.11618060618638992,0.0001433685739903912,0.787369430065155,0.008062767796218395,0.7873281836509705,11472896,0.26928387489169836,15210.713978500737,,0.985107421875,0.869384765625,0.952880859375,0.94287109375,0.943115234375,0.962158203125,0.9951171875,0.99951171875,0.9865946769714355,0.8777755498886108,0.955089807510376,0.9408496618270874,0.9421648383140564,0.960537850856781,0.9946233630180359,0.9996755719184875
2820,train,1.473201870918274,4.363183148521149,0.54150390625,,,,1.4942265748977661,0.2102474868297577,0.1,0.5,0.9563624858856201,0.95672607421875,7.65380859375,0.95672607421875,0.04327392578125,0.1180657297372818,0.00014166168436350834,0.9077719449996948,0.008872568607330322,0.9077286124229431,11554816,0.2829625844024122,14475.412036012924,,0.98974609375,0.866455078125,0.955322265625,0.947265625,0.93359375,0.96826171875,0.993896484375,0.999267578125,0.9866979122161865,0.8669218420982361,0.9562339186668396,0.9430974721908569,0.9370019435882568,0.9682482481002808,0.9930605888366699,0.9996381998062134
2840,train,1.4985673427581787,4.475272943188795,0.53857421875,,,,1.5194724798202515,0.20905110239982605,0.1,0.5,0.9544068574905396,0.955535888671875,7.644287109375,0.955535888671875,0.044464111328125,0.12013574689626694,0.00013995863208417401,0.7895002961158752,0.008598869666457176,0.7894534468650818,11636736,0.27361841732636094,14969.752548179013,,0.988525390625,0.871826171875,0.954345703125,0.940673828125,0.934326171875,0.959716796875,0.995361328125,0.99951171875,0.9867352247238159,0.8697649240493774,0.9557429552078247,0.937904417514801,0.9346991777420044,0.9575632810592651,0.9931318163871765,0.999713659286499
2860,train,1.515865683555603,4.5533611910810174,0.5302734375,,,,1.536576509475708,0.20710879564285278,0.1,0.5,0.9523639678955078,0.953521728515625,7.628173828125,0.953521728515625,0.046478271484375,0.12335604429244995,0.00013825969717274586,0.8183156847953796,0.019993484020233154,0.8180714249610901,11718656,0.27063354197889566,15134.857157947596,,0.984375,0.87548828125,0.953857421875,0.937744140625,0.929443359375,0.95654296875,0.9912109375,0.99951171875,0.9868065118789673,0.8670347929000854,0.9512330889701843,0.9382480382919312,0.929709792137146,0.9561973810195923,0.9900103211402893,0.9996719360351562
2880,train,1.489540457725525,4.4350569544759635,0.53955078125,,,,1.5103604793548584,0.20820072293281555,0.1,0.5,0.9534897804260254,0.95452880859375,7.63623046875,0.95452880859375,0.04547119140625,0.12205816805362701,0.0001365651589725928,0.8004201650619507,0.009189100004732609,0.8003674149513245,11800576,0.2748067919164896,14905.017344857779,,0.989501953125,0.8681640625,0.95703125,0.93505859375,0.9365234375,0.95849609375,0.99169921875,0.999755859375,0.9868270754814148,0.8638467192649841,0.9543145895004272,0.9367927312850952,0.9376894235610962,0.9586220979690552,0.9901905059814453,0.9996353387832642
2900,train,1.4922711849212646,4.447184436001927,0.533447265625,,,,1.5129613876342773,0.2069021314382553,0.1,0.5,0.95374995470047,0.95306396484375,7.62451171875,0.95306396484375,0.04693603515625,0.12116336822509766,0.00013487529610416507,0.8275139331817627,0.00782213918864727,0.827476978302002,11882496,0.27254941686987877,15028.467303437757,,0.984130859375,0.86328125,0.94580078125,0.94287109375,0.939453125,0.957275390625,0.99169921875,1.0,0.9869128465652466,0.8683351278305054,0.9482544660568237,0.9376290440559387,0.9399318695068359,0.959991455078125,0.9892728328704834,0.9996716380119324
2920,train,1.4402488470077515,4.221746255215025,0.5576171875,,,,1.4609535932540894,0.20704695582389832,0.1,0.5,0.951050341129303,0.95330810546875,7.62646484375,0.95330810546875,0.04669189453125,0.12497076392173767,0.00013319038641918237,0.7849586606025696,0.009606042876839638,0.7848998308181763,11964416,0.2766260001808405,14806.995717402904,,0.9873046875,0.865966796875,0.9482421875,0.9423828125,0.935546875,0.962646484375,0.984619140625,0.999755859375,0.9868582487106323,0.8589761257171631,0.9461233019828796,0.9365111589431763,0.9326686859130859,0.9600452184677124,0.9875832200050354,0.9996366500854492
2940,train,1.4821443557739258,4.4023758265342545,0.548828125,,,,1.5026806592941284,0.2053629457950592,0.1,0.5,0.9517731666564941,0.95147705078125,7.61181640625,0.95147705078125,0.04852294921875,0.12437828630208969,0.00013151070695494892,0.7893404364585876,0.007670142222195864,0.789303183555603,12046336,0.31199737498536706,13128.315583399079,,0.983642578125,0.869140625,0.939208984375,0.931640625,0.939208984375,0.96142578125,0.988037109375,0.99951171875,0.9870045781135559,0.862289547920227,0.9434010982513428,0.9339905977249146,0.9372009634971619,0.9609571695327759,0.9897276759147644,0.9996136426925659
2960,train,1.437448263168335,4.209939441581282,0.553955078125,,,,1.4582022428512573,0.20753954350948334,0.1,0.5,0.9523482322692871,0.95379638671875,7.63037109375,0.95379638671875,0.04620361328125,0.12287035584449768,0.0001298365338888022,0.8193556070327759,0.007668403908610344,0.8193197250366211,12128256,0.3048265422694385,13437.150090360288,,0.98876953125,0.86767578125,0.950439453125,0.9404296875,0.93115234375,0.961669921875,0.990234375,1.0,0.9870452880859375,0.8648905158042908,0.9512042999267578,0.9375483989715576,0.9284021854400635,0.9598715305328369,0.99016934633255,0.9996538758277893
2980,train,1.4345701932907104,4.197840361039149,0.5625,,,,1.4550578594207764,0.20487719774246216,0.1,0.5,0.9516869783401489,0.950592041015625,7.604736328125,0.950592041015625,0.049407958984375,0.12407123297452927,0.00012816814249270328,0.7820895314216614,0.00805001799017191,0.7820481061935425,12210176,0.29128095880150795,14062.024571922671,,0.985595703125,0.853759765625,0.943603515625,0.945556640625,0.93212890625,0.958251953125,0.986083984375,0.999755859375,0.9870219826698303,0.8580296039581299,0.9503705501556396,0.9404035210609436,0.9313604831695557,0.9580884575843811,0.9885857105255127,0.9996357560157776
2999,validation,,,,1.5952494597434999,4.9295586451834525,0.5252099609375,,0.23604477792978287,,0.5,0.9461659264564514,0.9855645751953125,7.8845166015625,0.9855645751953125,0.0144354248046875,0.12925490707159043,,,,,,,,4.243346999865025,1.0,0.9965771436691284,0.9877343773841858,0.9881982207298279,0.9510302543640137,0.9669775366783142,0.9939990043640137,1.0,0.9871906042098999,0.8502214550971985,0.9441899061203003,0.9250081777572632,0.9208000302314758,0.954885721206665,0.9872506856918335,0.9997803568840027
3000,train,1.4229204654693604,4.149220417822893,0.5625,,,,1.4435263872146606,0.20605963468551636,0.1,0.5,0.9506140351295471,0.951934814453125,7.615478515625,0.951934814453125,0.048065185546875,0.1260218620300293,0.00012650580708797562,0.7857810258865356,0.009099994786083698,0.7857283353805542,12292096,0.20889783324673772,19607.67106263878,,0.987060546875,0.8583984375,0.946533203125,0.933349609375,0.93603515625,0.9638671875,0.990966796875,0.999267578125,0.987049400806427,0.8521852493286133,0.9469097256660461,0.9325861930847168,0.9339395761489868,0.9622987508773804,0.9902313351631165,0.9997119903564453
3020,train,1.440716028213501,4.223719036508195,0.558349609375,,,,1.461363673210144,0.20647642016410828,0.1,0.5,0.9512292742729187,0.952728271484375,7.621826171875,0.952728271484375,0.047271728515625,0.1243378221988678,0.0001248498010002006,0.8232058882713318,0.008914447389543056,0.8231576085090637,12374016,0.28236950002610683,14505.8159596603,,0.98876953125,0.86865234375,0.944580078125,0.938232421875,0.935791015625,0.964111328125,0.982421875,0.999267578125,0.9871921539306641,0.8568602800369263,0.9461287260055542,0.9352485537528992,0.9340499043464661,0.9640457630157471,0.9866988658905029,0.9996092915534973
3040,train,1.5095899105072021,4.524874810164589,0.532958984375,,,,1.5299581289291382,0.20368161797523499,0.1,0.5,0.9489509463310242,0.949249267578125,7.593994140625,0.949249267578125,0.050750732421875,0.12923023104667664,0.00012320039651427672,0.911013126373291,0.009525006636977196,0.9109633564949036,12455936,0.28398212511092424,14423.443019169219,,0.99072265625,0.86083984375,0.943359375,0.931640625,0.92138671875,0.957275390625,0.989013671875,0.999755859375,0.9872266054153442,0.8545196056365967,0.9462875127792358,0.9315552115440369,0.9242828488349915,0.9602694511413574,0.9878456592559814,0.9996209740638733
3060,train,1.5053856372833252,4.505890934821318,0.5361328125,,,,1.526017665863037,0.20631980895996094,0.1,0.5,0.9528447389602661,0.95220947265625,7.61767578125,0.95220947265625,0.04779052734375,0.12373945116996765,0.0001215578648296493,0.8808382749557495,0.013149503618478775,0.8807401061058044,12537856,0.2742600003257394,14934.733446857614,,0.987060546875,0.855224609375,0.94775390625,0.93798828125,0.939453125,0.963134765625,0.987548828125,0.99951171875,0.9873656034469604,0.8595131635665894,0.944902777671814,0.9399921894073486,0.9389932751655579,0.9634600281715393,0.9888474345207214,0.9996840953826904
3080,train,1.4360356330871582,4.203996553026007,0.55517578125,,,,1.4565659761428833,0.20530322194099426,0.1,0.5,0.9504966139793396,0.951141357421875,7.609130859375,0.951141357421875,0.048858642578125,0.12497925013303757,0.00011992247601571996,0.8024261593818665,0.00917746964842081,0.8023737072944641,12619776,0.2807302079163492,14590.52102159419,,0.987548828125,0.858154296875,0.9423828125,0.940185546875,0.93408203125,0.9599609375,0.98681640625,1.0,0.9873374104499817,0.8568757772445679,0.9448291063308716,0.9390877485275269,0.929535984992981,0.9609966278076172,0.9857350587844849,0.9995750188827515
3100,train,1.4224709272384644,4.14735560380067,0.552001953125,,,,1.4426921606063843,0.202212393283844,0.1,0.5,0.9489218592643738,0.947845458984375,7.582763671875,0.947845458984375,0.052154541015625,0.12926876544952393,0.0001182944989674402,0.8130848407745361,0.00751736992970109,0.8130500912666321,12701696,0.2726915003731847,15020.636852980488,,0.987060546875,0.868408203125,0.93896484375,0.926025390625,0.920654296875,0.958984375,0.9833984375,0.999267578125,0.9872927665710449,0.86379075050354,0.9407447576522827,0.9255162477493286,0.9273961782455444,0.9609931707382202,0.9859938025474548,0.9996470212936401
3120,train,1.4334495067596436,4.193138533016732,0.553955078125,,,,1.4539854526519775,0.2053598165512085,0.1,0.5,0.9510292410850525,0.950836181640625,7.606689453125,0.950836181640625,0.049163818359375,0.12483285367488861,0.00011667420136109982,0.8159828186035156,0.008105454966425896,0.8159425258636475,12783616,0.3015766250900924,13581.954499213489,,0.9892578125,0.845703125,0.943359375,0.942138671875,0.934814453125,0.963623046875,0.98828125,0.99951171875,0.9873946309089661,0.8510858416557312,0.9453506469726562,0.9416851997375488,0.9343573451042175,0.9610982537269592,0.9876337051391602,0.9996286630630493
3140,train,1.4551830291748047,4.285267722844079,0.5595703125,,,,1.475643515586853,0.20460477471351624,0.1,0.5,0.9521358013153076,0.950439453125,7.603515625,0.950439453125,0.049560546875,0.12482224404811859,0.00011506184961031415,0.8201819062232971,0.010479074902832508,0.8201149702072144,12865536,0.28043745877221227,14605.75209151004,,0.986083984375,0.862060546875,0.93798828125,0.939208984375,0.930419921875,0.96044921875,0.987548828125,0.999755859375,0.9873743653297424,0.8655847311019897,0.9435940980911255,0.9383243322372437,0.9306923151016235,0.9623704552650452,0.9894956350326538,0.9996507167816162
3160,train,1.483762264251709,4.409504232705821,0.5400390625,,,,1.5042915344238281,0.20529216527938843,0.1,0.5,0.9525542259216309,0.951080322265625,7.608642578125,0.951080322265625,0.048919677734375,0.12342796474695206,0.00011345770882222015,0.8384649753570557,0.008803458884358406,0.8384187817573547,12947456,0.2629082906059921,15579.57716190273,,0.988525390625,0.859130859375,0.94873046875,0.933837890625,0.928955078125,0.960693359375,0.989013671875,0.999755859375,0.9874533414840698,0.8702014684677124,0.9478341341018677,0.9387460350990295,0.925998330116272,0.9616308212280273,0.988903284072876,0.9996662139892578
3180,train,1.4494593143463135,4.260810133339679,0.55126953125,,,,1.4699575901031494,0.20498257875442505,0.1,0.5,0.9523314237594604,0.9510498046875,7.6083984375,0.9510498046875,0.0489501953125,0.12273599952459335,0.00011186204275388654,0.8547855019569397,0.008054140955209732,0.8547475337982178,13029376,0.2645254163071513,15484.334387150027,,0.985595703125,0.868896484375,0.9453125,0.934814453125,0.931396484375,0.955810546875,0.987060546875,0.99951171875,0.9873990416526794,0.8746713399887085,0.9434893131256104,0.9381648302078247,0.9284243583679199,0.9583498239517212,0.9884423613548279,0.9997107982635498
3200,train,1.480560064315796,4.395406702136622,0.53271484375,,,,1.5011612176895142,0.20601201057434082,0.1,0.5,0.9513323307037354,0.952178955078125,7.617431640625,0.952178955078125,0.047821044921875,0.12652799487113953,0.00011027511376894614,0.8227401971817017,0.008758295327425003,0.8226935863494873,13111296,0.3115041251294315,13149.103557771801,,0.98974609375,0.87451171875,0.949462890625,0.929443359375,0.9248046875,0.96142578125,0.98828125,0.999755859375,0.9874400496482849,0.8672994375228882,0.9447534084320068,0.932060956954956,0.9263914823532104,0.9639770984649658,0.9889987707138062,0.999737024307251
3220,train,1.4872910976409912,4.4250921258353495,0.54541015625,,,,1.5079028606414795,0.20611712336540222,0.1,0.5,0.9501354694366455,0.95208740234375,7.61669921875,0.95208740234375,0.04791259765625,0.1256113350391388,0.00010869718279445753,0.816028356552124,0.008555375970900059,0.8159835338592529,13193216,0.2730082920752466,15003.207297714825,,0.990234375,0.862060546875,0.948486328125,0.939697265625,0.929931640625,0.957763671875,0.988525390625,1.0,0.9874458312988281,0.860895037651062,0.9453948736190796,0.9363527894020081,0.9256538152694702,0.9588651657104492,0.9867653846740723,0.9997110366821289
3240,train,1.4708058834075928,4.352741530179279,0.5576171875,,,,1.491300344467163,0.20494520664215088,0.1,0.5,0.9499365091323853,0.95098876953125,7.60791015625,0.95098876953125,0.04901123046875,0.12663660943508148,0.00010712850927800251,0.7985766530036926,0.0079523716121912,0.7985370755195618,13275136,0.30166895780712366,13577.797429919308,,0.987060546875,0.86865234375,0.950927734375,0.936279296875,0.9248046875,0.957275390625,0.983154296875,0.999755859375,0.9875841736793518,0.8649944067001343,0.9443443417549133,0.9360386729240417,0.9236873984336853,0.9578335881233215,0.9853805303573608,0.9996286630630493
3249,validation,,,,1.5881977605819702,4.894919157782108,0.52765625,,0.23446307063102723,,0.5,0.9447272109985352,0.9838861083984375,7.8710888671875,0.9838861083984375,0.0161138916015625,0.13054433315992356,,,,,,,,4.326993166934699,1.0,0.999951183795929,0.986279308795929,0.9872216582298279,0.9486767649650574,0.9620214700698853,0.9869384765625,1.0,0.9877243041992188,0.866386890411377,0.9383134245872498,0.9265077710151672,0.9089045524597168,0.9508765935897827,0.9793741106987,0.9997298717498779
3260,train,1.4885094165802002,4.430486584798509,0.532470703125,,,,1.5089222192764282,0.20412826538085938,0.1,0.5,0.9518959522247314,0.949859619140625,7.598876953125,0.949859619140625,0.050140380859375,0.12367427349090576,0.00010556935114502734,0.9231681227684021,0.008978019468486309,0.9231244921684265,13357056,0.3653682079166174,11210.608671608257,,0.987060546875,0.858642578125,0.94287109375,0.94482421875,0.92578125,0.9560546875,0.984130859375,0.99951171875,0.9875816106796265,0.8710483908653259,0.9448068737983704,0.9400888681411743,0.9280779361724854,0.9585632085800171,0.9852949380874634,0.999706506729126
3280,train,1.4702403545379639,4.3502806251039505,0.550537109375,,,,1.4907257556915283,0.2048538625240326,0.1,0.5,0.9511690735816956,0.95068359375,7.60546875,0.95068359375,0.04931640625,0.12429136782884598,0.00010401996475643345,0.8011820912361145,0.006215604022145271,0.8011579513549805,13438976,0.275199708994478,14883.736668784733,,0.988525390625,0.8603515625,0.947265625,0.940673828125,0.926513671875,0.957763671875,0.984375,1.0,0.9877058267593384,0.8651415109634399,0.9459748864173889,0.9422250986099243,0.9261770248413086,0.958088755607605,0.9843456745147705,0.9996934533119202
3300,train,1.4761615991592407,4.376116114497604,0.550537109375,,,,1.4964468479156494,0.2028520405292511,0.1,0.5,0.9499949812889099,0.948211669921875,7.585693359375,0.948211669921875,0.051788330078125,0.1263442039489746,0.00010248060486642674,0.8000707626342773,0.010164803825318813,0.8000062108039856,13520896,0.28825708385556936,14209.538045740768,,0.98828125,0.85498046875,0.9462890625,0.928955078125,0.92138671875,0.959228515625,0.986572265625,1.0,0.9876232743263245,0.8685428500175476,0.9470319747924805,0.934945821762085,0.9173977375030518,0.9596831798553467,0.9850581884384155,0.9996767640113831
3320,train,1.414516568183899,4.114496906392008,0.568115234375,,,,1.4348976612091064,0.2038109004497528,0.1,0.5,0.9508715867996216,0.949554443359375,7.596435546875,0.949554443359375,0.050445556640625,0.12716707587242126,0.00010095152458062921,0.8267114758491516,0.007523745764046907,0.8266772627830505,13602816,0.2715576672926545,15083.35242689277,,0.989990234375,0.865966796875,0.938720703125,0.93115234375,0.924072265625,0.9609375,0.98583984375,0.999755859375,0.9877047538757324,0.866125762462616,0.9402403831481934,0.9354567527770996,0.9297279119491577,0.9618074893951416,0.9862052202224731,0.999704122543335
3340,train,1.4785935878753662,4.386771731426636,0.551025390625,,,,1.4991557598114014,0.20562194287776947,0.1,0.5,0.9512958526611328,0.9517822265625,7.6142578125,0.9517822265625,0.0482177734375,0.1253279596567154,9.943297531446337e-05,0.8395688533782959,0.009362930431962013,0.8395165801048279,13684736,0.2915108329616487,14050.935803606557,,0.98974609375,0.8740234375,0.947265625,0.93310546875,0.924072265625,0.961181640625,0.9853515625,0.99951171875,0.9876885414123535,0.8749028444290161,0.9430955648422241,0.9370560646057129,0.9237349033355713,0.9597622156143188,0.9844422340393066,0.9996840953826904
3360,train,1.4845224618911743,4.4128576018649035,0.546142578125,,,,1.5049406290054321,0.20418140292167664,0.1,0.5,0.950526773929596,0.949951171875,7.599609375,0.949951171875,0.050048828125,0.12542982399463654,9.792520675181373e-05,0.848362386226654,0.00944117084145546,0.8483098149299622,13766656,0.2759241252206266,14844.660635328184,,0.9892578125,0.862060546875,0.939697265625,0.939453125,0.927001953125,0.956787109375,0.98583984375,0.99951171875,0.9877073168754578,0.8667607307434082,0.9425418972969055,0.9380677938461304,0.9239146709442139,0.960071325302124,0.9854176044464111,0.9997325539588928
3380,train,1.4366072416305542,4.2064002803022,0.5517578125,,,,1.4569660425186157,0.20358821749687195,0.1,0.5,0.9497908353805542,0.9493408203125,7.5947265625,0.9493408203125,0.0506591796875,0.1256672739982605,9.642846680397283e-05,0.800065815448761,0.008017921820282936,0.8000256419181824,13848576,0.28865295834839344,14190.050306209852,,0.989501953125,0.86669921875,0.94580078125,0.93212890625,0.919677734375,0.956787109375,0.984619140625,0.99951171875,0.9877216219902039,0.8648800849914551,0.9465494751930237,0.9373552799224854,0.9214251041412354,0.9565514922142029,0.9841643571853638,0.999679684638977
3400,train,1.4189561605453491,4.1328042038280675,0.57470703125,,,,1.4394718408584595,0.20515677332878113,0.1,0.5,0.9520222544670105,0.9512939453125,7.6103515625,0.9512939453125,0.0487060546875,0.12282304465770721,9.494300156887937e-05,0.8159354329109192,0.008487608283758163,0.8158912658691406,13930496,0.287857708055526,14229.252458335792,,0.987548828125,0.871826171875,0.94091796875,0.940185546875,0.927001953125,0.959228515625,0.98388671875,0.999755859375,0.987788736820221,0.8711099624633789,0.9436521530151367,0.9408786296844482,0.9292383193969727,0.95991450548172,0.9839577674865723,0.9996381402015686
3420,train,1.4513556957244873,4.268897920673307,0.5546875,,,,1.471798300743103,0.20442625880241394,0.1,0.5,0.9497320652008057,0.950347900390625,7.602783203125,0.950347900390625,0.049652099609375,0.1272922307252884,9.346905529065394e-05,0.8535866737365723,0.007966726087033749,0.8535494804382324,14012416,0.34454229194670916,11888.235771745356,,0.985107421875,0.868408203125,0.947509765625,0.93212890625,0.92431640625,0.956787109375,0.988525390625,1.0,0.9877680540084839,0.863089919090271,0.944847822189331,0.9349647760391235,0.9213007688522339,0.9598591327667236,0.9863157272338867,0.9997103214263916
3440,train,1.4397327899932861,4.219568155506883,0.55615234375,,,,1.4604065418243408,0.20673704147338867,0.1,0.5,0.9516212940216064,0.953033447265625,7.624267578125,0.953033447265625,0.046966552734375,0.12387192249298096,9.200687031943982e-05,0.8740440607070923,0.008206610567867756,0.8740054965019226,14094336,0.2994265421293676,13679.482022105838,,0.988037109375,0.87255859375,0.94482421875,0.93896484375,0.92919921875,0.964111328125,0.98681640625,0.999755859375,0.9878502488136292,0.8613897562026978,0.9460242390632629,0.9374585151672363,0.9305009841918945,0.963099479675293,0.9869025945663452,0.999744176864624
3460,train,1.4322391748428345,4.188066513651249,0.557861328125,,,,1.4526245594024658,0.2038535475730896,0.1,0.5,0.9487871527671814,0.94940185546875,7.59521484375,0.94940185546875,0.05059814453125,0.12826383113861084,9.055668707155493e-05,0.8472816348075867,0.007817291654646397,0.8472455739974976,14176256,0.2819655421189964,14526.597715515847,,0.986328125,0.853759765625,0.9423828125,0.942138671875,0.92626953125,0.958251953125,0.986083984375,1.0,0.9877601861953735,0.8585186004638672,0.9453005194664001,0.9358990788459778,0.9221549034118652,0.9563655853271484,0.98459792137146,0.9996999502182007
3480,train,1.4120073318481445,4.104185603409421,0.569580078125,,,,1.432260513305664,0.20253214240074158,0.1,0.5,0.9490048885345459,0.948150634765625,7.585205078125,0.948150634765625,0.051849365234375,0.12733174860477448,8.91187439899624e-05,0.8101459741592407,0.006469692103564739,0.8101201057434082,14258176,0.2790858750231564,14676.486223676298,,0.9873046875,0.8642578125,0.942626953125,0.93408203125,0.91845703125,0.957275390625,0.981201171875,1.0,0.9877947568893433,0.8655576705932617,0.9453146457672119,0.9344441294670105,0.9214748740196228,0.9546039700508118,0.9831770658493042,0.9996719360351562
3499,validation,,,,1.5714306044578552,4.81352952716802,0.53109375,,0.23403529316186905,,0.5,0.9453270709514618,0.9834295654296875,7.8674365234375,0.9834295654296875,0.0165704345703125,0.12965257883071898,,,,,,,,4.1684255842119455,1.0,0.9999706745147705,0.9867382645606995,0.987597644329071,0.9499658346176147,0.9577832221984863,0.9853808879852295,1.0,0.9880461096763611,0.8748093247413635,0.9389880895614624,0.9247869849205017,0.9126571416854858,0.944333016872406,0.979259729385376,0.9997360706329346
3500,train,1.5541657209396362,4.731137789025442,0.516357421875,,,,1.574647307395935,0.20481571555137634,0.1,0.5,0.9502161741256714,0.950836181640625,7.606689453125,0.950836181640625,0.049163818359375,0.12788943946361542,8.769327750506457e-05,0.8680971264839172,0.007388046942651272,0.8680656552314758,14340096,0.2052487088367343,19956.276573988955,,0.989013671875,0.868408203125,0.94140625,0.943603515625,0.925048828125,0.956787109375,0.982666015625,0.999755859375,0.9878534078598022,0.8704125881195068,0.9424388408660889,0.9329357147216797,0.9253673553466797,0.9572945833206177,0.9857221841812134,0.9997048377990723
3520,train,1.468009114265442,4.340584924517706,0.552734375,,,,1.488355040550232,0.20345890522003174,0.1,0.5,0.9495415687561035,0.94921875,7.59375,0.94921875,0.05078125,0.1278761476278305,8.628052199582897e-05,0.8206021189689636,0.016373448073863983,0.8204387426376343,14422016,0.2611422501504421,15684.937989315496,,0.9892578125,0.865966796875,0.943115234375,0.93212890625,0.923095703125,0.957763671875,0.982666015625,0.999755859375,0.987843930721283,0.8670778274536133,0.9437062740325928,0.9331515431404114,0.9249579906463623,0.9564094543457031,0.9835027456283569,0.9996827840805054
3540,train,1.4199943542480469,4.137097083161521,0.552490234375,,,,1.4402692317962646,0.2027493715286255,0.1,0.5,0.9501838684082031,0.948394775390625,7.587158203125,0.948394775390625,0.051605224609375,0.12649846076965332,8.488070975125088e-05,0.822981595993042,0.008447862230241299,0.8229382038116455,14503936,0.2759421253576875,14843.692294862907,,0.986328125,0.861328125,0.94140625,0.931640625,0.928955078125,0.9560546875,0.981689453125,0.999755859375,0.9879652261734009,0.866197407245636,0.9423184394836426,0.9350146055221558,0.929767370223999,0.957147479057312,0.9833536744117737,0.9997064471244812
3560,train,1.3720078468322754,3.943260214792689,0.5673828125,,,,1.3921831846237183,0.20175379514694214,0.1,0.5,0.9477958679199219,0.9471435546875,7.5771484375,0.9471435546875,0.0528564453125,0.1300797462463379,8.349407093215969e-05,0.81423020362854,0.0070938351564109325,0.8141992688179016,14585856,0.2812832077033818,14561.836212843911,,0.986083984375,0.8583984375,0.937744140625,0.9365234375,0.919189453125,0.956298828125,0.98291015625,1.0,0.9880592226982117,0.8623301982879639,0.9405249357223511,0.9331085681915283,0.9220883846282959,0.9535141587257385,0.9830162525177002,0.9997251033782959
3580,train,1.3924789428710938,4.024814983054744,0.56689453125,,,,1.4126054048538208,0.2012651562690735,0.1,0.5,0.9476747512817383,0.946868896484375,7.574951171875,0.946868896484375,0.053131103515625,0.12875880300998688,8.212083353337553e-05,0.8547833561897278,0.00770186772570014,0.8547486066818237,14667776,0.27757333405315876,14756.460716848127,,0.98583984375,0.875732421875,0.935791015625,0.931884765625,0.908203125,0.95458984375,0.9833984375,0.99951171875,0.9880222082138062,0.8681961297988892,0.9425857067108154,0.933044970035553,0.9130783677101135,0.9558917284011841,0.9808468818664551,0.9997321367263794
3600,train,1.4189927577972412,4.1329554558722235,0.55712890625,,,,1.439245581626892,0.20252802968025208,0.1,0.5,0.948975682258606,0.9482421875,7.5859375,0.9482421875,0.0517578125,0.1280171275138855,8.076122334622138e-05,0.8182824850082397,0.010254232212901115,0.8182182312011719,14749696,0.2747933748178184,14905.745099260681,,0.986083984375,0.866455078125,0.9365234375,0.93359375,0.926513671875,0.95361328125,0.983642578125,0.99951171875,0.9880227446556091,0.8643121123313904,0.9400702714920044,0.9341962337493896,0.9270030856132507,0.9550517201423645,0.9834671020507812,0.999681830406189
3620,train,1.407932162284851,4.087494384030155,0.56884765625,,,,1.4281359910964966,0.20203842222690582,0.1,0.5,0.9489680528640747,0.9473876953125,7.5791015625,0.9473876953125,0.0526123046875,0.130180224776268,7.94154639213982e-05,0.8034146428108215,0.0072540235705673695,0.8033818602561951,14831616,0.3063640003092587,13369.71705508904,,0.985107421875,0.85546875,0.9345703125,0.93212890625,0.927978515625,0.95703125,0.98681640625,1.0,0.9881216287612915,0.856806218624115,0.9392821192741394,0.9320473670959473,0.929741621017456,0.9599542617797852,0.9860530495643616,0.9997382164001465
3640,train,1.4268980026245117,4.165756961756878,0.55810546875,,,,1.4472070932388306,0.20309141278266907,0.1,0.5,0.9482319355010986,0.948760986328125,7.590087890625,0.948760986328125,0.051239013671875,0.12865063548088074,7.808377653222793e-05,0.8219717144966125,0.008068178780376911,0.8219321370124817,14913536,0.28396191634237766,14424.469494921226,,0.987060546875,0.863525390625,0.939453125,0.937744140625,0.92041015625,0.958984375,0.98291015625,1.0,0.9880679845809937,0.862033486366272,0.9398943185806274,0.9345914125442505,0.920201301574707,0.958296537399292,0.9830670356750488,0.9997036457061768
3660,train,1.4047842025756836,4.074647347982843,0.5654296875,,,,1.4250221252441406,0.2023787796497345,0.1,0.5,0.9488449692726135,0.947723388671875,7.581787109375,0.947723388671875,0.052276611328125,0.1287815272808075,7.67663801382712e-05,0.8040252923965454,0.006659520324319601,0.8039976954460144,14995456,0.2760481662116945,14837.990254421322,,0.988525390625,0.854248046875,0.937255859375,0.93896484375,0.922119140625,0.95654296875,0.984130859375,1.0,0.9881583452224731,0.860761284828186,0.942569375038147,0.9356751441955566,0.9240878820419312,0.9572597742080688,0.9825997352600098,0.9996479749679565
3680,train,1.4336433410644531,4.19395138588609,0.5517578125,,,,1.4537302255630493,0.2008686363697052,0.1,0.5,0.9486092329025269,0.946197509765625,7.569580078125,0.946197509765625,0.053802490234375,0.1283230185508728,7.546349134932549e-05,0.8004723191261292,0.007661502808332443,0.8004356622695923,15077376,0.2749325418844819,14898.200016355328,,0.984130859375,0.857666015625,0.9365234375,0.93115234375,0.924560546875,0.95458984375,0.981689453125,0.999267578125,0.9881304502487183,0.8656657934188843,0.9436056017875671,0.9324229955673218,0.9204699993133545,0.9560689926147461,0.9828276634216309,0.9996817111968994
3700,train,1.3528316020965576,3.8683637038855827,0.580322265625,,,,1.3731697797775269,0.20338234305381775,0.1,0.5,0.9476880431175232,0.949127197265625,7.593017578125,0.949127197265625,0.050872802734375,0.1289164423942566,7.417532438980949e-05,0.8242924213409424,0.007685030344873667,0.8242565989494324,15159296,0.2630366673693061,15571.97344752386,,0.98681640625,0.863525390625,0.946044921875,0.9365234375,0.922119140625,0.956298828125,0.98193359375,0.999755859375,0.9881904721260071,0.8604973554611206,0.9425519704818726,0.9329251050949097,0.9229041934013367,0.9547252058982849,0.9800338745117188,0.9996764063835144
3720,train,1.460370659828186,4.307555870395817,0.552734375,,,,1.4804869890213013,0.20116376876831055,0.1,0.5,0.9472469687461853,0.946197509765625,7.569580078125,0.946197509765625,0.053802490234375,0.13096338510513306,7.290209106353981e-05,0.9189286231994629,0.007538661826401949,0.9188976883888245,15241216,0.27236133301630616,15038.845472807163,,0.98876953125,0.84765625,0.945556640625,0.93408203125,0.918212890625,0.955322265625,0.97998046875,1.0,0.9882135391235352,0.8596727252006531,0.9421865940093994,0.9306188225746155,0.9215958118438721,0.9566989541053772,0.9793512225151062,0.999638557434082
3740,train,1.3989710807800293,4.051029639490866,0.578125,,,,1.4191311597824097,0.2016005665063858,0.1,0.5,0.9474006295204163,0.9468994140625,7.5751953125,0.9468994140625,0.0531005859375,0.13111169636249542,7.164400071890549e-05,0.8438094258308411,0.009181120432913303,0.8437594771385193,15323136,0.2657793750986457,15411.2786158811,,0.990234375,0.85693359375,0.935302734375,0.92626953125,0.92822265625,0.955322265625,0.9833984375,0.99951171875,0.9883246421813965,0.857160210609436,0.9392333626747131,0.9318938851356506,0.9258583784103394,0.9541224241256714,0.982940673828125,0.9996715188026428
3749,validation,,,,1.558679358959198,4.752540698582276,0.5347021484375,,0.2343166834115982,,0.5,0.9447553861141205,0.98373046875,7.86984375,0.98373046875,0.01626953125,0.13139839142560958,,,,,,,,4.1070057498291135,1.0,0.9998974800109863,0.9869678020477295,0.9893994331359863,0.9500439167022705,0.9594970941543579,0.9840381145477295,1.0,0.9883241057395935,0.8641631603240967,0.9344149231910706,0.9232641458511353,0.9185155630111694,0.9508340358734131,0.9787481427192688,0.9997792840003967
3760,train,1.3824455738067627,3.984634439103117,0.56884765625,,,,1.4027442932128906,0.20298750698566437,0.1,0.5,0.9484737515449524,0.94866943359375,7.58935546875,0.94866943359375,0.05133056640625,0.12984296679496765,7.040126021444665e-05,0.8259478807449341,0.008567869663238525,0.8259034752845764,15405056,0.3976550828665495,10300.383866524326,,0.990234375,0.8671875,0.944091796875,0.9306640625,0.917724609375,0.9580078125,0.9814453125,1.0,0.9882609248161316,0.866749107837677,0.9397363662719727,0.932111382484436,0.9219774603843689,0.9566279649734497,0.9826629161834717,0.9996639490127563
3780,train,1.4439606666564941,4.237445734710272,0.55419921875,,,,1.463989019393921,0.2002832293510437,0.1,0.5,0.9478563666343689,0.945465087890625,7.563720703125,0.945465087890625,0.054534912109375,0.13126614689826965,6.9174073884842e-05,0.8455237150192261,0.007174684666097164,0.8454932570457458,15486976,0.2793450839817524,14662.867667531827,,0.986328125,0.86083984375,0.931884765625,0.92431640625,0.918701171875,0.9580078125,0.984130859375,0.99951171875,0.9881601333618164,0.8649472594261169,0.9394574165344238,0.9283613562583923,0.9229401350021362,0.9558994174003601,0.9833781719207764,0.9997068643569946
3800,train,1.3973705768585205,4.044551136484397,0.566162109375,,,,1.4177579879760742,0.20387402176856995,0.1,0.5,0.9486967921257019,0.949737548828125,7.597900390625,0.949737548828125,0.050262451171875,0.12994618713855743,6.796264350731174e-05,0.8355730772018433,0.007894656620919704,0.8355357646942139,15568896,0.2705123331397772,15141.638654543503,,0.986572265625,0.870361328125,0.94140625,0.93359375,0.919921875,0.958984375,0.987060546875,1.0,0.9882500171661377,0.8627235889434814,0.9410424828529358,0.9336721897125244,0.9229239821434021,0.956460177898407,0.9847657680511475,0.999736487865448
3820,train,1.47147798538208,4.355667999688952,0.54443359375,,,,1.491828203201294,0.20350250601768494,0.1,0.5,0.9495151042938232,0.949127197265625,7.593017578125,0.949127197265625,0.050872802734375,0.12975111603736877,6.676716826844083e-05,0.8574020862579346,0.00830865278840065,0.8573617935180664,15650816,0.27017070818692446,15160.784925529671,,0.987548828125,0.859619140625,0.937744140625,0.935791015625,0.9267578125,0.960205078125,0.986083984375,0.999267578125,0.9882335066795349,0.8595858812332153,0.9401901960372925,0.9345078468322754,0.9300403594970703,0.9582904577255249,0.9855496287345886,0.9997230768203735
3840,train,1.4103219509124756,4.0972743129515425,0.562744140625,,,,1.430601716041565,0.20279771089553833,0.1,0.5,0.9477342963218689,0.948516845703125,7.588134765625,0.948516845703125,0.051483154296875,0.13024863600730896,6.558784473142812e-05,0.8350788950920105,0.007983407005667686,0.8350407481193542,15732736,0.26833870774134994,15264.290547109997,,0.989501953125,0.86962890625,0.933837890625,0.929931640625,0.92431640625,0.95654296875,0.984619140625,0.999755859375,0.9882270097732544,0.8660615086555481,0.9386413097381592,0.9310815334320068,0.9188727140426636,0.9562200307846069,0.9830846190452576,0.9996851682662964
3860,train,1.3939101696014404,4.03057953004605,0.5771484375,,,,1.4143680334091187,0.20457899570465088,0.1,0.5,0.949803352355957,0.9508056640625,7.6064453125,0.9508056640625,0.0491943359375,0.12746141850948334,6.442486680376695e-05,0.8487714529037476,0.008333669975399971,0.8487305045127869,15814656,0.27119354205206037,15103.604492225339,,0.98681640625,0.880859375,0.938232421875,0.933837890625,0.927490234375,0.953369140625,0.986083984375,0.999755859375,0.9883884787559509,0.871825635433197,0.9388306140899658,0.9314799904823303,0.9282354712486267,0.9566870927810669,0.9833006262779236,0.9996790289878845
3880,train,1.3508466482162476,3.8606927960588737,0.5791015625,,,,1.3711744546890259,0.20327791571617126,0.1,0.5,0.9485999941825867,0.94927978515625,7.59423828125,0.94927978515625,0.05072021484375,0.1291530728340149,6.327842570536232e-05,0.8369482755661011,0.007930037565529346,0.8369106650352478,15896576,0.28472591610625386,14385.764583760114,,0.988037109375,0.87890625,0.93505859375,0.93505859375,0.918701171875,0.958251953125,0.980224609375,1.0,0.9883401393890381,0.8714911937713623,0.9409081935882568,0.9292341470718384,0.9204338788986206,0.9559203386306763,0.9827640056610107,0.9997075200080872
3900,train,1.4420334100723267,4.2292869540752065,0.55078125,,,,1.4622509479522705,0.20217493176460266,0.1,0.5,0.9478731155395508,0.9478759765625,7.5830078125,0.9478759765625,0.0521240234375,0.1296931803226471,6.214870993709013e-05,0.8336981534957886,0.007686118595302105,0.833662748336792,15978496,0.2664998327381909,15369.615650092754,,0.98828125,0.874267578125,0.943115234375,0.926025390625,0.913818359375,0.955078125,0.98291015625,0.99951171875,0.9882394075393677,0.8715510368347168,0.9425226449966431,0.928885817527771,0.9154139757156372,0.9541091918945312,0.9825420379638672,0.9997211694717407
3920,train,1.427744746208191,4.169285783528169,0.56298828125,,,,1.4480007886886597,0.2025599181652069,0.1,0.5,0.9495836496353149,0.948089599609375,7.584716796875,0.948089599609375,0.051910400390625,0.12834566831588745,6.10359052498032e-05,0.8572374582290649,0.00649937754496932,0.8572127819061279,16060416,0.39846525015309453,10279.44092596851,,0.989013671875,0.86376953125,0.93798828125,0.924072265625,0.924560546875,0.960693359375,0.984619140625,1.0,0.9884031414985657,0.8662521243095398,0.9392866492271423,0.9310975074768066,0.9259259104728699,0.9607813358306885,0.9852160215377808,0.9997063875198364
3940,train,1.443006157875061,4.233402985272506,0.555908203125,,,,1.4633402824401855,0.20334075391292572,0.1,0.5,0.9506012201309204,0.948974609375,7.591796875,0.948974609375,0.051025390625,0.12831994891166687,5.994019461378977e-05,0.8460620641708374,0.007357155438512564,0.846030056476593,16142336,0.29196820920333266,14028.92462565149,,0.9892578125,0.864013671875,0.938232421875,0.92822265625,0.92333984375,0.96533203125,0.9833984375,1.0,0.9883550405502319,0.8644594550132751,0.9388455152511597,0.9319635629653931,0.9295433759689331,0.9658948183059692,0.9860348701477051,0.9997131824493408
3960,train,1.377591609954834,3.9653400326312283,0.577880859375,,,,1.3979640007019043,0.2037236988544464,0.1,0.5,0.9494672417640686,0.949462890625,7.595703125,0.949462890625,0.050537109375,0.1284891664981842,5.8861758188688994e-05,0.867551863193512,0.009197121486067772,0.8675031065940857,16224256,0.2740976670756936,14943.578483172083,,0.986328125,0.864013671875,0.9453125,0.93115234375,0.922119140625,0.963134765625,0.984130859375,0.99951171875,0.9883909821510315,0.8628889322280884,0.9403895735740662,0.9372050166130066,0.9232082366943359,0.9606916308403015,0.9832489490509033,0.9997143745422363
3980,train,1.4231491088867188,4.150169218222947,0.55712890625,,,,1.4434988498687744,0.20349788665771484,0.1,0.5,0.9500653743743896,0.949066162109375,7.592529296875,0.949066162109375,0.050933837890625,0.12848345935344696,5.780077329386861e-05,0.8298771977424622,0.007897023111581802,0.8298396468162537,16306176,0.26503900019451976,15454.329351506109,,0.988525390625,0.859130859375,0.938720703125,0.936279296875,0.921630859375,0.964599609375,0.983642578125,1.0,0.9884074330329895,0.8661792278289795,0.9396665692329407,0.9346326589584351,0.9252417683601379,0.9627662897109985,0.9839357137680054,0.9996936321258545
3999,validation,,,,1.5489191269874574,4.706380432803097,0.53771484375,,0.2334963199496269,,0.5,0.9437990462779999,0.98284423828125,7.86275390625,0.98284423828125,0.01715576171875,0.1315412837266922,,,,,,,,4.327900082804263,1.0,1.0,0.9875781536102295,0.9892284870147705,0.9452245831489563,0.9611377120018005,0.9795849323272705,1.0,0.9885687232017517,0.8669654130935669,0.9377609491348267,0.9265241026878357,0.9054666757583618,0.9490585327148438,0.9762527346611023,0.9997947812080383
4000,train,1.3629144430160522,3.907565098330002,0.582275390625,,,,1.3832389116287231,0.20324453711509705,0.1,0.5,0.9488891363143921,0.948822021484375,7.590576171875,0.948822021484375,0.051177978515625,0.12821784615516663,5.6757414379269524e-05,0.8369398713111877,0.007879296317696571,0.8369027972221375,16388096,0.2514952081255615,16286.592617522285,,0.989501953125,0.859375,0.94775390625,0.934326171875,0.920166015625,0.958251953125,0.981689453125,0.99951171875,0.9884864091873169,0.8638272285461426,0.9420702457427979,0.9335083365440369,0.9221721887588501,0.9580686688423157,0.9832839965820312,0.999695897102356
4020,train,1.38795804977417,4.006660293408176,0.58251953125,,,,1.4081276655197144,0.2016964852809906,0.1,0.5,0.9482101798057556,0.947265625,7.578125,0.947265625,0.052734375,0.13032010197639465,5.573185299672248e-05,0.8259470462799072,0.008253563195466995,0.8259058594703674,16470016,0.25952725019305944,15782.543054546415,,0.98974609375,0.866455078125,0.93212890625,0.932373046875,0.92333984375,0.954833984375,0.979736328125,0.99951171875,0.9885067939758301,0.8676975965499878,0.9385150671005249,0.9311428070068359,0.9215054512023926,0.9560928344726562,0.9825341105461121,0.9996873140335083
4040,train,1.3945021629333496,4.032966312661559,0.571533203125,,,,1.414775013923645,0.20272798836231232,0.1,0.5,0.9484330415725708,0.9483642578125,7.5869140625,0.9483642578125,0.0516357421875,0.12950818240642548,5.472425777174096e-05,0.8222999572753906,0.009201635606586933,0.8222485184669495,16551936,0.2806805828586221,14593.10066369337,,0.988037109375,0.86328125,0.94287109375,0.92919921875,0.92431640625,0.958251953125,0.98193359375,0.9990234375,0.9884681701660156,0.864008367061615,0.9407366514205933,0.9316118955612183,0.9223558902740479,0.9586491584777832,0.9819451570510864,0.9996883869171143
4060,train,1.352840542793274,3.868398289906859,0.581298828125,,,,1.3731117248535156,0.2027122676372528,0.1,0.5,0.9476877450942993,0.948486328125,7.587890625,0.948486328125,0.051513671875,0.12969674170017242,5.3734794375795196e-05,0.8335883021354675,0.009476957842707634,0.8335344195365906,16633856,0.27113775024190545,15106.712349518295,,0.98388671875,0.8701171875,0.9462890625,0.934814453125,0.912841796875,0.960205078125,0.98095703125,0.998779296875,0.9885237216949463,0.8675305247306824,0.9407141208648682,0.9307520389556885,0.9152319431304932,0.9591498970985413,0.9799409508705139,0.9996586441993713
4080,train,1.3816512823104858,3.9814707344705407,0.572265625,,,,1.4019479751586914,0.20296722650527954,0.1,0.5,0.9482586979866028,0.948638916015625,7.589111328125,0.948638916015625,0.051361083984375,0.13108928501605988,5.276362549907239e-05,0.8410554528236389,0.009292890317738056,0.8410041332244873,16715776,0.3010793752036989,13604.385877407916,,0.989990234375,0.867431640625,0.93896484375,0.93359375,0.9169921875,0.95947265625,0.983154296875,0.99951171875,0.9884878993034363,0.8631579875946045,0.9393352270126343,0.9311834573745728,0.9225045442581177,0.9591284990310669,0.982577919960022,0.9996943473815918
4100,train,1.3738112449645996,3.9503778989794616,0.57861328125,,,,1.3941929340362549,0.20381659269332886,0.1,0.5,0.9489607214927673,0.949615478515625,7.596923828125,0.949615478515625,0.050384521484375,0.13061177730560303,5.181091082372629e-05,0.8284251093864441,0.006945264060050249,0.8283959627151489,16797696,0.2730693337507546,14999.853494126311,,0.987060546875,0.8681640625,0.94140625,0.92431640625,0.927001953125,0.962890625,0.986083984375,1.0,0.9885256290435791,0.863652765750885,0.938052237033844,0.9278440475463867,0.9263085126876831,0.961937665939331,0.9856375455856323,0.999727725982666
4120,train,1.422631859779358,4.148023101985627,0.55712890625,,,,1.4427450895309448,0.2011326551437378,0.1,0.5,0.9477123022079468,0.9464111328125,7.5712890625,0.9464111328125,0.0535888671875,0.13079868257045746,5.087680699762229e-05,0.8385387659072876,0.007517404854297638,0.8385050892829895,16879616,0.29201354132965207,14026.74677807511,,0.9892578125,0.859619140625,0.932373046875,0.93603515625,0.915771484375,0.95703125,0.9814453125,0.999755859375,0.9885339736938477,0.8639730215072632,0.9406934976577759,0.9316006898880005,0.917717456817627,0.9577256441116333,0.9817303419113159,0.9997238516807556
4140,train,1.4368774890899658,4.207537202909523,0.553466796875,,,,1.457017421722412,0.20139899849891663,0.1,0.5,0.9476383328437805,0.946746826171875,7.573974609375,0.946746826171875,0.053253173828125,0.13149693608283997,4.996146760858055e-05,0.8720541596412659,0.008755690418183804,0.8720102310180664,16961536,0.3085993342101574,13272.87374252923,,0.9873046875,0.859619140625,0.933349609375,0.93359375,0.919189453125,0.959716796875,0.9814453125,0.999755859375,0.98850417137146,0.861987829208374,0.9374215602874756,0.9335074424743652,0.9188683032989502,0.9592523574829102,0.9819004535675049,0.9996649026870728
4160,train,1.4211539030075073,4.141897031301208,0.564208984375,,,,1.4415236711502075,0.20369777083396912,0.1,0.5,0.947806179523468,0.949462890625,7.595703125,0.949462890625,0.050537109375,0.13193777203559875,4.9065043159123064e-05,0.8362061381340027,0.008027331903576851,0.8361676335334778,17043456,0.26584295788779855,15407.592634929808,,0.989013671875,0.864990234375,0.942626953125,0.931396484375,0.92626953125,0.956787109375,0.98486328125,0.999755859375,0.9885858297348022,0.8621819615364075,0.9369795322418213,0.9290039539337158,0.9234948754310608,0.9575805068016052,0.9849343299865723,0.9996882677078247
4180,train,1.3759899139404297,3.958993846992052,0.565673828125,,,,1.396128535270691,0.2013867199420929,0.1,0.5,0.9472824931144714,0.94677734375,7.57421875,0.94677734375,0.05322265625,0.13228075206279755,4.81876810417273e-05,0.8011769652366638,0.007490063086152077,0.8011419177055359,17125376,0.2775675831362605,14756.766455646355,,0.9892578125,0.863037109375,0.93359375,0.92919921875,0.91796875,0.962890625,0.978271484375,1.0,0.9886051416397095,0.8597453832626343,0.9371889233589172,0.9306231737136841,0.9184850454330444,0.961186408996582,0.9827477335929871,0.9996781945228577
4200,train,1.3530409336090088,3.8691735590715766,0.581787109375,,,,1.3733593225479126,0.20318442583084106,0.1,0.5,0.9487144947052002,0.948760986328125,7.590087890625,0.948760986328125,0.051239013671875,0.12951336801052094,4.7329525514591865e-05,0.8613805770874023,0.012739133089780807,0.8612864017486572,17207296,0.26212712470442057,15626.005910753136,,0.990966796875,0.861328125,0.938232421875,0.9326171875,0.92333984375,0.960205078125,0.98388671875,0.99951171875,0.988574743270874,0.8630712032318115,0.9371550679206848,0.9315038919448853,0.9243367910385132,0.9613306522369385,0.984045684337616,0.9996984004974365
4220,train,1.4157683849334717,4.119650727682379,0.564208984375,,,,1.4362266063690186,0.20458278059959412,0.1,0.5,0.9504436254501343,0.950531005859375,7.604248046875,0.950531005859375,0.049468994140625,0.1278204768896103,4.6490717677916956e-05,0.8385473489761353,0.009396866895258427,0.8384947180747986,17289216,0.27110095927491784,15108.762473416155,,0.989501953125,0.868896484375,0.938232421875,0.9365234375,0.924560546875,0.964111328125,0.98291015625,0.99951171875,0.988499104976654,0.8725353479385376,0.9360631704330444,0.9318653345108032,0.9267756342887878,0.9643237590789795,0.9838013648986816,0.9996857643127441
4240,train,1.3423864841461182,3.828168476113447,0.59130859375,,,,1.3626383543014526,0.20251908898353577,0.1,0.5,0.9480620622634888,0.948150634765625,7.585205078125,0.948150634765625,0.051849365234375,0.1308780163526535,4.5671395450704284e-05,0.8287176489830017,0.007653313223272562,0.8286823034286499,17371136,0.2977040419355035,13758.63079778871,,0.9892578125,0.869873046875,0.936767578125,0.92431640625,0.919677734375,0.961669921875,0.984130859375,0.99951171875,0.9886758923530579,0.8694202899932861,0.9350517988204956,0.9240293502807617,0.9245754480361938,0.9605445265769958,0.9825230240821838,0.9996764659881592
4249,validation,,,,1.5459241461753845,4.692306000560321,0.53943359375,,0.23294085800647735,,0.5,0.9416537272930146,0.9822760009765625,7.8582080078125,0.9822760009765625,0.0177239990234375,0.13492932349443434,,,,,,,,4.17912850016728,1.0,0.9999951124191284,0.9831982254981995,0.9878954887390137,0.9440771341323853,0.9637157917022705,0.9793261885643005,1.0,0.9887419939041138,0.8692431449890137,0.9288400411605835,0.9176733493804932,0.9034744501113892,0.9500105381011963,0.9754731059074402,0.9997733235359192
4260,train,1.2912036180496216,3.6371616756802077,0.600341796875,,,,1.3114056587219238,0.20201998949050903,0.1,0.5,0.9479181170463562,0.947723388671875,7.581787109375,0.947723388671875,0.052276611328125,0.1289500743150711,4.487169354808029e-05,0.8183810710906982,0.00646340474486351,0.8183555006980896,17453056,0.29319358291104436,13970.292116668652,,0.985595703125,0.869384765625,0.9345703125,0.93408203125,0.921630859375,0.95556640625,0.98095703125,1.0,0.98860764503479,0.8708614110946655,0.935524582862854,0.9310240149497986,0.9179074168205261,0.9587959051132202,0.9809308648109436,0.9996930360794067
4280,train,1.4077682495117188,4.086824446397673,0.56591796875,,,,1.428249716758728,0.20481474697589874,0.1,0.5,0.9494876265525818,0.95086669921875,7.60693359375,0.95086669921875,0.04913330078125,0.1274896264076233,4.4091743459145615e-05,0.8869892954826355,0.006754689384251833,0.8869635462760925,17534976,0.28520091716200113,14361.805146907614,,0.9853515625,0.868896484375,0.939453125,0.941162109375,0.9267578125,0.96240234375,0.9833984375,0.99951171875,0.9884957671165466,0.8673233985900879,0.9385590553283691,0.936051070690155,0.9233267307281494,0.9598652124404907,0.982586681842804,0.9996929168701172
4300,train,1.3424314260482788,3.828340525152632,0.58984375,,,,1.362625241279602,0.2019384205341339,0.1,0.5,0.9479689598083496,0.9476318359375,7.5810546875,0.9476318359375,0.0523681640625,0.12913644313812256,4.333167342535562e-05,0.8567306399345398,0.009315593168139458,0.8566799759864807,17616896,0.30229433299973607,13549.708191200449,,0.988525390625,0.876220703125,0.936767578125,0.927490234375,0.91455078125,0.952880859375,0.985107421875,0.99951171875,0.9886295199394226,0.8732727766036987,0.9396483302116394,0.9287058115005493,0.9168692827224731,0.9562418460845947,0.9807369709014893,0.9996471405029297
4320,train,1.4197696447372437,4.136167542542038,0.560546875,,,,1.440094232559204,0.20324543118476868,0.1,0.5,0.9481396675109863,0.948944091796875,7.591552734375,0.948944091796875,0.051055908203125,0.1303718388080597,4.2591608419434414e-05,0.8210390210151672,0.006577677093446255,0.8210126757621765,17698816,0.3055076249875128,13407.194010844796,,0.986083984375,0.865234375,0.9404296875,0.935302734375,0.9189453125,0.961181640625,0.984375,1.0,0.9885815382003784,0.8676219582557678,0.9362518787384033,0.9297322034835815,0.9198448061943054,0.9604218006134033,0.9829249382019043,0.9997382164001465
4340,train,1.4234822988510132,4.151552243348834,0.556640625,,,,1.4437198638916016,0.2023756206035614,0.1,0.5,0.9489182829856873,0.94793701171875,7.58349609375,0.94793701171875,0.05206298828125,0.12961333990097046,4.18716701248265e-05,0.8830699920654297,0.00848004873842001,0.8830292224884033,17780736,0.26825183304026723,15269.2339641353,,0.989501953125,0.866455078125,0.93408203125,0.92626953125,0.92236328125,0.96142578125,0.983642578125,0.999755859375,0.988682210445404,0.8690556287765503,0.9361622333526611,0.9309896230697632,0.9224315881729126,0.9610157012939453,0.9833296537399292,0.999679446220398
4360,train,1.373957872390747,3.9509571751909505,0.56982421875,,,,1.394190788269043,0.2023288607597351,0.1,0.5,0.9482254981994629,0.948211669921875,7.585693359375,0.948211669921875,0.051788330078125,0.1297856718301773,4.1171976915689365e-05,0.8629138469696045,0.0069650523364543915,0.8628857135772705,17862656,0.2688226252794266,15236.81273383306,,0.988525390625,0.879638671875,0.93505859375,0.924072265625,0.921630859375,0.957763671875,0.979736328125,0.999267578125,0.9886846542358398,0.8755324482917786,0.9350377321243286,0.9283980131149292,0.918959379196167,0.9588310718536377,0.9806692600250244,0.9996917247772217
4380,train,1.370058536529541,3.9355810639851336,0.570068359375,,,,1.390472412109375,0.204138845205307,0.1,0.5,0.947841227054596,0.949951171875,7.599609375,0.949951171875,0.050048828125,0.13159380853176117,4.049264383742998e-05,0.8669664859771729,0.006603116635233164,0.8669413328170776,17944576,0.3154822080396116,12983.299519336795,,0.989013671875,0.865234375,0.942138671875,0.93359375,0.925048828125,0.95947265625,0.98583984375,0.999267578125,0.988564133644104,0.8679895401000977,0.9338651895523071,0.9290707111358643,0.9223573803901672,0.9591284990310669,0.982097864151001,0.9996562004089355
4400,train,1.4153127670288086,4.117774168579315,0.55859375,,,,1.4353843927383423,0.20071658492088318,0.1,0.5,0.946149468421936,0.946014404296875,7.568115234375,0.946014404296875,0.053985595703125,0.13374081254005432,3.9833782587788806e-05,0.8889374136924744,0.007697295863181353,0.8889040946960449,18026496,0.351968124974519,11637.417451641488,,0.988037109375,0.86083984375,0.932373046875,0.9306640625,0.92041015625,0.954833984375,0.981201171875,0.999755859375,0.988593578338623,0.8604429364204407,0.9310579299926758,0.9308367967605591,0.9183915853500366,0.9592545628547668,0.9808812141418457,0.9997369050979614
4420,train,1.3523786067962646,3.866611750151262,0.582275390625,,,,1.37235689163208,0.19978272914886475,0.1,0.5,0.9470857381820679,0.94500732421875,7.56005859375,0.94500732421875,0.05499267578125,0.13210490345954895,3.9195501498474075e-05,0.9024248123168945,0.009199041873216629,0.9023779034614563,18108416,0.2863874160684645,14302.30439671553,,0.988037109375,0.8662109375,0.93017578125,0.923583984375,0.91552734375,0.95556640625,0.981689453125,0.999267578125,0.9886423945426941,0.8722988367080688,0.9334527254104614,0.9271950721740723,0.9169493913650513,0.9573584794998169,0.9810820817947388,0.9997074604034424
4440,train,1.4305739402770996,4.181098204074369,0.55810546875,,,,1.4508470296859741,0.2027311623096466,0.1,0.5,0.9475859999656677,0.94805908203125,7.58447265625,0.94805908203125,0.05194091796875,0.13332116603851318,3.857790551734975e-05,0.9144986867904663,0.008737746626138687,0.9144569635391235,18190336,0.3019565842114389,13564.864004196908,,0.989990234375,0.8564453125,0.93359375,0.92626953125,0.92626953125,0.965087890625,0.987060546875,0.999755859375,0.988689661026001,0.8582333326339722,0.9321426153182983,0.9300403594970703,0.9256189465522766,0.9614778161048889,0.9847879409790039,0.9996972680091858
4460,train,1.3588898181915283,3.8918702190172185,0.579345703125,,,,1.3789478540420532,0.20058059692382812,0.1,0.5,0.946559727191925,0.946014404296875,7.568115234375,0.946014404296875,0.053985595703125,0.13120877742767334,3.798109619117956e-05,0.8226267099380493,0.006230648141354322,0.8226030468940735,18272256,0.2812639162875712,14562.834984535124,,0.987548828125,0.869140625,0.9306640625,0.92578125,0.917236328125,0.959716796875,0.978515625,0.99951171875,0.9886841773986816,0.8704860210418701,0.934919536113739,0.9280192852020264,0.913965106010437,0.9570353627204895,0.9796658754348755,0.9997026324272156
4480,train,1.4015073776245117,4.0613172939403,0.563720703125,,,,1.4216305017471313,0.20123158395290375,0.1,0.5,0.947410523891449,0.9464111328125,7.5712890625,0.9464111328125,0.0535888671875,0.13284990191459656,3.74051716489305e-05,0.8763319849967957,0.007570705376565456,0.8762993216514587,18354176,0.2724891658872366,15031.790297655489,,0.989990234375,0.857421875,0.9306640625,0.93212890625,0.916015625,0.963623046875,0.9814453125,1.0,0.9886960387229919,0.8619951009750366,0.9339888691902161,0.9300325512886047,0.9192459583282471,0.9619715809822083,0.9836382269859314,0.9997159242630005
4499,validation,,,,1.5363268756866455,4.647488079517908,0.5408935546875,,0.23335013300180435,,0.5,0.9424046993255615,0.9826849365234375,7.8614794921875,0.9826849365234375,0.0173150634765625,0.1339230665564537,,,,,,,,4.37078370898962,1.0,0.9999902248382568,0.9852880835533142,0.9898046851158142,0.9427636861801147,0.9641503691673279,0.9794824123382568,1.0,0.9888437390327454,0.86834716796875,0.9323155879974365,0.9234523177146912,0.9003243446350098,0.9504948258399963,0.9756791591644287,0.9997804760932922
4500,train,1.434828758239746,4.198925915755313,0.5556640625,,,,1.4550261497497559,0.2019742727279663,0.1,0.5,0.9480103254318237,0.947540283203125,7.580322265625,0.947540283203125,0.052459716796875,0.13110974431037903,3.685022658563817e-05,0.8706903457641602,0.0072914790362119675,0.8706598281860352,18436096,0.20797345833852887,19694.82083301579,,0.990966796875,0.867919921875,0.931396484375,0.92919921875,0.922119140625,0.957275390625,0.981689453125,0.999755859375,0.9888586401939392,0.8650735020637512,0.9359228610992432,0.9311836957931519,0.9204108715057373,0.9587067365646362,0.9842303991317749,0.9996950626373291
4520,train,1.4169073104858398,4.124345376083007,0.557373046875,,,,1.4370217323303223,0.20114362239837646,0.1,0.5,0.9460147619247437,0.946502685546875,7.572021484375,0.946502685546875,0.053497314453125,0.13526681065559387,3.631635224683681e-05,0.9084501266479492,0.00670861778780818,0.9084253311157227,18518016,0.2765564997680485,14810.716809893702,,0.986083984375,0.86572265625,0.93310546875,0.927001953125,0.91455078125,0.960205078125,0.9853515625,1.0,0.9887177348136902,0.8621561527252197,0.93230801820755,0.9262455105781555,0.9148030877113342,0.9615474939346313,0.9826509952545166,0.9996890425682068
4540,train,1.3551656007766724,3.8774030044189094,0.583251953125,,,,1.3752824068069458,0.20116832852363586,0.1,0.5,0.9484415054321289,0.94647216796875,7.57177734375,0.94647216796875,0.05352783203125,0.13048583269119263,3.580363641355644e-05,0.8475998044013977,0.006647880654782057,0.8475736975669861,18599936,0.2707306672818959,15129.427490144944,,0.9892578125,0.86083984375,0.927978515625,0.927978515625,0.924072265625,0.959716796875,0.98193359375,1.0,0.9887168407440186,0.8706458806991577,0.9342840909957886,0.9337794780731201,0.918488621711731,0.9597201347351074,0.9822477102279663,0.999649167060852
4560,train,1.3950583934783936,4.035210195712087,0.57080078125,,,,1.415178894996643,0.20120447874069214,0.1,0.5,0.9474631547927856,0.946533203125,7.572265625,0.946533203125,0.053466796875,0.1317204385995865,3.531216338788963e-05,0.8450466990470886,0.006887692958116531,0.8450186252593994,18681856,0.28319125017151237,14463.723711517543,,0.9873046875,0.859375,0.933349609375,0.937744140625,0.916259765625,0.959228515625,0.97900390625,1.0,0.9887983798980713,0.8661612272262573,0.9365482330322266,0.9321372509002686,0.9148179292678833,0.9598025679588318,0.9817668199539185,0.9996728897094727
4580,train,1.4432238340377808,4.234324596492344,0.559326171875,,,,1.463405966758728,0.20182181894779205,0.1,0.5,0.9483779668807983,0.9476318359375,7.5810546875,0.9476318359375,0.0523681640625,0.13049986958503723,3.4842013979130404e-05,0.8962462544441223,0.007431861478835344,0.8962154388427734,18763776,0.2588712088763714,15822.539778674725,,0.98779296875,0.880615234375,0.9296875,0.927001953125,0.9169921875,0.9619140625,0.9775390625,0.99951171875,0.9887896776199341,0.8781802654266357,0.9324136972427368,0.9268078804016113,0.9182479381561279,0.9614015817642212,0.9815363883972168,0.9996460676193237
4600,train,1.3713834285736084,3.9407987396908726,0.581298828125,,,,1.391555666923523,0.2017221450805664,0.1,0.5,0.9485871195793152,0.9473876953125,7.5791015625,0.9473876953125,0.0526123046875,0.13049307465553284,3.439326549048734e-05,0.8406803607940674,0.0069844420067965984,0.8406513929367065,18845696,0.30373720778152347,13485.3415882661,,0.988037109375,0.8759765625,0.931884765625,0.926513671875,0.914794921875,0.96142578125,0.98095703125,0.99951171875,0.9886126518249512,0.8763253092765808,0.9341025352478027,0.9300024509429932,0.918462872505188,0.9598205089569092,0.9817179441452026,0.9996522665023804
4620,train,1.3965067863464355,4.041059000041356,0.566162109375,,,,1.4166432619094849,0.20136478543281555,0.1,0.5,0.9476239085197449,0.946990966796875,7.575927734375,0.946990966796875,0.053009033203125,0.13185979425907135,3.396599170637318e-05,0.8422548770904541,0.008356048725545406,0.8422134518623352,18927616,0.29605875024572015,13835.091841063435,,0.986572265625,0.87451171875,0.935791015625,0.9267578125,0.913330078125,0.958984375,0.98046875,0.99951171875,0.988806962966919,0.8697693347930908,0.9346160888671875,0.9302864074707031,0.9176174402236938,0.9601689577102661,0.9800764322280884,0.9996498823165894
4640,train,1.3642183542251587,3.9126635394969633,0.578857421875,,,,1.3844835758209229,0.20265212655067444,0.1,0.5,0.9483932256698608,0.948394775390625,7.587158203125,0.948394775390625,0.051605224609375,0.13047437369823456,3.356026288027287e-05,0.833191454410553,0.007136066444218159,0.833160936832428,19009536,0.28983833314850926,14132.01613294286,,0.988037109375,0.870849609375,0.93115234375,0.9345703125,0.920166015625,0.96142578125,0.981201171875,0.999755859375,0.9887499809265137,0.8743596076965332,0.9338859915733337,0.9293808937072754,0.9199897646903992,0.9588047862052917,0.9822995066642761,0.9996756911277771
4660,train,1.3513309955596924,3.862563165276118,0.57568359375,,,,1.371597409248352,0.20266389846801758,0.1,0.5,0.9484108686447144,0.9482421875,7.5859375,0.9482421875,0.0517578125,0.1306261122226715,3.317614572319256e-05,0.8945395946502686,0.0068671260960400105,0.8945131897926331,19091456,0.2677348330616951,15298.719083953278,,0.989013671875,0.864990234375,0.92724609375,0.93603515625,0.921875,0.96533203125,0.981689453125,0.999755859375,0.9887255430221558,0.8656555414199829,0.9340512752532959,0.9342135190963745,0.9215139150619507,0.9621149301528931,0.9813203811645508,0.9996919631958008
4680,train,1.3714573383331299,3.9410900139419183,0.5703125,,,,1.3917272090911865,0.20269834995269775,0.1,0.5,0.9484727382659912,0.948699951171875,7.589599609375,0.948699951171875,0.051300048828125,0.12912744283676147,3.281370339269052e-05,0.816727876663208,0.008149530738592148,0.8166872262954712,19173376,0.27154558384791017,15084.023617537918,,0.990478515625,0.884033203125,0.935302734375,0.928955078125,0.917236328125,0.95751953125,0.976318359375,0.999755859375,0.9887948036193848,0.8805311918258667,0.9347378015518188,0.9293345212936401,0.9178671836853027,0.9584457874298096,0.9784373044967651,0.9996330738067627
4700,train,1.3728952407836914,3.946760993111179,0.576171875,,,,1.3930985927581787,0.20203354954719543,0.1,0.5,0.9479416608810425,0.94769287109375,7.58154296875,0.94769287109375,0.05230712890625,0.13045763969421387,3.2472995482492835e-05,0.8170675039291382,0.007330117281526327,0.8170346617698669,19255296,0.27446137508377433,14923.775699767484,,0.990234375,0.871826171875,0.938232421875,0.928955078125,0.917724609375,0.95263671875,0.98193359375,1.0,0.9887076616287231,0.8755165338516235,0.934863269329071,0.9314436316490173,0.9166199564933777,0.9561660289764404,0.9805290699005127,0.9996872544288635
4720,train,1.3088585138320923,3.7019455798182697,0.586181640625,,,,1.329299807548523,0.20441237092018127,0.1,0.5,0.9493600130081177,0.950408935546875,7.603271484375,0.950408935546875,0.049591064453125,0.12901705503463745,3.215407801269468e-05,0.8366504311561584,0.006563111208379269,0.8366246819496155,19337216,0.3010545829311013,13605.50621791199,,0.988525390625,0.87060546875,0.940185546875,0.932861328125,0.927490234375,0.9609375,0.983154296875,0.99951171875,0.9888019561767578,0.8747949600219727,0.9370614290237427,0.9325423240661621,0.9197495579719543,0.9598045349121094,0.9824472069740295,0.9996781945228577
4740,train,1.3817896842956543,3.9820218160585945,0.57763671875,,,,1.4019962549209595,0.20206600427627563,0.1,0.5,0.9482989311218262,0.947662353515625,7.581298828125,0.947662353515625,0.052337646484375,0.1291479617357254,3.1857003420549485e-05,0.8967612385749817,0.006395699921995401,0.8967384099960327,19419136,0.2700194581411779,15169.277163197748,,0.9892578125,0.8681640625,0.938232421875,0.93115234375,0.916015625,0.958251953125,0.98046875,0.999755859375,0.9888748526573181,0.8732283115386963,0.9365648031234741,0.9309702515602112,0.9188328385353088,0.9582899808883667,0.9799785614013672,0.9996517300605774
4749,validation,,,,1.5360928463935852,4.646400558429011,0.54208984375,,0.23298688024282455,,0.5,0.9424961733818055,0.9823040771484375,7.8584326171875,0.9823040771484375,0.0176959228515625,0.13473075598478318,,,,,,,,4.186608416959643,1.0,1.0,0.9858056902885437,0.9898388385772705,0.9436328411102295,0.9621728658676147,0.9769824147224426,1.0,0.9889588356018066,0.8736648559570312,0.9330937266349792,0.9199538230895996,0.9011173248291016,0.9486408233642578,0.9747647643089294,0.9997754693031311
4760,train,1.3813905715942383,3.980432857682317,0.576416015625,,,,1.4015898704528809,0.20199289917945862,0.1,0.5,0.9490240812301636,0.947601318359375,7.580810546875,0.947601318359375,0.052398681640625,0.13003067672252655,3.158182055184696e-05,0.8680907487869263,0.007645969279110432,0.8680570721626282,19501056,0.3078519171103835,13305.09823829142,,0.9873046875,0.869873046875,0.935302734375,0.9296875,0.916748046875,0.958740234375,0.9833984375,0.999755859375,0.9888300895690918,0.8689291477203369,0.9363359212875366,0.9327571392059326,0.920336127281189,0.9619883298873901,0.9833267331123352,0.9996891617774963
4780,train,1.317333698272705,3.733453580858287,0.592041015625,,,,1.337576150894165,0.202425017952919,0.1,0.5,0.9474203586578369,0.9482421875,7.5859375,0.9482421875,0.0517578125,0.13023170828819275,3.1328574652881767e-05,0.8351241946220398,0.005974599160254002,0.8351027965545654,19582976,0.2870314996689558,14270.210777298207,,0.991455078125,0.879638671875,0.939208984375,0.925048828125,0.914306640625,0.957275390625,0.9794921875,0.99951171875,0.9889078736305237,0.876629650592804,0.9364701509475708,0.9269506931304932,0.9146636724472046,0.9556348323822021,0.9804203510284424,0.9996863007545471
4800,train,1.3442964553833008,3.8354871548019354,0.583740234375,,,,1.3643358945846558,0.2003943920135498,0.1,0.5,0.9469043612480164,0.945587158203125,7.564697265625,0.945587158203125,0.054412841796875,0.1325247585773468,3.109730736301406e-05,0.8502787351608276,0.006216191686689854,0.8502560257911682,19664896,0.2725219172425568,15029.983795227652,,0.987060546875,0.8583984375,0.929443359375,0.9345703125,0.91748046875,0.957275390625,0.9814453125,0.9990234375,0.9888529181480408,0.8683041930198669,0.9353673458099365,0.9289761185646057,0.9152172803878784,0.9583781361579895,0.9804656505584717,0.9996734857559204
4820,train,1.4100265502929688,4.0960641543308105,0.571044921875,,,,1.4301762580871582,0.20149725675582886,0.1,0.5,0.9483887553215027,0.946929931640625,7.575439453125,0.946929931640625,0.053070068359375,0.13068443536758423,3.088805670782293e-05,0.9238742589950562,0.00790366530418396,0.9238404631614685,19746816,0.2801239578984678,14622.098126589422,,0.988525390625,0.8681640625,0.931396484375,0.92626953125,0.916015625,0.959716796875,0.985595703125,0.999755859375,0.9887988567352295,0.8690869212150574,0.9348361492156982,0.9305423498153687,0.9209774732589722,0.9608137607574463,0.9823446869850159,0.9997094869613647
4840,train,1.4151082038879395,4.116931909912476,0.56298828125,,,,1.4354315996170044,0.20323380827903748,0.1,0.5,0.9486618638038635,0.949127197265625,7.593017578125,0.949127197265625,0.050872802734375,0.13007225096225739,3.070085709285425e-05,0.8846964240074158,0.007286702282726765,0.8846664428710938,19828736,0.2684098337776959,15260.245656246765,,0.990966796875,0.876220703125,0.931396484375,0.93115234375,0.921875,0.96044921875,0.981689453125,0.999267578125,0.988860011100769,0.8695124983787537,0.9355201721191406,0.9321907758712769,0.9227633476257324,0.9604265689849854,0.9803187847137451,0.9997028112411499
4860,train,1.3568477630615234,3.8839309144788428,0.583251953125,,,,1.3768644332885742,0.20016714930534363,0.1,0.5,0.9479847550392151,0.945587158203125,7.564697265625,0.945587158203125,0.054412841796875,0.1296241283416748,3.0535739297963565e-05,0.8758388161659241,0.007790619507431984,0.8758041858673096,19910656,0.27198620792478323,15059.587143230194,,0.98779296875,0.872802734375,0.931396484375,0.927734375,0.909912109375,0.95751953125,0.978515625,0.9990234375,0.9888485074043274,0.8796285390853882,0.9355217218399048,0.9298850893974304,0.9133987426757812,0.9581887722015381,0.9787031412124634,0.9997032284736633
4880,train,1.4273158311843872,4.167497897670045,0.56396484375,,,,1.4476901292800903,0.20374274253845215,0.1,0.5,0.9492521286010742,0.949859619140625,7.598876953125,0.949859619140625,0.050140380859375,0.12855002284049988,3.0392730472255136e-05,0.8752471208572388,0.00598860951140523,0.875226616859436,19992576,0.27054833387956023,15139.623819762322,,0.9892578125,0.882080078125,0.931640625,0.93310546875,0.923828125,0.95849609375,0.980712890625,0.999755859375,0.9887653589248657,0.8769587278366089,0.9355008602142334,0.9320133924484253,0.9186468124389648,0.960373044013977,0.9820554256439209,0.9997033476829529
4900,train,1.3954282999038696,4.0367031219961165,0.568115234375,,,,1.4156501293182373,0.20221781730651855,0.1,0.5,0.9477428793907166,0.9481201171875,7.5849609375,0.9481201171875,0.0518798828125,0.1312476247549057,3.0271854129618143e-05,0.8598890900611877,0.006874732673168182,0.8598616123199463,20074496,0.2980672917328775,13741.863376511506,,0.987060546875,0.88037109375,0.932373046875,0.93701171875,0.916015625,0.95166015625,0.980712890625,0.999755859375,0.98890221118927,0.8756749033927917,0.9338655471801758,0.9307673573493958,0.9167693853378296,0.9566928148269653,0.9795854687690735,0.9996853470802307
4920,train,1.3423645496368408,3.8280845080373953,0.58056640625,,,,1.3625820875167847,0.20217564702033997,0.1,0.5,0.9480493068695068,0.9478759765625,7.5830078125,0.9478759765625,0.0521240234375,0.1321055293083191,3.0173130144860357e-05,0.8866272568702698,0.008178150281310081,0.886589527130127,20156416,0.3007972086779773,13617.147639109346,,0.99072265625,0.879638671875,0.92626953125,0.926025390625,0.91455078125,0.964111328125,0.98193359375,0.999755859375,0.9889160990715027,0.8766841888427734,0.9308424592018127,0.9296196103096008,0.9181352257728577,0.9584448337554932,0.9820762872695923,0.999675989151001
4940,train,1.3494266271591187,3.855214421617474,0.582275390625,,,,1.3693052530288696,0.19878676533699036,0.1,0.5,0.9460936784744263,0.94384765625,7.55078125,0.94384765625,0.05615234375,0.13444679975509644,3.00965747504403e-05,0.8388543128967285,0.006467276718467474,0.8388293981552124,20238336,0.24356654193252325,16816.75967274167,,0.987548828125,0.864501953125,0.92919921875,0.924072265625,0.913330078125,0.95166015625,0.980712890625,0.999755859375,0.9889270067214966,0.8716223835945129,0.9314638376235962,0.926946759223938,0.9138326644897461,0.9551992416381836,0.9810700416564941,0.999687910079956
4960,train,1.4054285287857056,4.07727359605512,0.567626953125,,,,1.425495982170105,0.20067504048347473,0.1,0.5,0.9464398622512817,0.9459228515625,7.5673828125,0.9459228515625,0.0540771484375,0.13444921374320984,3.0042200533798295e-05,0.9156062006950378,0.007631620857864618,0.9155744314193726,20320256,0.26833854196593165,15264.299977153596,,0.98974609375,0.861328125,0.934814453125,0.92529296875,0.917724609375,0.959228515625,0.9794921875,0.999755859375,0.9887945652008057,0.8636826276779175,0.9311193227767944,0.9293686151504517,0.9173404574394226,0.9591414928436279,0.982369065284729,0.9997028708457947
4980,train,1.3672131299972534,3.9243986527150745,0.5712890625,,,,1.3874013423919678,0.20188233256340027,0.1,0.5,0.9487540125846863,0.947540283203125,7.580322265625,0.947540283203125,0.052459716796875,0.13038790225982666,3.001001643528678e-05,0.8770549297332764,0.007035678252577782,0.8770266771316528,20402176,0.27396766701713204,14950.669342101104,,0.988525390625,0.87255859375,0.93701171875,0.928466796875,0.916259765625,0.9560546875,0.981689453125,0.999755859375,0.9889501929283142,0.8729212284088135,0.9353532791137695,0.9302947521209717,0.9201304912567139,0.9602874517440796,0.9824024438858032,0.9996925592422485
4999,train,1.4160511493682861,4.1208157831023815,0.552490234375,,,,1.4362554550170898,0.20204347372055054,0.1,0.5,0.9476380348205566,0.9478759765625,7.5830078125,0.9478759765625,0.0521240234375,0.13183093070983887,2.9999999999999997e-05,0.9037842154502869,0.006836824584752321,0.9037582874298096,20480000,0.2753254156559706,14876.94112888621,,0.987060546875,0.881103515625,0.93115234375,0.92529296875,0.917724609375,0.960693359375,0.97998046875,1.0,0.9888856410980225,0.873001217842102,0.933894693851471,0.9272457957267761,0.9174162149429321,0.9589866399765015,0.9819965958595276,0.9996771216392517
4999,validation,,,,1.529989926815033,4.618130302784739,0.5426513671875,,0.23284030258655547,,0.5,0.9425736892223359,0.982144775390625,7.857158203125,0.982144775390625,0.017855224609375,0.134544675052166,,,,,,,,4.241869209334254,1.0,1.0,0.9857128858566284,0.989013671875,0.9426659941673279,0.9621923565864563,0.9775732159614563,1.0,0.9890499114990234,0.8768402934074402,0.9312923550605774,0.9178469181060791,0.9009338617324829,0.9498617649078369,0.9749862551689148,0.9997779130935669
