step,split,train_loss,train_perplexity,train_accuracy,val_loss,val_perplexity,val_accuracy,total_loss,density_loss,lambda_density,target_density,mean_soft_gate,mean_hard_gate,layers_per_token,compute_fraction,skip_fraction,routing_entropy,learning_rate,gradient_norm,router_gradient_norm,transformer_gradient_norm,tokens_processed,seconds_per_step,tokens_per_second,validation_time_sec,layer_0_density,layer_1_density,layer_2_density,layer_3_density,layer_4_density,layer_5_density,layer_6_density,layer_7_density,layer_0_soft_probability,layer_1_soft_probability,layer_2_soft_probability,layer_3_soft_probability,layer_4_soft_probability,layer_5_soft_probability,layer_6_soft_probability,layer_7_soft_probability
0,train,4.174639701843262,65.01641014773124,0.0205078125,,,,4.174639701843262,0.16018769145011902,0.0,0.5,0.9000154733657837,0.90020751953125,7.20166015625,0.90020751953125,0.09979248046875,0.3250488340854645,2.9999999999999997e-05,5.660778522491455,0.009718812070786953,5.660770416259766,4096,0.37704191729426384,10863.513609823018,,0.892578125,0.90380859375,0.90478515625,0.89892578125,0.8994140625,0.8935546875,0.905029296875,0.903564453125,0.9000506401062012,0.9000331163406372,0.9000584483146667,0.900091290473938,0.899891197681427,0.9000999927520752,0.8998485803604126,0.9000507593154907
20,train,3.458509922027588,31.76960204340806,0.152587890625,,,,3.458509922027588,0.16114813089370728,0.0,0.5,0.9004862904548645,0.90142822265625,7.21142578125,0.90142822265625,0.09857177734375,0.3240129351615906,6.599999999999999e-05,1.1507548093795776,0.004385992418974638,1.150746464729309,86016,0.646680791862309,6333.882267021345,,0.900634765625,0.89892578125,0.901611328125,0.90087890625,0.905517578125,0.899658203125,0.90234375,0.90185546875,0.9002740383148193,0.899969220161438,0.900574266910553,0.9006136655807495,0.9004911184310913,0.9005938768386841,0.9006100296974182,0.9007638692855835
40,train,3.070439338684082,21.551368945473417,0.22705078125,,,,3.070439338684082,0.16425350308418274,0.0,0.5,0.901483952999115,0.905242919921875,7.241943359375,0.905242919921875,0.094757080078125,0.3218095898628235,0.00012599999999999997,1.5785870552062988,0.04120340943336487,1.5780491828918457,167936,0.3035149578936398,13495.216276739,,0.9169921875,0.898681640625,0.90478515625,0.90234375,0.8984375,0.904541015625,0.907470703125,0.90869140625,0.9011418223381042,0.9011023044586182,0.9017429351806641,0.901753842830658,0.9016939997673035,0.9015219807624817,0.9012981653213501,0.9016166925430298
60,train,2.785160779953003,16.202422692114972,0.258056640625,,,,2.785160779953003,0.16412216424942017,0.0,0.5,0.9050780534744263,0.905059814453125,7.240478515625,0.905059814453125,0.094940185546875,0.3137603998184204,0.000186,1.1342829465866089,0.0566619373857975,1.1328667402267456,249856,0.27594870794564486,14843.338207645502,,0.91259765625,0.895751953125,0.90380859375,0.902587890625,0.893310546875,0.91162109375,0.910888671875,0.909912109375,0.9028255939483643,0.9034609794616699,0.9044433832168579,0.9049252271652222,0.905462384223938,0.905868411064148,0.9061272144317627,0.9075108766555786
80,train,2.6438684463500977,14.0675179223553,0.27978515625,,,,2.6438684463500977,0.17031145095825195,0.0,0.5,0.9131120443344116,0.91265869140625,7.30126953125,0.91265869140625,0.08734130859375,0.2950073778629303,0.00024599999999999996,1.0685570240020752,0.03826889023184776,1.0678715705871582,331776,0.2739247498102486,14953.011740769516,,0.907470703125,0.9052734375,0.911376953125,0.913330078125,0.91552734375,0.909423828125,0.91943359375,0.91943359375,0.9054150581359863,0.9077119827270508,0.9099029302597046,0.9122767448425293,0.9141289591789246,0.9164525866508484,0.9176315665245056,0.9213768243789673
100,train,2.5913643836975098,13.347970938877921,0.263427734375,,,,2.5913643836975098,0.18194010853767395,0.0,0.5,0.9252597689628601,0.926422119140625,7.411376953125,0.926422119140625,0.073577880859375,0.26455146074295044,0.0002999999722532997,0.7629353404045105,0.0337572880089283,0.762188196182251,413696,0.27295208303257823,15006.296909304485,,0.907470703125,0.918212890625,0.91796875,0.931396484375,0.93212890625,0.934326171875,0.928955078125,0.94091796875,0.9090983867645264,0.9144591093063354,0.9192395806312561,0.9245645403862,0.9291016459465027,0.9318245053291321,0.9347368478775024,0.9390536546707153
120,train,2.5336761474609375,12.599739604834902,0.27099609375,,,,2.5336761474609375,0.19208142161369324,0.0,0.5,0.9376953840255737,0.938079833984375,7.504638671875,0.938079833984375,0.061920166015625,0.23088546097278595,0.0002999877638895945,1.4505022764205933,0.025853699073195457,1.4502718448638916,495616,0.2807948337867856,14587.162964366336,,0.912841796875,0.92724609375,0.93115234375,0.9375,0.951171875,0.942138671875,0.951171875,0.951416015625,0.9140402674674988,0.9243243932723999,0.9331316947937012,0.9392690062522888,0.9442381262779236,0.9455039501190186,0.9487775564193726,0.9522775411605835
140,train,2.5378339290618896,12.65223562821522,0.2685546875,,,,2.5378339290618896,0.20029041171073914,0.0,0.5,0.9476245045661926,0.947357177734375,7.578857421875,0.947357177734375,0.052642822265625,0.20175358653068542,0.0002999533604809292,0.7122705578804016,0.024507567286491394,0.711848795413971,577536,0.2889883751049638,14173.58050652483,,0.920166015625,0.934814453125,0.946533203125,0.952880859375,0.960205078125,0.955078125,0.9501953125,0.958984375,0.9199693202972412,0.9351808428764343,0.9468966722488403,0.9521679878234863,0.9561479687690735,0.9556784629821777,0.9567948579788208,0.9581600427627563
160,train,2.509671449661255,12.300887935627907,0.286376953125,,,,2.509671449661255,0.2077437937259674,0.0,0.5,0.954806923866272,0.955596923828125,7.644775390625,0.955596923828125,0.044403076171875,0.17899289727210999,0.0002998967676840031,0.6878716349601746,0.029755929484963417,0.6872277855873108,659456,0.2879207502119243,14226.136869208405,,0.92724609375,0.940185546875,0.96044921875,0.96337890625,0.963134765625,0.9599609375,0.968017578125,0.96240234375,0.9265953302383423,0.9439367055892944,0.9549224972724915,0.9603854417800903,0.9632218480110168,0.9618152379989624,0.9635719060897827,0.9640061855316162
180,train,2.5036234855651855,12.226717124329364,0.281005859375,,,,2.5036234855651855,0.21362993121147156,0.0,0.5,0.9627417325973511,0.9620361328125,7.6962890625,0.9620361328125,0.0379638671875,0.153718501329422,0.0002998179948039535,0.7398913502693176,0.03470925614237785,0.7390767931938171,741376,0.28591879177838564,14325.746043214926,,0.9326171875,0.953857421875,0.966796875,0.972900390625,0.96826171875,0.971435546875,0.965087890625,0.96533203125,0.934080958366394,0.9551112651824951,0.9661728739738464,0.9703851938247681,0.9707931876182556,0.9685531854629517,0.9683266282081604,0.9685107469558716
200,train,2.458461284637451,11.686815015963319,0.291259765625,,,,2.458461284637451,0.2198009192943573,0.0,0.5,0.9676594138145447,0.968719482421875,7.749755859375,0.968719482421875,0.031280517578125,0.1371190994977951,0.00029971705479282546,0.7426084280014038,0.026583367958664894,0.7421324253082275,823296,0.29373783292248845,13944.407362332699,,0.944580078125,0.96240234375,0.970458984375,0.97900390625,0.975341796875,0.9716796875,0.97265625,0.9736328125,0.9413712024688721,0.9627445340156555,0.9733067750930786,0.9742137789726257,0.974848747253418,0.9724156856536865,0.9713601469993591,0.9710144400596619
220,train,2.43917179107666,11.463542601839277,0.29150390625,,,,2.43917179107666,0.22384551167488098,0.0,0.5,0.9739964008331299,0.972991943359375,7.783935546875,0.972991943359375,0.027008056640625,0.11664147675037384,0.00029959396424744254,0.6862531304359436,0.023646002635359764,0.6858456134796143,905216,0.36186637496575713,11319.095343930749,,0.945068359375,0.969482421875,0.97705078125,0.981201171875,0.979736328125,0.980712890625,0.974609375,0.97607421875,0.9493356943130493,0.971889853477478,0.9801716804504395,0.9796098470687866,0.9806854128837585,0.9774441719055176,0.977323055267334,0.9755113124847412
240,train,2.404132127761841,11.068819791044582,0.301025390625,,,,2.404132127761841,0.22866809368133545,0.0,0.5,0.9797157645225525,0.97808837890625,7.82470703125,0.97808837890625,0.02191162109375,0.09656713157892227,0.0002994487434066776,0.6409984827041626,0.03421115130186081,0.6400849223136902,987136,0.2703474583104253,15150.872975091137,,0.952392578125,0.97998046875,0.986328125,0.98291015625,0.983642578125,0.979248046875,0.98095703125,0.979248046875,0.9572030305862427,0.9802059531211853,0.9867118000984192,0.985334575176239,0.9855515956878662,0.9812794923782349,0.9814083576202393,0.9800315499305725
249,validation,,,,2.417341361045837,11.216000344932416,0.2920458984375,,0.25,,0.5,0.9817582309246063,1.0,8.0,1.0,0.0,0.08884213998913765,,,,,,,,4.275226042140275,1.0,1.0,1.0,1.0,1.0,1.0,1.0,1.0,0.960368812084198,0.9823260307312012,0.9885200262069702,0.9875414371490479,0.9871065616607666,0.9825535416603088,0.9834562540054321,0.9821934700012207
260,train,2.4316935539245605,11.378135257872426,0.287353515625,,,,2.4316935539245605,0.23340141773223877,0.0,0.5,0.9836536645889282,0.983062744140625,7.864501953125,0.983062744140625,0.016937255859375,0.08123992383480072,0.00029928141614812506,0.7782911062240601,0.021421626210212708,0.7779962420463562,1069056,0.29799049999564886,13745.404635583376,,0.966796875,0.985595703125,0.989501953125,0.990234375,0.98876953125,0.9833984375,0.98046875,0.979736328125,0.9641634821891785,0.9853983521461487,0.9902903437614441,0.989119291305542,0.9882997274398804,0.9833455085754395,0.9847691655158997,0.9838430881500244
280,train,2.3940072059631348,10.957314301011218,0.2998046875,,,,2.3940072059631348,0.23730269074440002,0.0,0.5,0.986901581287384,0.987091064453125,7.896728515625,0.987091064453125,0.012908935546875,0.06780970096588135,0.00029909200998417515,0.8436170816421509,0.02332117222249508,0.8432946801185608,1150976,0.5857693329453468,6992.513553764623,,0.971435546875,0.990966796875,0.994384765625,0.993408203125,0.98779296875,0.9873046875,0.98681640625,0.984619140625,0.970691442489624,0.9911811351776123,0.9934627413749695,0.9910963177680969,0.9907240271568298,0.9855664968490601,0.9868372678756714,0.9856530427932739
300,train,2.378983974456787,10.793930381734578,0.293701171875,,,,2.378983974456787,0.2392016351222992,0.0,0.5,0.989442765712738,0.989044189453125,7.912353515625,0.989044189453125,0.010955810546875,0.05714768171310425,0.00029888055605748994,0.6882239580154419,0.016815751791000366,0.6880185008049011,1232896,0.29774833424016833,13756.58409795201,,0.975830078125,0.995361328125,0.995849609375,0.990966796875,0.9931640625,0.985107421875,0.988525390625,0.987548828125,0.9766844511032104,0.9937728047370911,0.9944547414779663,0.9924072027206421,0.9928328990936279,0.988267183303833,0.9890133142471313,0.9881094694137573
320,train,2.3248977661132812,10.22563462597922,0.316162109375,,,,2.3248977661132812,0.24226698279380798,0.0,0.5,0.9915629625320435,0.9921875,7.9375,0.9921875,0.0078125,0.04748563840985298,0.00029864708913588306,0.7333520650863647,0.025319956243038177,0.7329148054122925,1314816,0.2725571249611676,15028.0422886893,,0.982421875,0.997314453125,0.99658203125,0.990966796875,0.993408203125,0.99072265625,0.992919921875,0.9931640625,0.981816828250885,0.9957262277603149,0.9957339763641357,0.9937068223953247,0.9942330121994019,0.9906933307647705,0.990420401096344,0.9901732206344604
340,train,2.3138608932495117,10.113396117073586,0.312255859375,,,,2.3138608932495117,0.2432880401611328,0.0,0.5,0.9930522441864014,0.99322509765625,7.94580078125,0.99322509765625,0.00677490234375,0.04042677581310272,0.0002983916476066029,0.6789866089820862,0.011563962325453758,0.6788881421089172,1396736,0.28452204167842865,14396.072711404779,,0.984375,0.99853515625,0.9970703125,0.99462890625,0.995849609375,0.991943359375,0.991455078125,0.991943359375,0.9862813949584961,0.9973547458648682,0.9969121813774109,0.994327187538147,0.9952696561813354,0.992534875869751,0.9913412928581238,0.9903969764709473
360,train,2.3555831909179688,10.544276395158604,0.303955078125,,,,2.3555831909179688,0.24475744366645813,0.0,0.5,0.9943171143531799,0.994720458984375,7.957763671875,0.994720458984375,0.005279541015625,0.03418690338730812,0.0002981142734700209,0.8029497265815735,0.020097553730010986,0.8026981353759766,1478656,0.3094176249578595,13237.77209057773,,0.9892578125,0.998779296875,0.998779296875,0.99560546875,0.995849609375,0.99365234375,0.993408203125,0.992431640625,0.9893838167190552,0.9979685544967651,0.997377872467041,0.9953741431236267,0.9961880445480347,0.9938915371894836,0.9927249550819397,0.9916278123855591
380,train,2.2987022399902344,9.961246755227073,0.315673828125,,,,2.2987022399902344,0.2454485297203064,0.0,0.5,0.9953908920288086,0.99542236328125,7.96337890625,0.99542236328125,0.00457763671875,0.028696466237306595,0.0002978150123327258,0.6943109035491943,0.01492383424192667,0.694150447845459,1560576,0.2938385000452399,13939.63010078452,,0.991455078125,0.998291015625,0.997314453125,0.995849609375,0.998291015625,0.994384765625,0.99365234375,0.994140625,0.9915969371795654,0.9985039234161377,0.9976089000701904,0.9963210821151733,0.9969136714935303,0.9949065446853638,0.9940682649612427,0.9932080507278442
400,train,2.296928644180298,9.943595187720469,0.325439453125,,,,2.296928644180298,0.2465974986553192,0.0,0.5,0.9963521957397461,0.99658203125,7.97265625,0.99658203125,0.00341796875,0.0236067995429039,0.0002974939134000249,0.965228259563446,0.008576654829084873,0.9651901721954346,1642496,0.3331325417384505,12295.406442808151,,0.993896484375,0.99951171875,0.997802734375,0.997802734375,0.998046875,0.99609375,0.995849609375,0.99365234375,0.9936994314193726,0.9987801313400269,0.9979312419891357,0.997252881526947,0.9973112344741821,0.9957854151725769,0.9953908920288086,0.994666576385498
420,train,2.2315664291381836,9.314445076193278,0.350830078125,,,,2.2315664291381836,0.2470206916332245,0.0,0.5,0.9970521926879883,0.99700927734375,7.97607421875,0.99700927734375,0.00299072265625,0.0197468064725399,0.0002971510294678535,0.8056082129478455,0.01085076853632927,0.8055351376533508,1724416,0.28111566603183746,14570.514898077974,,0.99365234375,0.9990234375,0.998291015625,0.998291015625,0.997314453125,0.996826171875,0.99609375,0.99658203125,0.9951034188270569,0.9989919662475586,0.998329222202301,0.9976340532302856,0.9976052045822144,0.9964724779129028,0.9963613748550415,0.9959203004837036
440,train,2.2006208896636963,9.030618776980013,0.35107421875,,,,2.2006208896636963,0.24750623106956482,0.0,0.5,0.9974958300590515,0.99749755859375,7.97998046875,0.99749755859375,0.00250244140625,0.017222734168171883,0.00029678641691409396,0.714081346988678,0.002944381907582283,0.7140753269195557,1806336,0.28723366698250175,14260.166793920882,,0.99755859375,0.99951171875,0.998046875,0.9970703125,0.9990234375,0.994873046875,0.99853515625,0.995361328125,0.9962316751480103,0.999203085899353,0.9984809160232544,0.997836709022522,0.9978781342506409,0.9967764616012573,0.9970520734786987,0.9965077638626099
460,train,2.2321996688842773,9.320345220934252,0.34423828125,,,,2.2321996688842773,0.2478087842464447,0.0,0.5,0.9979056715965271,0.997802734375,7.982421875,0.997802734375,0.002197265625,0.01479105930775404,0.0002964001356893063,0.8644683957099915,0.013854346238076687,0.8643573522567749,1888256,0.29056158382445574,14096.839458565932,,0.997802734375,0.999267578125,0.9990234375,0.99755859375,0.997802734375,0.995361328125,0.99755859375,0.998046875,0.9968835711479187,0.9993338584899902,0.9987245798110962,0.997970461845398,0.9982072710990906,0.9973456263542175,0.997664749622345,0.9971149563789368
480,train,2.157710552215576,8.651308249422586,0.37109375,,,,2.157710552215576,0.247869610786438,0.0,0.5,0.9982743263244629,0.99786376953125,7.98291015625,0.99786376953125,0.00213623046875,0.012530477717518806,0.00029599224930687063,0.7510040998458862,0.007770753465592861,0.7509639263153076,1970176,0.2837123326025903,14437.15880246019,,0.997802734375,0.99951171875,0.999267578125,0.998291015625,0.997802734375,0.996337890625,0.997802734375,0.99609375,0.9976379871368408,0.9994603395462036,0.9988663196563721,0.9983084797859192,0.9984095096588135,0.9977005124092102,0.998197615146637,0.9976141452789307
499,validation,,,,2.1822143173217774,8.865916491529669,0.3543408203125,,0.25,,0.5,0.9985265469551087,1.0,8.0,1.0,0.0,0.010947267189621926,,,,,,,,4.545116666238755,1.0,1.0,1.0,1.0,1.0,1.0,1.0,1.0,0.9981067180633545,0.9995176196098328,0.9989774227142334,0.9985330700874329,0.9986234307289124,0.9980719685554504,0.9984949231147766,0.9978871941566467
500,train,2.149399757385254,8.579706945541416,0.350341796875,,,,2.149399757385254,0.24832487106323242,0.0,0.5,0.9985312819480896,0.998321533203125,7.986572265625,0.998321533203125,0.001678466796875,0.010916836559772491,0.00029556282483254393,0.7393121719360352,0.015870383009314537,0.7391418218612671,2052096,0.20490120816975832,19990.121271547167,,0.997802734375,1.0,0.998779296875,0.998291015625,0.998291015625,0.99755859375,0.998046875,0.997802734375,0.9981365203857422,0.9995183944702148,0.9989770650863647,0.9985347390174866,0.9986265897750854,0.9980736970901489,0.9984956979751587,0.9978874921798706
520,train,2.171128273010254,8.768171352985036,0.36572265625,,,,2.171626329421997,0.24905508756637573,0.0019999999999999953,0.5,0.9987070560455322,0.999053955078125,7.992431640625,0.999053955078125,0.000946044921875,0.009775934740900993,0.00029511193287343353,0.9095840454101562,0.004987380001693964,0.9095703959465027,2134016,0.27456279192119837,14918.26321891272,,0.998046875,0.999267578125,0.998779296875,0.999267578125,0.998779296875,0.99951171875,0.999755859375,0.9990234375,0.9985467195510864,0.9995503425598145,0.9990075826644897,0.9987767338752747,0.9987999796867371,0.9981006979942322,0.9986902475357056,0.9981844425201416
540,train,2.152585506439209,8.607083322806812,0.369384765625,,,,2.1535816192626953,0.24905508756637573,0.0039999999999999975,0.5,0.9989067316055298,0.999053955078125,7.992431640625,0.999053955078125,0.000946044921875,0.008455517701804638,0.00029463964756638725,0.7434867024421692,0.006702368147671223,0.7434564828872681,2215936,0.2847200413234532,14386.061413031275,,0.998291015625,0.999755859375,0.9990234375,0.998291015625,0.99951171875,0.9990234375,0.999267578125,0.999267578125,0.9988846778869629,0.9996176958084106,0.999072253704071,0.998910129070282,0.9989674091339111,0.9984240531921387,0.9989503622055054,0.9984275698661804
560,train,2.1143875122070312,8.284510050594285,0.371826171875,,,,2.115882158279419,0.24911588430404663,0.005999999999999999,0.5,0.9990631341934204,0.999114990234375,7.992919921875,0.999114990234375,0.000885009765625,0.00739024393260479,0.0002941460465658037,0.8163048624992371,0.006986846216022968,0.8162749409675598,2297856,0.2803329578600824,14611.196740000738,,0.9990234375,0.999755859375,0.998779296875,0.999267578125,0.998779296875,0.9990234375,0.99951171875,0.998779296875,0.9991294145584106,0.999679684638977,0.9992090463638306,0.9990257620811462,0.9991188049316406,0.9986000657081604,0.9990965723991394,0.9986457824707031
580,train,2.074463367462158,7.9602735708436585,0.389404296875,,,,2.07645583152771,0.24905505776405334,0.008000000000000002,0.5,0.9991673827171326,0.999053955078125,7.992431640625,0.999053955078125,0.000946044921875,0.006658555008471012,0.00029363121103086404,0.9636699557304382,0.010263958014547825,0.9636152386665344,2379776,0.2732765004038811,14988.482339119668,,0.9990234375,0.99951171875,0.99853515625,0.9990234375,0.99853515625,0.9990234375,1.0,0.998779296875,0.9992241859436035,0.9997103214263916,0.9992812871932983,0.9990553855895996,0.9993140697479248,0.9987106323242188,0.9992026090621948,0.9988408088684082
600,train,2.087454319000244,8.064359724283982,0.385009765625,,,,2.0899479389190674,0.24935966730117798,0.009999999999999997,0.5,0.9992749691009521,0.999359130859375,7.994873046875,0.999359130859375,0.000640869140625,0.005906247533857822,0.0002930952256121879,0.8273210525512695,0.008847014978528023,0.8272737860679626,2461696,0.3242276660166681,12633.098372886632,,0.9990234375,1.0,0.99951171875,0.998779296875,0.999267578125,0.999267578125,0.999755859375,0.999267578125,0.9993724226951599,0.9997285604476929,0.9993305206298828,0.9991741180419922,0.9994070529937744,0.9989240169525146,0.99930739402771,0.998955488204956
620,train,2.0820045471191406,8.020530341964855,0.3818359375,,,,2.0849950313568115,0.24920743703842163,0.011999999999999999,0.5,0.99934983253479,0.99920654296875,7.99365234375,0.99920654296875,0.00079345703125,0.005338736344128847,0.0002925381784379147,0.9962098002433777,0.010496441274881363,0.9961544871330261,2543616,0.27479708287864923,14905.54396390299,,0.99853515625,1.0,0.99951171875,0.998291015625,0.99951171875,0.9990234375,0.99951171875,0.999267578125,0.9994110465049744,0.9997096061706543,0.9994208812713623,0.9992663860321045,0.9994450211524963,0.9990193843841553,0.9994022250175476,0.9991244077682495
640,train,2.0678553581237793,7.907845422375036,0.393798828125,,,,2.0713462829589844,0.24935966730117798,0.014,0.5,0.9994244575500488,0.999359130859375,7.994873046875,0.999359130859375,0.000640869140625,0.004830545280128717,0.0002919601610992131,0.8417141437530518,0.0065576969645917416,0.8416885733604431,2625536,0.2864239998161793,14300.477622785535,,0.9990234375,0.99951171875,1.0,0.99951171875,0.999755859375,0.998779296875,0.9990234375,0.999267578125,0.9995700120925903,0.999732494354248,0.9994670152664185,0.9993031620979309,0.9994442462921143,0.9991726875305176,0.9994436502456665,0.9992626905441284
660,train,2.0982065200805664,8.151537176492205,0.3818359375,,,,2.1021947860717773,0.24926820397377014,0.016000000000000004,0.5,0.9994547367095947,0.999267578125,7.994140625,0.999267578125,0.000732421875,0.004610800184309483,0.00029136126863522205,1.0166233777999878,0.02362901158630848,1.0163487195968628,2707456,0.27871333435177803,14696.103469632471,,0.999267578125,0.999755859375,0.9990234375,0.99951171875,0.999267578125,0.998779296875,0.99951171875,0.9990234375,0.9996297359466553,0.9997183084487915,0.9994875192642212,0.9992662668228149,0.9994213581085205,0.9992557168006897,0.9994898438453674,0.9993692636489868
680,train,2.0005109310150146,7.392832361485958,0.4072265625,,,,2.0049993991851807,0.24935978651046753,0.018000000000000006,0.5,0.9994945526123047,0.999359130859375,7.994873046875,0.999359130859375,0.000640869140625,0.004307881463319063,0.00029074159951742346,0.9178389310836792,0.015784665942192078,0.9177032113075256,2789376,0.2851548749022186,14364.124062071687,,0.99951171875,1.0,0.999267578125,0.998779296875,1.0,0.99853515625,0.99951171875,0.999267578125,0.9996976852416992,0.9997261166572571,0.999521791934967,0.9992622137069702,0.9994651675224304,0.9993010759353638,0.9995293021202087,0.9994535446166992
700,train,2.051132917404175,7.776706483604801,0.39697265625,,,,2.0561225414276123,0.24948161840438843,0.020000000000000007,0.5,0.9995400309562683,0.999481201171875,7.995849609375,0.999481201171875,0.000518798828125,0.003963131457567215,0.0002901012556334517,0.9344239830970764,0.006937837693840265,0.9343982338905334,2871296,0.2881938749924302,14212.654589232983,,0.999755859375,0.999755859375,0.99951171875,0.999755859375,0.999267578125,0.99853515625,0.999755859375,0.99951171875,0.9997543692588806,0.9997418522834778,0.9995577335357666,0.9993133544921875,0.9995162487030029,0.9993726015090942,0.9995681047439575,0.9994959831237793
720,train,2.075171947479248,7.96591606046814,0.39111328125,,,,2.0806632041931152,0.2496034801006317,0.021999999999999995,0.5,0.9995640516281128,0.999603271484375,7.996826171875,0.999603271484375,0.000396728515625,0.0037758792750537395,0.00028944034227034083,0.9190422892570496,0.0027698876801878214,0.9190381169319153,2953216,0.27262662537395954,15024.211206009511,,0.999755859375,0.999755859375,0.999755859375,0.9990234375,0.999755859375,0.99951171875,0.99951171875,0.999755859375,0.999791145324707,0.9997393488883972,0.9995566606521606,0.9993146657943726,0.9995298981666565,0.9993769526481628,0.9996130466461182,0.9995908141136169
740,train,1.9967317581176758,7.3649462961114995,0.413818359375,,,,2.002716302871704,0.24935972690582275,0.023999999999999997,0.5,0.9995911717414856,0.999359130859375,7.994873046875,0.999359130859375,0.000640869140625,0.0035685489419847727,0.00028875896809721314,0.751975953578949,0.0016112386947497725,0.7519742250442505,3035136,0.27695870818570256,14789.208206638537,,1.0,0.99951171875,0.99951171875,0.99853515625,0.9990234375,0.9990234375,0.99951171875,0.999755859375,0.999803900718689,0.9997159838676453,0.9995852708816528,0.9993665218353271,0.999523401260376,0.9994163513183594,0.999659538269043,0.9996587038040161
749,validation,,,,2.016477057933807,7.511814576289681,0.404609375,,0.25,,0.5,0.9996052718162537,1.0,8.0,1.0,0.0,0.0034589151246473193,,,,,,,,4.741647582966834,1.0,1.0,1.0,1.0,1.0,1.0,1.0,1.0,0.9998106360435486,0.999721884727478,0.9995841979980469,0.9993978142738342,0.9995233416557312,0.9994308352470398,0.9996850490570068,0.999687910079956
760,train,1.9490563869476318,7.02205834745458,0.421142578125,,,,1.9555444717407227,0.2495424747467041,0.026000000000000002,0.5,0.9996131062507629,0.999542236328125,7.996337890625,0.999542236328125,0.000457763671875,0.003393725026398897,0.00028805724514741114,0.8814023733139038,0.012603122740983963,0.8813123106956482,3117056,0.28595754178240895,14323.804766501775,,0.999267578125,0.999755859375,0.999755859375,0.99951171875,0.999755859375,0.999267578125,0.99951171875,0.99951171875,0.999811053276062,0.9997307062149048,0.9995698928833008,0.9993845224380493,0.9995481967926025,0.9994268417358398,0.9997180700302124,0.9997158050537109
780,train,1.9739782810211182,7.199260273995806,0.4130859375,,,,1.9809637069702148,0.24948161840438843,0.028,0.5,0.9996428489685059,0.999481201171875,7.995849609375,0.999481201171875,0.000518798828125,0.003159430343657732,0.0002873352888000772,0.9423810839653015,0.0014814740279689431,0.9423799514770508,3198976,0.2656304999254644,15419.916015477638,,0.999755859375,0.99951171875,0.9990234375,0.999267578125,1.0,0.9990234375,0.999267578125,1.0,0.9998290538787842,0.999755859375,0.9995709657669067,0.9994192123413086,0.9996164441108704,0.9994566440582275,0.9997534155845642,0.9997408390045166
800,train,1.9347387552261353,6.922235421313185,0.426513671875,,,,1.942230463027954,0.24972546100616455,0.030000000000000002,0.5,0.9996523857116699,0.999725341796875,7.997802734375,0.999725341796875,0.000274658203125,0.0030792702455073595,0.00028659321776118243,0.7972938418388367,0.0011734148720279336,0.797292947769165,3280896,0.271889875177294,15064.922874855414,,1.0,0.999755859375,0.999755859375,0.999755859375,0.99951171875,0.999267578125,0.999755859375,1.0,0.9998639822006226,0.9997732639312744,0.9995898008346558,0.9994214773178101,0.9996304512023926,0.9994348883628845,0.9997700452804565,0.9997347593307495
820,train,1.923924207687378,6.8477779150719265,0.42529296875,,,,1.9319144487380981,0.24969500303268433,0.03200000000000001,0.5,0.9996612071990967,0.99969482421875,7.99755859375,0.99969482421875,0.00030517578125,0.002936956472694874,0.0002858311540440085,0.8120047450065613,0.002053043805062771,0.8120021224021912,3362816,0.287407083902508,14251.562433267696,,1.0,0.999755859375,0.9990234375,0.999755859375,0.99951171875,0.999755859375,1.0,0.999755859375,0.9998810887336731,0.9997849464416504,0.9996216297149658,0.9994622468948364,0.9996303915977478,0.9994137287139893,0.9997314214706421,0.9997642040252686
840,train,1.9082289934158325,6.741139617967528,0.421875,,,,1.9167217016220093,0.24978649616241455,0.034,0.5,0.9996941089630127,0.999786376953125,7.998291015625,0.999786376953125,0.000213623046875,0.0027412076015025377,0.0002850492229490863,0.8361461162567139,0.0010288100456818938,0.8361455202102661,3444736,0.4394144588150084,9321.49572648541,,1.0,0.999267578125,1.0,0.99951171875,0.999755859375,0.999755859375,1.0,1.0,0.9998934268951416,0.9998046159744263,0.999657154083252,0.9995204210281372,0.9996257424354553,0.9994348287582397,0.9997971653938293,0.999819278717041
860,train,1.892460823059082,6.63567783487065,0.4326171875,,,,1.901454210281372,0.24981695413589478,0.03599999999999999,0.5,0.9996997117996216,0.99981689453125,7.99853515625,0.99981689453125,0.00018310546875,0.0026322421617805958,0.00028424755304359324,0.8438077569007874,0.0012731760507449508,0.843806803226471,3526656,0.331325416918844,12362.468409730513,,1.0,0.99951171875,0.999755859375,1.0,0.999755859375,1.0,0.999755859375,0.999755859375,0.9998990297317505,0.9998184442520142,0.9996439218521118,0.999559223651886,0.9996318817138672,0.999454140663147,0.99980628490448,0.9997850656509399
880,train,1.9020034074783325,6.699302439560711,0.434814453125,,,,1.9114906787872314,0.24966448545455933,0.038,0.5,0.9997212886810303,0.999664306640625,7.997314453125,0.999664306640625,0.000335693359375,0.002514723688364029,0.00028342627614021435,0.9144802093505859,0.006001254078000784,0.9144605398178101,3608576,0.3056449587456882,13401.169830542096,,0.999755859375,0.999755859375,0.999755859375,0.99951171875,0.999267578125,0.999267578125,1.0,1.0,0.9999095797538757,0.9998295307159424,0.9996439218521118,0.999578058719635,0.9996377229690552,0.9994717836380005,0.9998450875282288,0.9998552799224854
900,train,1.872718334197998,6.505957751128509,0.433349609375,,,,1.8827000856399536,0.24954268336296082,0.039999999999999994,0.5,0.9997363090515137,0.999542236328125,7.996337890625,0.999542236328125,0.000457763671875,0.002393756527453661,0.0002825855272754691,0.7904101610183716,0.012812783941626549,0.7903063297271729,3690496,0.3250639997422695,12600.595585015742,,0.99951171875,1.0,0.9990234375,0.99951171875,0.999755859375,0.99853515625,1.0,1.0,0.9999305009841919,0.9998303651809692,0.9996375441551208,0.9996083974838257,0.999670684337616,0.9995009899139404,0.9998461008071899,0.999866247177124
920,train,1.8806264400482178,6.557611526248133,0.438232421875,,,,1.8911212682724,0.2498779594898224,0.042,0.5,0.9997431039810181,0.9998779296875,7.9990234375,0.9998779296875,0.0001220703125,0.0023345770314335823,0.0002817254446875081,0.8366371393203735,0.0011858126381412148,0.8366363048553467,3772416,0.27302595833316445,15002.236508961496,,1.0,0.999755859375,1.0,1.0,0.999755859375,1.0,0.999755859375,0.999755859375,0.9999407529830933,0.9998375177383423,0.9996518492698669,0.9996156692504883,0.9996777772903442,0.9994916915893555,0.9998608231544495,0.9998688697814941
940,train,1.8751864433288574,6.522034996896299,0.4365234375,,,,1.8861689567565918,0.2496035099029541,0.044000000000000004,0.5,0.9997609853744507,0.999603271484375,7.996826171875,0.999603271484375,0.000396728515625,0.0021768505685031414,0.00028084616979338407,0.7978639006614685,0.0012918290449306369,0.7978628277778625,3854336,0.2979107089340687,13749.086142809641,,1.0,0.99951171875,0.99951171875,0.99951171875,0.999755859375,0.99951171875,0.9990234375,1.0,0.9999444484710693,0.9998452663421631,0.9996577501296997,0.999654233455658,0.999705970287323,0.9995647072792053,0.9998770952224731,0.9998390674591064
960,train,1.842043399810791,6.3094177606198825,0.448486328125,,,,1.8535280227661133,0.24966442584991455,0.046000000000000006,0.5,0.9997694492340088,0.999664306640625,7.997314453125,0.999664306640625,0.000335693359375,0.0021218510810285807,0.00027994784716579927,0.8441721796989441,0.0026561561971902847,0.8441680073738098,3936256,0.32724033296108246,12516.794500655647,,0.999755859375,0.999755859375,0.99951171875,0.99951171875,0.999755859375,0.99951171875,0.999755859375,0.999755859375,0.9999394416809082,0.9998511075973511,0.9996503591537476,0.9996896982192993,0.9997212886810303,0.9995558261871338,0.9998886585235596,0.9998600482940674
980,train,1.8536205291748047,6.382887168073619,0.440185546875,,,,1.8656132221221924,0.2498474419116974,0.04800000000000001,0.5,0.9997646808624268,0.999847412109375,7.998779296875,0.999847412109375,0.000152587890625,0.0021581684704869986,0.00027903062450933475,0.9307835102081299,0.0016704215668141842,0.9307820200920105,4018176,0.2735800826922059,14971.850142352092,,1.0,0.999755859375,1.0,1.0,0.99951171875,0.999755859375,0.999755859375,1.0,0.9999508857727051,0.9998515844345093,0.9996411800384521,0.9996637105941772,0.9997122287750244,0.9995391964912415,0.9998939037322998,0.9998645186424255
999,validation,,,,1.9034239339828491,6.70882573868587,0.4355078125,,0.25,,0.5,0.9997597289085388,1.0,8.0,1.0,0.0,0.0021952545875683427,,,,,,,,7.314122166018933,1.0,1.0,1.0,1.0,1.0,1.0,1.0,1.0,0.9999540448188782,0.9998408555984497,0.9996145367622375,0.9996616244316101,0.999721884727478,0.9995204210281372,0.9998932480812073,0.999870240688324
1000,train,1.8280198574066162,6.221554887391851,0.440673828125,,,,1.8405091762542725,0.24978643655776978,0.05000000000000002,0.5,0.9997608065605164,0.999786376953125,7.998291015625,0.999786376953125,0.000213623046875,0.002186453202739358,0.0002780946526361643,0.7829341888427734,0.0016989883733913302,0.7829323410987854,4100096,0.2568108751438558,15949.480323625605,,1.0,0.999755859375,0.99951171875,0.999755859375,0.999755859375,1.0,0.999755859375,0.999755859375,0.9999557137489319,0.9998413324356079,0.9996142983436584,0.9996631741523743,0.9997237324714661,0.9995225071907043,0.9998940825462341,0.9998713135719299
1020,train,1.834240436553955,6.260377185389462,0.44970703125,,,,1.8472118377685547,0.24945113062858582,0.052000000000000005,0.5,0.9997610449790955,0.99945068359375,7.99560546875,0.99945068359375,0.00054931640625,0.0021821721456944942,0.0002771400854412573,0.7652240991592407,0.0028839611914008856,0.7652186751365662,4182016,0.24243312468752265,16895.380964459473,,1.0,0.99951171875,0.999267578125,0.9990234375,0.9990234375,0.9990234375,1.0,0.999755859375,0.9999533891677856,0.9998526573181152,0.9995765686035156,0.9996474981307983,0.9997474551200867,0.9995453357696533,0.9998962879180908,0.999869704246521
1040,train,1.8043475151062012,6.076005652947002,0.460693359375,,,,1.817814588546753,0.24939016997814178,0.054,0.5,0.9997769594192505,0.9993896484375,7.9951171875,0.9993896484375,0.0006103515625,0.0020538715180009604,0.00027616707987707535,0.830088198184967,0.002721328753978014,0.8300837278366089,4263936,0.3090608329512179,13253.054296422322,,1.0,0.999267578125,0.99951171875,0.999267578125,0.99951171875,0.99853515625,0.99951171875,0.99951171875,0.9999570846557617,0.9998664855957031,0.9995979070663452,0.9996588230133057,0.9997720718383789,0.9995909929275513,0.9998921751976013,0.9998798370361328
1060,train,1.8577656745910645,6.409400075526699,0.4296875,,,,1.8717554807662964,0.24981695413589478,0.056,0.5,0.9997915625572205,0.99981689453125,7.99853515625,0.99981689453125,0.00018310546875,0.0019339518621563911,0.00027517579592776516,0.8874415755271912,0.001110286102630198,0.8874408602714539,4345856,0.2512290417216718,16303.847564477917,,1.0,1.0,0.99951171875,0.999755859375,0.99951171875,1.0,0.999755859375,1.0,0.9999593496322632,0.9998692274093628,0.9996077418327332,0.9996793270111084,0.9997937083244324,0.999634861946106,0.9998922944068909,0.9998958706855774
1080,train,1.7997031211853027,6.047851718816976,0.46484375,,,,1.814195990562439,0.24987798929214478,0.058,0.5,0.9997947812080383,0.9998779296875,7.9990234375,0.9998779296875,0.0001220703125,0.0019048589747399092,0.00027416639658285407,0.7947853207588196,0.000816606858279556,0.7947849035263062,4427776,0.2683264999650419,15264.985010923763,,1.0,1.0,0.99951171875,0.99951171875,1.0,1.0,1.0,1.0,0.9999624490737915,0.9998708963394165,0.9995989799499512,0.9996954798698425,0.9998042583465576,0.9996353387832642,0.9998968839645386,0.9998941421508789
1100,train,1.8146864175796509,6.1391507458202,0.453369140625,,,,1.8296791315078735,0.2498779594898224,0.060000000000000005,0.5,0.999789297580719,0.9998779296875,7.9990234375,0.9998779296875,0.0001220703125,0.00194792659021914,0.00027313904781045063,0.7870558500289917,0.0013732308289036155,0.7870545983314514,4509696,0.2627184996381402,15590.832033685087,,1.0,0.999755859375,0.999755859375,0.999755859375,0.999755859375,1.0,1.0,1.0,0.9999640583992004,0.9998652338981628,0.9995561242103577,0.9996917247772217,0.9998030662536621,0.9996379613876343,0.9998949766159058,0.9999006390571594
1120,train,1.7399675846099854,5.697158744056129,0.475341796875,,,,1.7554638385772705,0.24993896484375,0.06200000000000001,0.5,0.9997908473014832,0.99993896484375,7.99951171875,0.99993896484375,6.103515625e-05,0.001927246805280447,0.00027209391852995554,0.8308772444725037,0.0013359087752178311,0.8308761715888977,4591616,0.2729169591329992,15008.228191506112,,1.0,1.0,0.999755859375,1.0,1.0,1.0,0.999755859375,1.0,0.999967098236084,0.9998707175254822,0.9994872808456421,0.99969482421875,0.999815821647644,0.999680757522583,0.999903678894043,0.9999059438705444
1140,train,1.7647253274917603,5.839968059092835,0.4736328125,,,,1.7807039022445679,0.2496645450592041,0.06400000000000002,0.5,0.9997854232788086,0.999664306640625,7.997314453125,0.999664306640625,0.000335693359375,0.0019631267059594393,0.00027103118058428784,0.8198661208152771,0.0011213955003768206,0.819865345954895,4673536,0.290048333350569,14121.784299478597,,1.0,0.999755859375,0.999267578125,0.9990234375,1.0,0.99951171875,0.999755859375,1.0,0.9999728202819824,0.9998713135719299,0.9994112253189087,0.9997080564498901,0.9998073577880859,0.9996927976608276,0.9999090433120728,0.9999110102653503
1160,train,1.7829885482788086,5.94760458820569,0.466064453125,,,,1.7994744777679443,0.24978646636009216,0.06600000000000002,0.5,0.9997768402099609,0.999786376953125,7.998291015625,0.999786376953125,0.000213623046875,0.0020186533220112324,0.00026995100871162977,0.8186497688293457,0.0013792372774332762,0.818648636341095,4755456,0.2920727920718491,14023.901271133791,,1.0,0.999755859375,0.999755859375,0.999755859375,1.0,0.999267578125,1.0,0.999755859375,0.9999760389328003,0.9998893141746521,0.9993152618408203,0.9996686577796936,0.9998288750648499,0.9997110366821289,0.9999085664749146,0.9999170303344727
1180,train,1.8074607849121094,6.09495137415521,0.45751953125,,,,1.8244400024414062,0.24969501793384552,0.068,0.5,0.9997638463973999,0.99969482421875,7.99755859375,0.99969482421875,0.00030517578125,0.0021117019932717085,0.0002688535805166958,1.045660138130188,0.0007109909784048796,1.0456598997116089,4837376,0.26655975030735135,15366.160852406223,,1.0,0.99951171875,0.9990234375,0.999755859375,0.999755859375,0.99951171875,1.0,1.0,0.9999760389328003,0.9999042749404907,0.9992393255233765,0.9996211528778076,0.9998329877853394,0.9997158050537109,0.9999018907546997,0.9999196529388428
1200,train,1.7419135570526123,5.708256051999107,0.475830078125,,,,1.7593836784362793,0.24957317113876343,0.06999999999999999,0.5,0.9997571706771851,0.99957275390625,7.99658203125,0.99957275390625,0.00042724609375,0.002162434160709381,0.00026773907644153075,0.8745878338813782,0.001724669593386352,0.8745861649513245,4919296,0.25868620816618204,15833.855345580301,,1.0,0.999755859375,0.99853515625,0.9990234375,1.0,0.99951171875,1.0,0.999755859375,0.999971330165863,0.9999070167541504,0.9992427825927734,0.9995785355567932,0.9998189806938171,0.9997241497039795,0.9999061822891235,0.9999090433120728
1220,train,1.7124948501586914,5.5427726292570725,0.494384765625,,,,1.730483889579773,0.24984747171401978,0.07200000000000001,0.5,0.9997522234916687,0.999847412109375,7.998779296875,0.999847412109375,0.000152587890625,0.002199353650212288,0.00026660767973584067,0.8751881122589111,0.0016624069539830089,0.875186562538147,5001216,0.2532611251808703,16173.030886895014,,1.0,1.0,0.99951171875,0.999755859375,0.999755859375,0.999755859375,1.0,1.0,0.9999669790267944,0.9999096393585205,0.9991822838783264,0.9996058940887451,0.9998175501823425,0.9997177124023438,0.9999099373817444,0.999907910823822
1240,train,1.7297933101654053,5.639488163082988,0.48779296875,,,,1.7482798099517822,0.24981702864170074,0.07400000000000001,0.5,0.9997531175613403,0.99981689453125,7.99853515625,0.99981689453125,0.00018310546875,0.0021856585517525673,0.00026545957642686263,0.8214752078056335,0.0012715012999251485,0.8214741945266724,5083136,0.24712333315983415,16574.719787187372,,1.0,1.0,0.999267578125,0.999267578125,1.0,1.0,1.0,1.0,0.9999758005142212,0.9999053478240967,0.999114453792572,0.9996504783630371,0.9998307228088379,0.9997260570526123,0.9999063611030579,0.9999148845672607
1249,validation,,,,1.8311822271347047,6.241260886634494,0.457099609375,,0.25,,0.5,0.9997500455379487,1.0,8.0,1.0,0.0,0.002207835903391242,,,,,,,,3.797552458010614,1.0,1.0,1.0,1.0,1.0,1.0,1.0,1.0,0.9999773502349854,0.9999017119407654,0.9990997314453125,0.9996501803398132,0.9998242855072021,0.9997261762619019,0.9999032616615295,0.9999174475669861
1260,train,1.7498424053192139,5.753695852691097,0.47412109375,,,,1.7688261270523071,0.24978652596473694,0.07600000000000001,0.5,0.9997445940971375,0.999786376953125,7.998291015625,0.999786376953125,0.000213623046875,0.00224525504745543,0.0002642949552887775,0.8157013654708862,0.0008904642309062183,0.815700888633728,5165056,0.2752516670152545,14880.927132670186,,1.0,1.0,0.9990234375,1.0,1.0,0.99951171875,1.0,0.999755859375,0.9999762773513794,0.9998945593833923,0.9990594387054443,0.9996415972709656,0.9998195767402649,0.999736487865448,0.9999066591262817,0.9999223947525024
1280,train,1.6940412521362305,5.441426507500716,0.489013671875,,,,1.713519811630249,0.24972552061080933,0.07800000000000001,0.5,0.9997365474700928,0.999725341796875,7.997802734375,0.999725341796875,0.000274658203125,0.0023069947492331266,0.0002631140078116713,0.8097946643829346,0.0038108841981738806,0.8097857236862183,5246976,0.24704837519675493,16579.748791052978,,1.0,1.0,0.999267578125,0.99951171875,0.999267578125,0.999755859375,1.0,1.0,0.9999802112579346,0.9998877048492432,0.9990420341491699,0.9995965957641602,0.9998196959495544,0.9997308254241943,0.9999095797538757,0.9999257326126099
1300,train,1.745000958442688,5.725906963372337,0.466552734375,,,,1.764986276626587,0.24981698393821716,0.08,0.5,0.9997292160987854,0.99981689453125,7.99853515625,0.99981689453125,0.00018310546875,0.002372240647673607,0.0002619169281700499,0.9095660448074341,0.0012319290544837713,0.909565269947052,5328896,0.24168395809829235,16947.752892784738,,1.0,1.0,0.999267578125,0.999755859375,0.999755859375,0.999755859375,1.0,1.0,0.9999808073043823,0.9998852014541626,0.9990671873092651,0.9995776414871216,0.9997923374176025,0.9996994733810425,0.999906063079834,0.9999246001243591
1320,train,1.7305212020874023,5.643594595299206,0.47998046875,,,,1.7509962320327759,0.2496950775384903,0.08200000000000002,0.5,0.999712347984314,0.99969482421875,7.99755859375,0.99969482421875,0.00030517578125,0.002492601051926613,0.00026070391319091236,0.8814658522605896,0.003671785583719611,0.8814581632614136,5410816,0.24930849997326732,16429.443843427733,,1.0,0.99951171875,0.998779296875,0.999755859375,0.99951171875,1.0,1.0,1.0,0.9999820590019226,0.9998818635940552,0.9989746809005737,0.9995553493499756,0.9997967481613159,0.9996775388717651,0.9999020099639893,0.9999282956123352
1340,train,1.7180407047271729,5.573597436107808,0.489013671875,,,,1.7390073537826538,0.24960359930992126,0.08400000000000002,0.5,0.9997013807296753,0.999603271484375,7.996826171875,0.999603271484375,0.000396728515625,0.0025670945178717375,0.00025947516232138784,0.8190782070159912,0.00076734070898965,0.8190778493881226,5492736,0.24561416683718562,16676.56248312087,,1.0,1.0,0.998779296875,0.9990234375,0.99951171875,0.999755859375,0.999755859375,1.0,0.9999821186065674,0.9998892545700073,0.9988941550254822,0.99955153465271,0.9998065829277039,0.9996532201766968,0.999896228313446,0.999937891960144
1360,train,1.7315924167633057,5.649643335825939,0.4755859375,,,,1.7530714273452759,0.24975597858428955,0.08600000000000002,0.5,0.9996888637542725,0.999755859375,7.998046875,0.999755859375,0.000244140625,0.0026416759938001633,0.00025823087759594256,0.8370353579521179,0.001115894177928567,0.8370346426963806,5574656,0.2923126667737961,14012.393117297439,,1.0,1.0,0.999267578125,0.99951171875,0.99951171875,1.0,0.999755859375,1.0,0.9999836683273315,0.9998853206634521,0.9987584352493286,0.9995553493499756,0.9998195171356201,0.9996626377105713,0.9999029636383057,0.9999438524246216
1380,train,1.7784204483032227,5.920497297377316,0.4599609375,,,,1.8003802299499512,0.24954301118850708,0.08800000000000001,0.5,0.9996874332427979,0.999542236328125,7.996337890625,0.999542236328125,0.000457763671875,0.0026418783236294985,0.0002569712636031599,0.8214503526687622,0.002954987110570073,0.8214450478553772,5656576,0.25554266618564725,16028.634517823839,,1.0,1.0,0.99755859375,0.99951171875,0.999755859375,0.999755859375,1.0,0.999755859375,0.99998539686203,0.999875545501709,0.9986999034881592,0.9995733499526978,0.9998265504837036,0.9996802806854248,0.9999125003814697,0.9999467134475708
1400,train,1.66573965549469,5.289584273249784,0.5029296875,,,,1.6882203817367554,0.24978646636009216,0.09000000000000002,0.5,0.9996641278266907,0.999786376953125,7.998291015625,0.999786376953125,0.000213623046875,0.0027975880075246096,0.0002556965274521024,0.9349496364593506,0.004150066524744034,0.9349404573440552,5738496,0.27090004179626703,15119.96813599769,,1.0,0.99951171875,0.99951171875,0.99951171875,1.0,0.999755859375,1.0,1.0,0.9999853372573853,0.9998700618743896,0.9985415935516357,0.9995370507240295,0.9998385906219482,0.9996805191040039,0.9999125003814697,0.9999480843544006
1420,train,1.6776905059814453,5.353178549991999,0.4970703125,,,,1.7006652355194092,0.24972563982009888,0.09199999999999998,0.5,0.9996587038040161,0.999725341796875,7.997802734375,0.999725341796875,0.000274658203125,0.002819928340613842,0.0002544068787382575,0.8169309496879578,0.001291009713895619,0.8169299364089966,5820416,0.24440700002014637,16758.93079847291,,1.0,1.0,0.99853515625,0.99951171875,1.0,1.0,1.0,0.999755859375,0.9999838471412659,0.9998843669891357,0.9984517097473145,0.9995466470718384,0.9998502135276794,0.9996910095214844,0.999915599822998,0.999945878982544
1440,train,1.6840075254440308,5.3871017169240245,0.482666015625,,,,1.7074788808822632,0.2496950477361679,0.094,0.5,0.9996456503868103,0.99969482421875,7.99755859375,0.99969482421875,0.00030517578125,0.0029107779264450073,0.00025310252950907575,0.8831167221069336,0.0004258328990545124,0.883116602897644,5902336,0.2817819998599589,14536.059798126375,,1.0,0.99951171875,0.9990234375,0.999267578125,0.999755859375,1.0,1.0,1.0,0.9999856948852539,0.999893307685852,0.998364269733429,0.9995341300964355,0.9998341798782349,0.9996967315673828,0.9999078512191772,0.9999489188194275
1460,train,1.6691563129425049,5.307687880053229,0.492919921875,,,,1.6931124925613403,0.2495431900024414,0.096,0.5,0.9996293783187866,0.999542236328125,7.996337890625,0.999542236328125,0.000457763671875,0.0030229436233639717,0.0002517836942291053,0.9165294766426086,0.0017132250359281898,0.9165278673171997,5984256,0.23802458308637142,17208.306582827598,,1.0,0.999755859375,0.997314453125,0.999755859375,0.99951171875,1.0,1.0,1.0,0.999984085559845,0.9998925924301147,0.9982742071151733,0.9995138645172119,0.9998264312744141,0.9996967315673828,0.9998948574066162,0.9999523162841797
1480,train,1.6126883029937744,5.016278394035701,0.507568359375,,,,1.6371434926986694,0.24954304099082947,0.098,0.5,0.9996079206466675,0.999542236328125,7.996337890625,0.999542236328125,0.000457763671875,0.0031684336718171835,0.000250450589744729,0.8141748905181885,0.001608818070963025,0.8141732811927795,6066176,0.2422228748910129,16910.046178929122,,1.0,0.999755859375,0.997802734375,0.998779296875,1.0,1.0,1.0,1.0,0.9999814033508301,0.9998857975006104,0.9981608390808105,0.9994800686836243,0.9998065829277039,0.9996941089630127,0.9998987913131714,0.9999561309814453
1499,validation,,,,1.773688735961914,5.892549380145115,0.47216796875,,0.25,,0.5,0.9995539176464081,1.0,8.0,1.0,0.0,0.0035355945164337755,,,,,,,,3.546741290949285,1.0,1.0,1.0,1.0,1.0,1.0,1.0,1.0,0.9999845623970032,0.9998823404312134,0.9978624582290649,0.9994245171546936,0.9997712969779968,0.9996569752693176,0.9998928904533386,0.9999561309814453
1500,train,1.6299324035644531,5.1035297264585235,0.501953125,,,,1.6548957824707031,0.24963420629501343,0.1,0.5,0.9995561838150024,0.9996337890625,7.9970703125,0.9996337890625,0.0003662109375,0.003519122488796711,0.00024910343524851006,0.8806713819503784,0.0023418499622493982,0.8806682825088501,6148096,0.21972237480804324,18641.706396894726,,1.0,1.0,0.99853515625,0.9990234375,1.0,0.99951171875,1.0,1.0,0.9999846816062927,0.9998828172683716,0.9978684782981873,0.9994286298751831,0.9997738599777222,0.9996604323387146,0.9998935461044312,0.9999566078186035
1520,train,1.622229814529419,5.064370342279065,0.505859375,,,,1.647178053855896,0.24948206543922424,0.1,0.5,0.9995113611221313,0.999481201171875,7.995849609375,0.999481201171875,0.000518798828125,0.003813185729086399,0.0002477424522431518,0.8350234627723694,0.002597516868263483,0.8350194096565247,6230016,0.2495421669445932,16414.059596226278,,1.0,0.999755859375,0.99755859375,0.99951171875,0.999267578125,0.999755859375,1.0,1.0,0.9999843835830688,0.9998822212219238,0.9976181983947754,0.999364972114563,0.9997377395629883,0.9996504783630371,0.9998953342437744,0.9999580979347229
1540,train,1.663684606552124,5.27872508059036,0.502197265625,,,,1.6886358261108398,0.24951240420341492,0.1,0.5,0.9994708895683289,0.99951171875,7.99609375,0.99951171875,0.00048828125,0.004053570330142975,0.00024636786450507755,0.7889311909675598,0.001974471379071474,0.7889286875724792,6311936,0.2470408328808844,16580.254981470884,,1.0,0.999755859375,0.997802734375,0.99951171875,0.99951171875,0.999755859375,0.999755859375,1.0,0.9999866485595703,0.9998805522918701,0.9972987174987793,0.9993366003036499,0.9997357130050659,0.9996728897094727,0.9998962879180908,0.9999593496322632
1560,train,1.7066560983657837,5.5105040514110435,0.480224609375,,,,1.7316012382507324,0.24945159256458282,0.1,0.5,0.9994456768035889,0.99945068359375,7.99560546875,0.99945068359375,0.00054931640625,0.004204270895570517,0.0002449798980476366,0.8698499798774719,0.0026999893598258495,0.8698458075523376,6393856,0.474097624886781,8639.570807759612,,1.0,0.999755859375,0.99755859375,0.99951171875,0.999755859375,0.9990234375,1.0,1.0,0.9999849796295166,0.9998794794082642,0.9971135854721069,0.9993249773979187,0.9997206926345825,0.9996815919876099,0.9999008774757385,0.9999596476554871
1580,train,1.6634546518325806,5.2775113524015165,0.49267578125,,,,1.6883907318115234,0.24936112761497498,0.1,0.5,0.9994416236877441,0.999359130859375,7.994873046875,0.999359130859375,0.000640869140625,0.004242113791406155,0.00024357878108394293,0.8114131689071655,0.001257416675798595,0.8114122152328491,6475776,0.37336104083806276,10970.614370492263,,1.0,1.0,0.99609375,0.999267578125,0.99951171875,1.0,1.0,1.0,0.9999841451644897,0.9998830556869507,0.9971250295639038,0.9993377923965454,0.9996825456619263,0.9996637105941772,0.9998979568481445,0.9999587535858154
1600,train,1.6467372179031372,5.190018272596681,0.508056640625,,,,1.6716670989990234,0.2492993175983429,0.1,0.5,0.9994308352470398,0.999298095703125,7.994384765625,0.999298095703125,0.000701904296875,0.004323330707848072,0.00024216474398935134,0.8024815917015076,0.0031635768245905638,0.8024753332138062,6557696,0.2350413342937827,17426.722037241034,,1.0,0.999755859375,0.997314453125,0.999267578125,0.9990234375,0.9990234375,1.0,1.0,0.9999860525131226,0.9998757839202881,0.9971092939376831,0.9993195533752441,0.9996494650840759,0.9996503591537476,0.9998996257781982,0.9999564290046692
1620,train,1.6133029460906982,5.019362562657223,0.51171875,,,,1.638254165649414,0.24951252341270447,0.1,0.5,0.9994292259216309,0.99951171875,7.99609375,0.99951171875,0.00048828125,0.004341812804341316,0.00024073801926357869,0.7611725330352783,0.0032622823491692543,0.7611654996871948,6639616,0.23237199988216162,17626.90858656433,,1.0,0.999755859375,0.99755859375,0.999755859375,0.999755859375,0.99951171875,0.999755859375,1.0,0.9999866485595703,0.9998649954795837,0.9971350431442261,0.9993031024932861,0.9996308088302612,0.9996547102928162,0.9998974204063416,0.9999608993530273
1640,train,1.6301064491271973,5.10441805046393,0.503173828125,,,,1.6550729274749756,0.24966493248939514,0.1,0.5,0.9993955492973328,0.999664306640625,7.997314453125,0.999664306640625,0.000335693359375,0.004560588393360376,0.00023929884149247573,0.8675083518028259,0.00394437974318862,0.8674993515014648,6721536,0.2792418752796948,14668.287110940493,,1.0,1.0,0.997802734375,0.999755859375,1.0,0.999755859375,1.0,1.0,0.9999874830245972,0.9998522996902466,0.9969707727432251,0.9992550611495972,0.9995843172073364,0.9996539354324341,0.9998984932899475,0.9999622702598572
1660,train,1.652341365814209,5.219185555203673,0.5009765625,,,,1.677268385887146,0.24926961958408356,0.1,0.5,0.9993323087692261,0.999267578125,7.994140625,0.999267578125,0.000732421875,0.004946409724652767,0.00023784744730945588,0.8115167021751404,0.0031028715893626213,0.8115107417106628,6803456,0.25102033419534564,16317.403182215774,,1.0,0.999267578125,0.99609375,0.99951171875,0.999755859375,0.99951171875,1.0,1.0,0.9999885559082031,0.999852180480957,0.9965820908546448,0.9991591572761536,0.9995580911636353,0.9996612668037415,0.9998977780342102,0.9999591112136841
1680,train,1.6023465394973755,4.964668557594528,0.5166015625,,,,1.6272766590118408,0.24930080771446228,0.1,0.5,0.9992828965187073,0.999298095703125,7.994384765625,0.999298095703125,0.000701904296875,0.00522795133292675,0.0002363840753565873,0.814974308013916,0.0036057084798812866,0.8149663209915161,6885376,0.24562537483870983,16675.80152372141,,1.0,1.0,0.995361328125,0.99951171875,1.0,0.999755859375,0.999755859375,1.0,0.9999891519546509,0.9998572468757629,0.9962097406387329,0.999173104763031,0.9995225667953491,0.9996443390846252,0.9999068975448608,0.9999600648880005
1700,train,1.6901850700378418,5.420483781447211,0.490478515625,,,,1.7151150703430176,0.2492997646331787,0.1,0.5,0.999264121055603,0.999298095703125,7.994384765625,0.999298095703125,0.000701904296875,0.00535153690725565,0.00023490896624535468,0.8397279381752014,0.002799960784614086,0.8397232890129089,6967296,0.22001600032672286,18616.8278394183,,1.0,0.999755859375,0.99658203125,0.9990234375,0.999267578125,0.999755859375,1.0,1.0,0.999989926815033,0.9998550415039062,0.9961369037628174,0.9991648197174072,0.9994839429855347,0.9996068477630615,0.9999142289161682,0.9999606609344482
1720,train,1.5553158521652222,4.736582348708027,0.51953125,,,,1.580200433731079,0.2488456666469574,0.1,0.5,0.9991879463195801,0.99884033203125,7.99072265625,0.99884033203125,0.00115966796875,0.005792509764432907,0.00023342236251709726,0.8697494864463806,0.0028939407784491777,0.8697446584701538,7049216,0.4846479156985879,8451.496163139147,,1.0,0.999755859375,0.99365234375,0.999267578125,0.998779296875,0.99951171875,0.999755859375,1.0,0.999988853931427,0.9998541474342346,0.9956347942352295,0.9990882873535156,0.9994953870773315,0.9995701313018799,0.9999122619628906,0.9999600648880005
1740,train,1.637098789215088,5.140234953474584,0.50048828125,,,,1.6620044708251953,0.24905672669410706,0.1,0.5,0.9991227388381958,0.999053955078125,7.992431640625,0.999053955078125,0.000946044921875,0.006137481890618801,0.00023192450860312982,0.7742279767990112,0.003018926130607724,0.7742220759391785,7131136,0.5280037499032915,7757.52066296919,,1.0,0.999755859375,0.99560546875,0.998779296875,0.99951171875,0.9990234375,0.999755859375,1.0,0.9999898672103882,0.9998640418052673,0.9950985908508301,0.9990741014480591,0.9995254874229431,0.9995642900466919,0.9999039173126221,0.9999620318412781
1749,validation,,,,1.7185249018669129,5.576296809506135,0.487490234375,,0.25,,0.5,0.9990856993198395,1.0,8.0,1.0,0.0,0.006322687957435846,,,,,,,,3.97861604206264,1.0,1.0,1.0,1.0,1.0,1.0,1.0,1.0,0.9999884963035583,0.9998637437820435,0.9947808980941772,0.9990406036376953,0.9995588064193726,0.9995821118354797,0.9999064803123474,0.9999642968177795
1760,train,1.5742837190628052,4.8272826889071245,0.515869140625,,,,1.5991652011871338,0.24881494045257568,0.1,0.5,0.9990476369857788,0.998809814453125,7.990478515625,0.998809814453125,0.001190185546875,0.006524254567921162,0.00023041565078455215,0.745820939540863,0.005054664332419634,0.7458038330078125,7213056,0.31397679122164845,13045.55022701813,,0.999755859375,1.0,0.993896484375,0.99853515625,0.9990234375,0.999267578125,1.0,1.0,0.9999889135360718,0.9998640418052673,0.9945015907287598,0.9989985823631287,0.9995650053024292,0.9995911121368408,0.9999083280563354,0.9999638795852661
1780,train,1.615747332572937,5.031646832289587,0.5146484375,,,,1.640637993812561,0.2489067018032074,0.1,0.5,0.9989102482795715,0.9989013671875,7.9912109375,0.9989013671875,0.0010986328125,0.007263649255037308,0.0002288960371517553,0.8854208588600159,0.001940603950060904,0.885418713092804,7294976,0.330247042234987,12402.836289705494,,1.0,0.999755859375,0.99365234375,0.99853515625,0.99951171875,0.999755859375,1.0,1.0,0.9999887943267822,0.9998548030853271,0.993544340133667,0.9989054799079895,0.9995414018630981,0.9995752573013306,0.9999099969863892,0.999962329864502
1800,train,1.59164559841156,4.911825173078999,0.519287109375,,,,1.6165331602096558,0.24887615442276,0.1,0.5,0.998834490776062,0.998870849609375,7.990966796875,0.998870849609375,0.001129150390625,0.007670068182051182,0.00022736591756362958,0.8672357201576233,0.004171442706137896,0.867225706577301,7376896,0.2649003751575947,15462.416757859271,,1.0,0.999755859375,0.99365234375,0.9990234375,0.999267578125,0.999267578125,1.0,1.0,0.9999899864196777,0.9998470544815063,0.9930520057678223,0.9988002181053162,0.9995265007019043,0.9995977282524109,0.9999039173126221,0.9999592304229736
1820,train,1.6061493158340454,4.983584024554957,0.5107421875,,,,1.6310551166534424,0.24905842542648315,0.1,0.5,0.9988310933113098,0.999053955078125,7.992431640625,0.999053955078125,0.000946044921875,0.007647264748811722,0.00022582554360648242,0.796070396900177,0.00351300579495728,0.7960626482963562,7458816,0.28104525012895465,14574.165541387352,,1.0,1.0,0.994140625,0.999267578125,1.0,0.9990234375,1.0,1.0,0.9999898076057434,0.9998515844345093,0.9928931593894958,0.9988551735877991,0.999573290348053,0.9996170997619629,0.9999078512191772,0.9999602437019348
1840,train,1.6118024587631226,5.011836720366953,0.507568359375,,,,1.6366660594940186,0.24863651394844055,0.1,0.5,0.9988012909889221,0.998626708984375,7.989013671875,0.998626708984375,0.001373291015625,0.007793455850332975,0.00022427516855267162,0.7863204479217529,0.0010667787864804268,0.7863197326660156,7540736,0.2761149168945849,14834.403175558133,,1.0,1.0,0.9912109375,0.9990234375,0.999755859375,0.99951171875,0.999755859375,0.999755859375,0.9999921321868896,0.999841034412384,0.9926605224609375,0.9988380670547485,0.9995673894882202,0.9996435642242432,0.9999094009399414,0.9999586343765259
1860,train,1.5911718606948853,4.909498807323907,0.5068359375,,,,1.61605966091156,0.24887815117835999,0.1,0.5,0.9988484382629395,0.998870849609375,7.990966796875,0.998870849609375,0.001129150390625,0.007555640302598476,0.00022271504731896164,0.9470356106758118,0.005525414366275072,0.9470194578170776,7622656,0.2809425420127809,14579.49362405093,,1.0,0.999755859375,0.992431640625,0.9990234375,1.0,1.0,0.999755859375,1.0,0.9999873638153076,0.9998294711112976,0.9930291771888733,0.998832106590271,0.9995741844177246,0.9996597170829773,0.9999133944511414,0.9999620914459229
1880,train,1.5945364236831665,4.926044944954263,0.510986328125,,,,1.6194121837615967,0.24875801801681519,0.1,0.5,0.9987716674804688,0.998748779296875,7.989990234375,0.998748779296875,0.001251220703125,0.007970960810780525,0.00022114543642460973,0.7968617081642151,0.0036146827042102814,0.7968534827232361,7704576,0.2565919170156121,15963.09052771441,,1.0,1.0,0.991455078125,0.99951171875,0.999755859375,0.999267578125,1.0,1.0,0.9999851584434509,0.9998065233230591,0.9925309419631958,0.9987971782684326,0.9995372891426086,0.999640941619873,0.9999133348464966,0.9999622106552124
1900,train,1.6168341636657715,5.037118355287159,0.51220703125,,,,1.641724944114685,0.2489078938961029,0.1,0.5,0.9987701177597046,0.9989013671875,7.9912109375,0.9989013671875,0.0010986328125,0.008012667298316956,0.00021956659394918823,0.8039565682411194,0.004672840237617493,0.8039429783821106,7786496,0.26376849971711636,15528.768614875675,,1.0,1.0,0.992919921875,0.99853515625,1.0,0.999755859375,1.0,1.0,0.9999924898147583,0.999797523021698,0.9926525950431824,0.9986591339111328,0.999549925327301,0.9996436238288879,0.999909520149231,0.9999561309814453
1920,train,1.5644663572311401,4.780123376870984,0.527099609375,,,,1.589372158050537,0.2490580677986145,0.1,0.5,0.9988269209861755,0.999053955078125,7.992431640625,0.999053955078125,0.000946044921875,0.0077257314696908,0.00021797877949015037,0.8195071816444397,0.0037952095735818148,0.8194984197616577,7868416,0.2592167081311345,15801.450568255363,,1.0,0.99951171875,0.994384765625,0.9990234375,0.999755859375,0.999755859375,1.0,1.0,0.9999912977218628,0.9997860789299011,0.9930722713470459,0.998690664768219,0.9995681643486023,0.9996397495269775,0.9999117851257324,0.9999551773071289
1940,train,1.559653639793396,4.757173264242174,0.522705078125,,,,1.5845082998275757,0.24854665994644165,0.1,0.5,0.998767614364624,0.99853515625,7.98828125,0.99853515625,0.00146484375,0.00800309982150793,0.00021638225412014663,0.7997623085975647,0.004221425391733646,0.7997511029243469,7950336,0.24982933420687914,16395.1923940532,,1.0,0.99951171875,0.990478515625,0.99951171875,0.9990234375,0.999755859375,1.0,1.0,0.9999905824661255,0.9997795820236206,0.9925748109817505,0.9986618757247925,0.9995996356010437,0.9996641874313354,0.9999154806137085,0.999954879283905
1960,train,1.552389144897461,4.722740024819345,0.533935546875,,,,1.5772768259048462,0.24887651205062866,0.1,0.5,0.998741626739502,0.998870849609375,7.990966796875,0.998870849609375,0.001129150390625,0.008151448331773281,0.00021477728034409866,0.7944597005844116,0.004961290396749973,0.79444420337677,8032256,0.2525926660746336,16215.831059757507,,0.999755859375,0.999755859375,0.993408203125,0.998779296875,0.99951171875,0.999755859375,1.0,1.0,0.9999864101409912,0.9997678995132446,0.9924805164337158,0.9985415935516357,0.9995971322059631,0.9996839761734009,0.9999176263809204,0.9999579191207886
1980,train,1.5914511680603027,4.910870258020526,0.515869140625,,,,1.616338849067688,0.24887660145759583,0.1,0.5,0.998724639415741,0.998870849609375,7.990966796875,0.998870849609375,0.001129150390625,0.008256584405899048,0.00021316412205603713,0.8716731667518616,0.0030942782759666443,0.8716676235198975,8114176,0.24479012517258525,16732.701113299332,,1.0,0.99951171875,0.993408203125,0.99853515625,0.999755859375,0.999755859375,1.0,1.0,0.9999905824661255,0.9997421503067017,0.9925340414047241,0.9984112977981567,0.9996064901351929,0.9996817111968994,0.9999145865440369,0.9999160170555115
1999,validation,,,,1.6909857535362243,5.424825611348083,0.496005859375,,0.25,,0.5,0.9986415326595306,1.0,8.0,1.0,0.0,0.00870865410193801,,,,,,,,3.792329375166446,1.0,1.0,1.0,1.0,1.0,1.0,1.0,1.0,0.9999927282333374,0.9997340440750122,0.9919723272323608,0.9983170032501221,0.9995800852775574,0.9996738433837891,0.999916136264801,0.9999455809593201
2000,train,1.5740513801574707,4.826161253613012,0.520263671875,,,,1.5989269018173218,0.24875500798225403,0.1,0.5,0.9986423254013062,0.998748779296875,7.989990234375,0.998748779296875,0.001251220703125,0.008701113983988762,0.00021154304449571196,0.8229940533638,0.005066709592938423,0.8229784369468689,8196096,0.2125122924335301,19274.179169099843,,1.0,0.999755859375,0.993408203125,0.99755859375,0.99951171875,0.999755859375,1.0,1.0,0.9999943375587463,0.9997346997261047,0.9919619560241699,0.9983175992965698,0.9995822906494141,0.9996777772903442,0.9999182820320129,0.9999513626098633
2020,train,1.553942322731018,4.730080979367735,0.52734375,,,,1.578826904296875,0.2488464117050171,0.1,0.5,0.9985949993133545,0.99884033203125,7.99072265625,0.99884033203125,0.00115966796875,0.008960810489952564,0.0002099143142049807,0.8388155698776245,0.0017407110426574945,0.8388137817382812,8278016,0.25527641689404845,16045.352131764015,,1.0,0.999755859375,0.9931640625,0.9990234375,0.9990234375,0.999755859375,1.0,1.0,0.9999908208847046,0.9997365474700928,0.9917499423027039,0.9981563091278076,0.9995783567428589,0.9996843338012695,0.9999183416366577,0.9999451041221619
2040,train,1.576781988143921,4.839357616923968,0.50927734375,,,,1.601627230644226,0.2484525740146637,0.1,0.5,0.9986674785614014,0.998443603515625,7.987548828125,0.998443603515625,0.001556396484375,0.008606785908341408,0.00020827819898398313,0.8859976530075073,0.00571068748831749,0.8859792351722717,8359936,0.24528345884755254,16699.046968942686,,0.999755859375,0.999267578125,0.991943359375,0.99755859375,0.99951171875,0.999755859375,0.999755859375,1.0,0.9999923706054688,0.9997496008872986,0.9923324584960938,0.9981241226196289,0.9995980262756348,0.9996866583824158,0.9999143481254578,0.9999425411224365
2060,train,1.5599324703216553,4.758499894320351,0.520751953125,,,,1.5848201513290405,0.24887725710868835,0.1,0.5,0.9986806511878967,0.998870849609375,7.990966796875,0.998870849609375,0.001129150390625,0.008532769046723843,0.0002066349678471086,0.8619412779808044,0.003154176753014326,0.8619354963302612,8441856,0.2461397908627987,16640.950191930406,,1.0,0.999267578125,0.992919921875,0.999267578125,0.999755859375,0.999755859375,1.0,1.0,0.9999942779541016,0.9997546672821045,0.9924184083938599,0.9981180429458618,0.9996050000190735,0.9996889233589172,0.9999204277992249,0.9999451637268066
2080,train,1.5633565187454224,4.774821154830141,0.525390625,,,,1.588253140449524,0.24896585941314697,0.1,0.5,0.9986213445663452,0.99896240234375,7.99169921875,0.99896240234375,0.00103759765625,0.008830573409795761,0.00020498489097876447,0.7765076160430908,0.0017727906815707684,0.7765055894851685,8523776,0.25316716684028506,16179.033210037198,,1.0,0.999755859375,0.9951171875,0.998291015625,0.99951171875,0.999267578125,1.0,0.999755859375,0.9999942183494568,0.9997629523277283,0.9920328855514526,0.9980291128158569,0.9996140003204346,0.9996722340583801,0.9999277591705322,0.9999368786811829
2100,train,1.5292384624481201,4.614661246019957,0.533203125,,,,1.5540809631347656,0.2484254688024521,0.1,0.5,0.9985671043395996,0.9984130859375,7.9873046875,0.9984130859375,0.0015869140625,0.00909582618623972,0.00020332823968895105,0.8256044983863831,0.0028487099334597588,0.8255995512008667,8605696,0.24310937523841858,16848.383555685716,,1.0,0.99951171875,0.990234375,0.998291015625,0.999267578125,1.0,1.0,1.0,0.999992311000824,0.9997473955154419,0.9915856122970581,0.9980837106704712,0.9996095895767212,0.9996460676193237,0.9999321699142456,0.999940037727356
2120,train,1.5271003246307373,4.6048050050511335,0.52978515625,,,,1.5519849061965942,0.2488458752632141,0.1,0.5,0.9984596967697144,0.99884033203125,7.99072265625,0.99884033203125,0.00115966796875,0.009659342467784882,0.00020166528636865257,0.854099452495575,0.004820187110453844,0.8540858626365662,8687616,0.23927462473511696,17118.40528235861,,1.0,0.999755859375,0.99365234375,0.998046875,1.0,0.99951171875,1.0,0.999755859375,0.9999921321868896,0.9997328519821167,0.9909530282020569,0.9979087710380554,0.9995868802070618,0.9996256828308105,0.9999333024024963,0.999944806098938
2140,train,1.551389455795288,4.718021112199896,0.520751953125,,,,1.5762529373168945,0.24863526225090027,0.1,0.5,0.9984109401702881,0.998626708984375,7.989013671875,0.998626708984375,0.001373291015625,0.00993102416396141,0.0001999963044450498,0.8566272258758545,0.0034678904339671135,0.856620192527771,8769536,0.30447479197755456,13452.67361345944,,1.0,0.999267578125,0.991943359375,0.998291015625,0.999755859375,1.0,1.0,0.999755859375,0.9999943375587463,0.9997037649154663,0.9907796382904053,0.9977167844772339,0.9995800256729126,0.9996283054351807,0.9999363422393799,0.9999483823776245
2160,train,1.542309284210205,4.675374582876033,0.51806640625,,,,1.5671730041503906,0.24863728880882263,0.1,0.5,0.998377799987793,0.998626708984375,7.989013671875,0.998626708984375,0.001373291015625,0.010124152526259422,0.00019832156833656225,0.7590897679328918,0.0015103606274351478,0.7590882778167725,8851456,0.2457196661271155,16669.402431472703,,1.0,1.0,0.990966796875,0.998291015625,1.0,0.999755859375,1.0,1.0,0.9999945163726807,0.9996775388717651,0.9907047152519226,0.9975491762161255,0.9995918869972229,0.9996224045753479,0.9999346733093262,0.9999475479125977
2180,train,1.5071122646331787,4.5136776497878435,0.5390625,,,,1.5319639444351196,0.24851638078689575,0.1,0.5,0.9982765913009644,0.998504638671875,7.988037109375,0.998504638671875,0.001495361328125,0.010623078793287277,0.00019664135340772784,0.7603102922439575,0.004259062465280294,0.7602983713150024,8933376,0.24648791598156095,16617.447486985162,,1.0,1.0,0.990478515625,0.998291015625,0.99951171875,1.0,1.0,0.999755859375,0.9999910593032837,0.9996909499168396,0.9900655746459961,0.9973945617675781,0.9995819926261902,0.9996062517166138,0.9999335408210754,0.9999488592147827
2200,train,1.5259391069412231,4.59946092744174,0.53125,,,,1.5507816076278687,0.2484245002269745,0.1,0.5,0.9981095790863037,0.9984130859375,7.9873046875,0.9984130859375,0.0015869140625,0.011388787068426609,0.00019495593592392662,0.792397677898407,0.0028325605671852827,0.7923926115036011,9015296,0.2436415827833116,16811.58016299243,,1.0,0.99951171875,0.99072265625,0.997802734375,1.0,0.99951171875,0.999755859375,1.0,0.9999924302101135,0.9996891021728516,0.9887794852256775,0.9973562359809875,0.9995642900466919,0.9996029138565063,0.9999392032623291,0.999953031539917
2220,train,1.5936026573181152,4.92144731676128,0.512451171875,,,,1.6184154748916626,0.24812790751457214,0.1,0.5,0.9980512857437134,0.99810791015625,7.98486328125,0.99810791015625,0.00189208984375,0.011611899361014366,0.00019326559300595635,0.7918053269386292,0.002072055358439684,0.7918025851249695,9097216,0.26347154192626476,15546.2710319823,,1.0,1.0,0.987548828125,0.997802734375,0.999755859375,0.999755859375,1.0,1.0,0.9999955892562866,0.9997064471244812,0.9881681203842163,0.9974843859672546,0.9995610117912292,0.9996092319488525,0.9999420046806335,0.9999438524246216
2240,train,1.494034767150879,4.455034331378496,0.546142578125,,,,1.5188713073730469,0.24836502969264984,0.1,0.5,0.9980042576789856,0.99835205078125,7.98681640625,0.99835205078125,0.00164794921875,0.01184479333460331,0.00019157060258446796,0.8146141171455383,0.0021988910157233477,0.8146111369132996,9179136,0.2508960422128439,16325.486699089577,,1.0,0.99951171875,0.989990234375,0.998291015625,0.99951171875,0.99951171875,1.0,1.0,0.9999936819076538,0.999691367149353,0.9878635406494141,0.99744713306427,0.9995441436767578,0.9996073246002197,0.999937891960144,0.9999490976333618
2249,validation,,,,1.6581637907028197,5.249662509869303,0.5044189453125,,0.25,,0.5,0.9980360686779022,1.0,8.0,1.0,0.0,0.011700078696012497,,,,,,,,3.786810082849115,1.0,1.0,1.0,1.0,1.0,1.0,1.0,1.0,0.9999940991401672,0.9996836185455322,0.9880867004394531,0.9974830746650696,0.9995443820953369,0.9996122717857361,0.9999352097511292,0.9999493956565857
2260,train,1.4864803552627563,4.421505970042012,0.5400390625,,,,1.5112628936767578,0.24782487750053406,0.1,0.5,0.9980800747871399,0.997802734375,7.982421875,0.997802734375,0.002197265625,0.011512981727719307,0.0001898712433542669,0.7808384895324707,0.004116505850106478,0.7808276414871216,9261056,0.25153820868581533,16283.808417814262,,1.0,1.0,0.987060546875,0.9970703125,0.99951171875,0.9990234375,1.0,0.999755859375,0.9999943375587463,0.9996786713600159,0.9884819984436035,0.9974365234375,0.999544620513916,0.9996174573898315,0.9999344348907471,0.9999528527259827
2280,train,1.525536060333252,4.5976075038495745,0.534912109375,,,,1.5503305196762085,0.24794462323188782,0.1,0.5,0.9980968236923218,0.9979248046875,7.9833984375,0.9979248046875,0.0020751953125,0.011464922688901424,0.00018816779472848982,0.7818455100059509,0.00647362507879734,0.781818687915802,9342976,0.237873540725559,17219.233326692956,,1.0,0.999755859375,0.98779296875,0.9970703125,0.9990234375,0.999755859375,1.0,1.0,0.9999866485595703,0.9996597766876221,0.9887261986732483,0.9973616003990173,0.9995527267456055,0.9996007084846497,0.9999305605888367,0.9999567270278931
2300,train,1.509872317314148,4.526152846066083,0.531005859375,,,,1.5346723794937134,0.2480008900165558,0.1,0.5,0.9979872703552246,0.99798583984375,7.98388671875,0.99798583984375,0.00201416015625,0.011988023295998573,0.00018646053679266265,0.7894570231437683,0.004106827545911074,0.7894463539123535,9424896,0.24460591608658433,16745.302262231955,,1.0,0.99951171875,0.989990234375,0.99560546875,0.99951171875,0.999267578125,1.0,1.0,0.9999930262565613,0.9996477365493774,0.9879958033561707,0.9972495436668396,0.9995414018630981,0.999584972858429,0.9999294281005859,0.9999561309814453
2320,train,1.4726414680480957,4.3607386931654775,0.541748046875,,,,1.4974448680877686,0.24803385138511658,0.1,0.5,0.9979672431945801,0.998016357421875,7.984130859375,0.998016357421875,0.001983642578125,0.012067513540387154,0.0001847497502586481,0.7790130376815796,0.004583705682307482,0.7789995074272156,9506816,0.24096495797857642,16998.32222228829,,1.0,1.0,0.98876953125,0.996337890625,0.99951171875,0.99951171875,1.0,1.0,0.9999934434890747,0.9996368885040283,0.9878129363059998,0.9972639679908752,0.9995549917221069,0.9995858669281006,0.9999324679374695,0.999957799911499
2340,train,1.558046817779541,4.749535471447587,0.524658203125,,,,1.5828357934951782,0.24789020419120789,0.1,0.5,0.9980581402778625,0.99786376953125,7.98291015625,0.99786376953125,0.00213623046875,0.011677836999297142,0.00018303571641849022,0.806425929069519,0.0025886897929012775,0.8064218163490295,9588736,0.2550249579362571,16061.17312260781,,1.0,0.999755859375,0.985595703125,0.998046875,0.999755859375,0.999755859375,1.0,1.0,0.9999951124191284,0.9996480941772461,0.9886839985847473,0.9970735311508179,0.9995646476745605,0.9996057748794556,0.9999349117279053,0.9999595880508423
2360,train,1.4994702339172363,4.479315452261796,0.528564453125,,,,1.5242706537246704,0.24800381064414978,0.1,0.5,0.9981504678726196,0.99798583984375,7.98388671875,0.99798583984375,0.00201416015625,0.01125746127218008,0.00018131871709816394,0.8364703059196472,0.002358067547902465,0.8364669680595398,9670656,0.30840104119852185,13281.407819123899,,1.0,0.99951171875,0.988525390625,0.99658203125,0.99951171875,0.999755859375,1.0,1.0,0.9999943971633911,0.9996492862701416,0.9894285202026367,0.9970424771308899,0.9995869398117065,0.9996072053909302,0.9999359846115112,0.9999591112136841
2380,train,1.561789631843567,4.767345408457968,0.52294921875,,,,1.5866349935531616,0.24845388531684875,0.1,0.5,0.9981317520141602,0.998443603515625,7.987548828125,0.998443603515625,0.001556396484375,0.011375119909644127,0.00017959903461123612,0.7964058518409729,0.0022693329956382513,0.796402633190155,9752576,0.28914187476038933,14166.05603527451,,1.0,1.0,0.991455078125,0.9970703125,0.999267578125,1.0,0.999755859375,1.0,0.999995231628418,0.9996483325958252,0.9895063638687134,0.9968093633651733,0.9995722770690918,0.999624490737915,0.9999385476112366,0.9999597072601318
2400,train,1.5305206775665283,4.620582029483787,0.53662109375,,,,1.5553419589996338,0.24821263551712036,0.1,0.5,0.9981859922409058,0.998199462890625,7.985595703125,0.998199462890625,0.001800537109375,0.011143645271658897,0.00017787695171244696,0.8342751860618591,0.0016485759988427162,0.8342735767364502,9834496,0.23993341624736786,17071.40282526167,,1.0,1.0,0.990234375,0.9970703125,0.999267578125,0.9990234375,1.0,1.0,0.9999945163726807,0.9996413588523865,0.9900283813476562,0.9967408776283264,0.9995487928390503,0.9996334314346313,0.9999405145645142,0.9999604821205139
2420,train,1.4999685287475586,4.4815480281893665,0.5263671875,,,,1.5248019695281982,0.24833470582962036,0.1,0.5,0.9980932474136353,0.998321533203125,7.986572265625,0.998321533203125,0.001678466796875,0.01158059574663639,0.0001761527515512188,0.7876309752464294,0.0020959582179784775,0.787628173828125,9916416,0.24274337524548173,16873.786960644316,,1.0,1.0,0.990234375,0.996826171875,1.0,0.999755859375,0.999755859375,1.0,0.9999839663505554,0.9996379613876343,0.9894157648086548,0.9966039657592773,0.9995588064193726,0.999650239944458,0.9999377131462097,0.9999573230743408
2440,train,1.5040452480316162,4.499855332974484,0.53662109375,,,,1.5288785696029663,0.24833321571350098,0.1,0.5,0.9979855418205261,0.998321533203125,7.986572265625,0.998321533203125,0.001678466796875,0.012068362906575203,0.00017442671762509987,0.7963669300079346,0.002495817607268691,0.7963630557060242,9998336,0.25695562502369285,15940.495560750322,,1.0,0.99951171875,0.990966796875,0.99658203125,1.0,0.999755859375,0.999755859375,1.0,0.9999934434890747,0.9996511340141296,0.9886555075645447,0.9964501261711121,0.9995852112770081,0.9996559619903564,0.9999380111694336,0.9999548196792603
2460,train,1.5643631219863892,4.779629925135476,0.519287109375,,,,1.5891605615615845,0.24797403812408447,0.1,0.5,0.9979329705238342,0.997955322265625,7.983642578125,0.997955322265625,0.002044677734375,0.012316495180130005,0.0001726991337331508,0.8398329615592957,0.0034726825542747974,0.8398258090019226,10080256,0.23838887503370643,17182.009854364453,,1.0,0.999755859375,0.98828125,0.99658203125,0.999267578125,1.0,0.999755859375,1.0,0.9999953508377075,0.9996583461761475,0.9883079528808594,0.9963842630386353,0.999592661857605,0.9996370673179626,0.999934732913971,0.9999532699584961
2480,train,1.495542049407959,4.461754388820265,0.540283203125,,,,1.520363450050354,0.2482137382030487,0.1,0.5,0.9978569149971008,0.998199462890625,7.985595703125,0.998199462890625,0.001800537109375,0.012624818831682205,0.00017097028392928167,0.8305351734161377,0.0014025697018951178,0.8305339813232422,10162176,0.25410820776596665,16119.117269019547,,1.0,0.99951171875,0.98974609375,0.9970703125,0.99951171875,0.999755859375,1.0,1.0,0.9999953508377075,0.9996503591537476,0.9875813722610474,0.9964945316314697,0.9995948076248169,0.9996597766876221,0.9999350905418396,0.9999443292617798
2499,validation,,,,1.6258062481880189,5.082515154348445,0.5155224609375,,0.25,,0.5,0.9977276074886322,1.0,8.0,1.0,0.0,0.013212576154619455,,,,,,,,3.8960459581576288,1.0,1.0,1.0,1.0,1.0,1.0,1.0,1.0,0.9999951124191284,0.9996562004089355,0.9867327213287354,0.9962881207466125,0.9996059536933899,0.9996563792228699,0.9999359846115112,0.9999504685401917
2500,train,1.4790118932724,4.388607125568321,0.544677734375,,,,1.5037792921066284,0.2476743757724762,0.1,0.5,0.997724175453186,0.997650146484375,7.981201171875,0.997650146484375,0.002349853515625,0.013224977068603039,0.0001692404524755473,0.8673556447029114,0.004158084746450186,0.8673456907272339,10244096,0.20890266681089997,19607.217382761923,,1.0,0.999267578125,0.98681640625,0.99560546875,1.0,0.99951171875,1.0,1.0,0.999995231628418,0.9996563196182251,0.9867008328437805,0.9962842464447021,0.9996076822280884,0.9996606111526489,0.999937117099762,0.9999512434005737
2520,train,1.4261261224746704,4.162542737306645,0.5615234375,,,,1.450881838798523,0.2475568652153015,0.1,0.5,0.9977820515632629,0.997528076171875,7.980224609375,0.997528076171875,0.002471923828125,0.012947066687047482,0.0001675099237954079,0.809646725654602,0.004860995803028345,0.8096321821212769,10326016,0.24936087476089597,16425.993066985833,,1.0,1.0,0.9853515625,0.99609375,0.99951171875,0.99951171875,0.999755859375,1.0,0.9999955892562866,0.9996580481529236,0.9870414733886719,0.9963832497596741,0.9996130466461182,0.9996764659881592,0.9999379515647888,0.9999508857727051
2540,train,1.5164072513580322,4.55582781275609,0.531494140625,,,,1.5411418676376343,0.24734613299369812,0.1,0.5,0.9975829124450684,0.997314453125,7.978515625,0.997314453125,0.002685546875,0.013872751966118813,0.00016577898242696335,0.8529691100120544,0.0012205145321786404,0.8529682755470276,10407936,0.24311129190027714,16848.25072494023,,1.0,1.0,0.985107421875,0.994384765625,0.999755859375,0.999755859375,0.999755859375,0.999755859375,0.9999907612800598,0.9996439218521118,0.9858415126800537,0.9960308074951172,0.9995880126953125,0.999682605266571,0.9999358654022217,0.9999493956565857
2560,train,1.5240527391433716,4.590792830640442,0.531494140625,,,,1.5487580299377441,0.24705320596694946,0.1,0.5,0.997473418712616,0.99700927734375,7.97607421875,0.99700927734375,0.00299072265625,0.014336217194795609,0.00016404791297616904,0.793990969657898,0.007087402977049351,0.793959379196167,10489856,0.2511460417881608,16309.235737248591,,1.0,1.0,0.981689453125,0.99609375,0.999267578125,0.99951171875,0.999755859375,0.999755859375,0.9999914765357971,0.9996564388275146,0.9850434064865112,0.9959207773208618,0.9995906352996826,0.9996983408927917,0.9999363422393799,0.9999500513076782
2580,train,1.4647276401519775,4.326364751775297,0.55029296875,,,,1.4894417524337769,0.2471405565738678,0.1,0.5,0.9974009394645691,0.997100830078125,7.976806640625,0.997100830078125,0.002899169921875,0.014691026881337166,0.00016231700007004,0.7776824235916138,0.0053544859401881695,0.7776639461517334,10571776,0.28595708264037967,14323.827765270426,,1.0,1.0,0.982666015625,0.99609375,0.998779296875,0.999267578125,1.0,1.0,0.9999953508377075,0.9996451139450073,0.9847321510314941,0.9956920146942139,0.9995693564414978,0.9996862411499023,0.9999370574951172,0.9999505281448364
2600,train,1.4002621173858643,4.056263044578633,0.56787109375,,,,1.4250415563583374,0.24779459834098816,0.1,0.5,0.9974572658538818,0.997772216796875,7.982177734375,0.997772216796875,0.002227783203125,0.014458991587162018,0.00016058652830985143,0.7412300109863281,0.005402974784374237,0.7412103414535522,10653696,0.23748133284971118,17247.67143105152,,1.0,1.0,0.9873046875,0.995849609375,0.999755859375,0.999267578125,1.0,1.0,0.9999945759773254,0.9996485710144043,0.9852801561355591,0.995566189289093,0.9995801448822021,0.9996962547302246,0.9999395608901978,0.9999527931213379
2620,train,1.4688469171524048,4.344223002882051,0.545166015625,,,,1.4935786724090576,0.24731752276420593,0.1,0.5,0.9973215460777283,0.997283935546875,7.978271484375,0.997283935546875,0.002716064453125,0.015046830289065838,0.00015885678222434468,0.851241946220398,0.0035473827738314867,0.8512345552444458,10735616,0.24389841593801975,16793.877009192584,,1.0,0.999755859375,0.984375,0.9951171875,0.999267578125,0.999755859375,1.0,1.0,0.9999940395355225,0.999652624130249,0.9843910932540894,0.9953445196151733,0.9996047019958496,0.9996927380561829,0.9999432563781738,0.999949038028717
2640,train,1.5378097295761108,4.654384737397115,0.524169921875,,,,1.562544584274292,0.24734868109226227,0.1,0.5,0.9972701072692871,0.997314453125,7.978515625,0.997314453125,0.002685546875,0.01524734403938055,0.00015712804622294328,0.8173477649688721,0.002368040382862091,0.8173443078994751,10817536,0.24722433276474476,16567.94844663489,,1.0,0.99951171875,0.984130859375,0.995361328125,1.0,0.99951171875,1.0,1.0,0.9999955296516418,0.9996790885925293,0.9840275049209595,0.9952453374862671,0.9996183514595032,0.9997013211250305,0.999945342540741,0.999948263168335
2660,train,1.5273462533950806,4.60593759831899,0.529296875,,,,1.5521050691604614,0.24758760631084442,0.1,0.5,0.9972734451293945,0.99755859375,7.98046875,0.99755859375,0.00244140625,0.015181357972323895,0.00015540060454899033,0.8389654755592346,0.003835818264633417,0.8389567136764526,10899456,0.24628658406436443,16631.031753355892,,1.0,0.999755859375,0.9853515625,0.995849609375,1.0,0.99951171875,1.0,1.0,0.9999945759773254,0.9996863603591919,0.9837886095046997,0.9954789876937866,0.9996317028999329,0.9997146725654602,0.9999439716339111,0.9999487400054932
2680,train,1.4741884469985962,4.367489884761702,0.548583984375,,,,1.4989413022994995,0.24752838909626007,0.1,0.5,0.9973020553588867,0.99749755859375,7.97998046875,0.99749755859375,0.00250244140625,0.015067702159285545,0.0001536747412330121,0.7856671810150146,0.004810156300663948,0.7856524586677551,10981376,0.24847745802253485,16484.39271955417,,1.0,0.99951171875,0.98486328125,0.995849609375,0.999755859375,1.0,1.0,1.0,0.9999958276748657,0.9996540546417236,0.9839985370635986,0.9955249428749084,0.9996479749679565,0.999704122543335,0.9999425411224365,0.9999487400054932
2700,train,1.4854425191879272,4.416919552027935,0.543212890625,,,,1.5101834535598755,0.2474099099636078,0.1,0.5,0.9973993897438049,0.99737548828125,7.97900390625,0.99737548828125,0.00262451171875,0.0146253053098917,0.0001519507400460171,0.8075020909309387,0.003535088850185275,0.8074944019317627,11063296,0.249827791005373,16395.29366815683,,1.0,0.99951171875,0.98388671875,0.99609375,1.0,0.99951171875,1.0,1.0,0.9999960660934448,0.9996388554573059,0.9845554828643799,0.9957352876663208,0.9996743202209473,0.9997003078460693,0.9999417066574097,0.9999527335166931
2720,train,1.3964483737945557,4.0408229583668325,0.569580078125,,,,1.4211922883987427,0.24743875861167908,0.1,0.5,0.9973885416984558,0.997406005859375,7.979248046875,0.997406005859375,0.002593994140625,0.014653883874416351,0.00015022888445283768,0.7900090217590332,0.005068081896752119,0.7899927496910095,11145216,0.2532686251215637,16172.55196151519,,1.0,0.999267578125,0.984375,0.995849609375,1.0,1.0,1.0,0.999755859375,0.9999951720237732,0.9996317625045776,0.9843488931655884,0.9958704710006714,0.9996823072433472,0.9996886849403381,0.9999403357505798,0.9999502897262573
2740,train,1.4303767681121826,4.18027388915839,0.56201171875,,,,1.4551090002059937,0.24732211232185364,0.1,0.5,0.9972231388092041,0.997283935546875,7.978271484375,0.997283935546875,0.002716064453125,0.015367933548986912,0.0001485094575655219,0.8356020450592041,0.0013513899175450206,0.8356009721755981,11227136,0.2650762079283595,15452.160086381651,,1.0,1.0,0.983154296875,0.995361328125,1.0,0.999755859375,1.0,1.0,0.9999954700469971,0.9996421337127686,0.9832247495651245,0.9956786036491394,0.9996895790100098,0.9996699094772339,0.9999361038208008,0.9999486207962036
2749,validation,,,,1.5970487689971924,4.938436430215569,0.5232470703125,,0.25,,0.5,0.9971787714958191,1.0,8.0,1.0,0.0,0.015556702930480242,,,,,,,,3.769629333168268,1.0,1.0,1.0,1.0,1.0,1.0,1.0,1.0,0.9999957084655762,0.9996348023414612,0.9829081892967224,0.9956540465354919,0.9997008442878723,0.9996591806411743,0.9999337196350098,0.9999441504478455
2760,train,1.4892451763153076,4.433747557933795,0.54443359375,,,,1.5139946937561035,0.24749574065208435,0.1,0.5,0.9971150159835815,0.997467041015625,7.979736328125,0.997467041015625,0.002532958984375,0.015838423743844032,0.00014679274209678368,0.8170525431632996,0.002109601628035307,0.8170498609542847,11309056,0.2718469579704106,15067.301214552612,,1.0,0.99951171875,0.985595703125,0.995361328125,0.99951171875,0.999755859375,1.0,1.0,0.999995231628418,0.999631941318512,0.9825034141540527,0.9955646991729736,0.9996950626373291,0.9996502995491028,0.9999324083328247,0.9999468326568604
2780,train,1.457858681678772,4.296748963212019,0.553466796875,,,,1.4825812578201294,0.24722570180892944,0.1,0.5,0.9971980452537537,0.9971923828125,7.9775390625,0.9971923828125,0.0028076171875,0.015491141006350517,0.00014507902031351823,0.7886171340942383,0.0029474692419171333,0.7886115908622742,11390976,0.25526450015604496,16046.101191102118,,1.0,0.99951171875,0.984619140625,0.99462890625,0.9990234375,1.0,0.999755859375,1.0,0.9999959468841553,0.9996444582939148,0.983174204826355,0.9955287575721741,0.999690592288971,0.9996662735939026,0.9999338984489441,0.9999502897262573
2800,train,1.4749209880828857,4.3706904226571375,0.55126953125,,,,1.499667763710022,0.24746805429458618,0.1,0.5,0.9972140789031982,0.9974365234375,7.9794921875,0.9974365234375,0.0025634765625,0.015430414117872715,0.0001433685739903912,0.856711745262146,0.008277516812086105,0.8566718101501465,11472896,0.2606250406242907,15716.06469657945,,1.0,0.99951171875,0.984619140625,0.99609375,0.99951171875,0.999755859375,1.0,1.0,0.9999948740005493,0.9996461272239685,0.9832874536514282,0.9955623149871826,0.9996731877326965,0.9996598362922668,0.9999374151229858,0.9999516010284424
2820,train,1.4648120403289795,4.326729913135747,0.5498046875,,,,1.4895055294036865,0.24693453311920166,0.1,0.5,0.9970242381095886,0.99688720703125,7.97509765625,0.99688720703125,0.00311279296875,0.016213692724704742,0.00014166168436350834,0.8208737969398499,0.0030796893406659365,0.8208680152893066,11554816,0.2697310405783355,15185.497342900126,,1.0,1.0,0.9814453125,0.994140625,0.999755859375,0.999755859375,1.0,1.0,0.9999935626983643,0.9996491074562073,0.9818338751792908,0.995531439781189,0.9996585845947266,0.9996370077133179,0.9999374151229858,0.9999527335166931
2840,train,1.4534831047058105,4.277989279540495,0.551025390625,,,,1.4781322479248047,0.2464914619922638,0.1,0.5,0.9970192909240723,0.996429443359375,7.971435546875,0.996429443359375,0.003570556640625,0.016250431537628174,0.00013995863208417401,0.796392023563385,0.0034566083922982216,0.7963844537734985,11636736,0.2467695837840438,16598.479995754034,,1.0,0.999755859375,0.978515625,0.994140625,0.99951171875,0.999755859375,1.0,0.999755859375,0.9999918341636658,0.9996551275253296,0.9818792343139648,0.995460033416748,0.9996492266654968,0.9996302127838135,0.9999357461929321,0.9999527931213379
2860,train,1.5346198081970215,4.6395612714320835,0.52734375,,,,1.5592952966690063,0.2467549741268158,0.1,0.5,0.9969301223754883,0.9967041015625,7.9736328125,0.9967041015625,0.0032958984375,0.016694001853466034,0.00013825969717274586,0.8426147103309631,0.00352362054400146,0.8426072597503662,11718656,0.2457597078755498,16666.686477647396,,1.0,1.0,0.980712890625,0.994140625,1.0,0.99951171875,0.999267578125,1.0,0.9999960064888,0.9996558427810669,0.9816542863845825,0.994987964630127,0.9996334910392761,0.9996283650398254,0.9999319911003113,0.999953031539917
2880,train,1.4215606451034546,4.1435820578433,0.553466796875,,,,1.446242094039917,0.24681441485881805,0.1,0.5,0.9967450499534607,0.99676513671875,7.97412109375,0.99676513671875,0.00323486328125,0.017497900873422623,0.0001365651589725928,0.7984690070152283,0.006337872706353664,0.7984438538551331,11800576,0.2645268337801099,15484.251413997696,,1.0,0.999267578125,0.981201171875,0.99365234375,1.0,1.0,1.0,1.0,0.9999953508377075,0.9996556043624878,0.9806236028671265,0.9945476055145264,0.9996223449707031,0.9996342658996582,0.9999299049377441,0.9999518990516663
2900,train,1.4445550441741943,4.239965125848012,0.55615234375,,,,1.4692484140396118,0.2469342201948166,0.1,0.5,0.9968124628067017,0.99688720703125,7.97509765625,0.99688720703125,0.00311279296875,0.01719902642071247,0.00013487529610416507,0.823485255241394,0.0024944364558905363,0.8234815001487732,11882496,0.25485562486574054,16071.844606756462,,1.0,0.9990234375,0.981201171875,0.995361328125,0.99951171875,1.0,1.0,1.0,0.9999939799308777,0.999660313129425,0.9809834957122803,0.9947236776351929,0.9996103048324585,0.9996432065963745,0.9999346137046814,0.9999498128890991
2920,train,1.4005086421966553,4.057263137326989,0.57177734375,,,,1.425172209739685,0.2466355860233307,0.1,0.5,0.996723473072052,0.99658203125,7.97265625,0.99658203125,0.00341796875,0.017620360478758812,0.00013319038641918237,0.7401270866394043,0.0027547860518097878,0.7401219606399536,11964416,0.25284745870158076,16199.490479491984,,1.0,0.99951171875,0.97998046875,0.994873046875,0.99951171875,0.9990234375,0.999755859375,1.0,0.9999953508377075,0.9996577501296997,0.9806497097015381,0.9943728446960449,0.9996055364608765,0.9996318817138672,0.9999293684959412,0.9999452829360962
2940,train,1.3880081176757812,4.006860903503558,0.575927734375,,,,1.4127401113510132,0.2473199963569641,0.1,0.5,0.996692955493927,0.997283935546875,7.978271484375,0.997283935546875,0.002716064453125,0.017812764272093773,0.00013151070695494892,0.7848110198974609,0.006908787414431572,0.7847806215286255,12046336,0.26021941704675555,15740.562508692583,,1.0,1.0,0.98388671875,0.99462890625,1.0,0.999755859375,1.0,1.0,0.9999957084655762,0.9996767044067383,0.9809187054634094,0.9938501119613647,0.9996111392974854,0.9996169805526733,0.9999268054962158,0.9999470710754395
2960,train,1.3792259693145752,3.971826122084853,0.572998046875,,,,1.4039305448532104,0.24704623222351074,0.1,0.5,0.9966078996658325,0.99700927734375,7.97607421875,0.99700927734375,0.00299072265625,0.018072282895445824,0.0001298365338888022,0.8040491342544556,0.0027160008903592825,0.8040445446968079,12128256,0.2518186247907579,16265.675358220482,,0.999755859375,0.999267578125,0.983642578125,0.994873046875,0.9990234375,0.99951171875,1.0,1.0,0.9998671412467957,0.9995552897453308,0.9804680347442627,0.9938867688179016,0.9996039867401123,0.9996024966239929,0.9999311566352844,0.9999483823776245
2980,train,1.4556535482406616,4.287284497438219,0.55224609375,,,,1.4802495241165161,0.24595996737480164,0.1,0.5,0.9965655207633972,0.995880126953125,7.967041015625,0.995880126953125,0.004119873046875,0.018334267660975456,0.00012816814249270328,0.9022437334060669,0.006334481295198202,0.9022215008735657,12210176,0.25282945903018117,16200.643768774768,,1.0,0.999755859375,0.9755859375,0.99365234375,0.99853515625,1.0,0.99951171875,1.0,0.9999961256980896,0.9996534585952759,0.9800132513046265,0.9937752485275269,0.9996085166931152,0.999596118927002,0.9999325275421143,0.9999489188194275
2999,validation,,,,1.5917586636543275,4.912380561181577,0.5270654296875,,0.25,,0.5,0.996576782464981,1.0,8.0,1.0,0.0,0.0182986294105649,,,,,,,,3.700240333098918,1.0,1.0,1.0,1.0,1.0,1.0,1.0,1.0,0.9999959468841553,0.9996637105941772,0.9801586270332336,0.9937285780906677,0.9996258616447449,0.999565064907074,0.9999297857284546,0.9999471306800842
3000,train,1.5002776384353638,4.482933532226572,0.5390625,,,,1.524896264076233,0.24618640542030334,0.1,0.5,0.9965914487838745,0.996124267578125,7.968994140625,0.996124267578125,0.003875732421875,0.018232783302664757,0.00012650580708797562,0.8328730463981628,0.005321959499269724,0.8328560590744019,12292096,0.20676608383655548,19809.825305961724,,1.0,0.9990234375,0.979248046875,0.991943359375,0.999755859375,0.999267578125,1.0,0.999755859375,0.9999963641166687,0.9996646642684937,0.9802382588386536,0.9937500357627869,0.9996286630630493,0.9995722770690918,0.9999311566352844,0.9999496936798096
3020,train,1.4508423805236816,4.2667071927950015,0.551025390625,,,,1.4754794836044312,0.2463706135749817,0.1,0.5,0.9966175556182861,0.996307373046875,7.970458984375,0.996307373046875,0.003692626953125,0.018149293959140778,0.0001248498010002006,0.8953636288642883,0.0028431308455765247,0.8953590989112854,12374016,0.25968404207378626,15773.013879829276,,1.0,0.999267578125,0.978515625,0.993408203125,0.99951171875,0.999755859375,1.0,1.0,0.9999956488609314,0.9996718168258667,0.9806687831878662,0.9934965372085571,0.9996522068977356,0.9995713829994202,0.9999330043792725,0.9999511241912842
3040,train,1.4302414655685425,4.179708325730023,0.55615234375,,,,1.4549198150634766,0.24678310751914978,0.1,0.5,0.9964901804924011,0.996734619140625,7.973876953125,0.996734619140625,0.003265380859375,0.018661053851246834,0.00012320039651427672,0.8266873955726624,0.0008663057815283537,0.8266869783401489,12455936,0.24438316700980067,16760.565181789854,,1.0,0.999755859375,0.9814453125,0.993408203125,0.999755859375,0.999755859375,0.999755859375,1.0,0.9999960660934448,0.9996660947799683,0.9797669649124146,0.993384599685669,0.9996457099914551,0.9995779991149902,0.9999326467514038,0.9999508261680603
3060,train,1.3680447340011597,3.9276635557126416,0.578125,,,,1.3926498889923096,0.24605168402194977,0.1,0.5,0.9964584708213806,0.9959716796875,7.9677734375,0.9959716796875,0.0040283203125,0.018741101026535034,0.0001215578648296493,0.8191671371459961,0.0038813657592982054,0.8191579580307007,12537856,0.2515002088621259,16286.268780975268,,1.0,1.0,0.9755859375,0.993408203125,0.999755859375,0.99951171875,1.0,0.99951171875,0.9999947547912598,0.9996761083602905,0.9792784452438354,0.9936111569404602,0.9996418356895447,0.9995787143707275,0.9999338388442993,0.9999533891677856
3080,train,1.4436696767807007,4.236212860287934,0.554443359375,,,,1.4683130979537964,0.24643370509147644,0.1,0.5,0.9964463114738464,0.996368408203125,7.970947265625,0.996368408203125,0.003631591796875,0.01879456453025341,0.00011992247601571996,0.8281592726707458,0.003615753725171089,0.8281513452529907,12619776,0.2495321254245937,16414.720120827784,,1.0,1.0,0.978271484375,0.992919921875,0.999755859375,1.0,1.0,1.0,0.9999011754989624,0.9996758699417114,0.9793859720230103,0.9935427308082581,0.9996392726898193,0.9995400309562683,0.9999321699142456,0.9999534487724304
3100,train,1.4083244800567627,4.089098295320478,0.5654296875,,,,1.4329800605773926,0.24655625224113464,0.1,0.5,0.9963983297348022,0.996490478515625,7.971923828125,0.996490478515625,0.003509521484375,0.01899261772632599,0.0001182944989674402,0.8326759934425354,0.0023160965647548437,0.8326727747917175,12701696,0.2442432502284646,16770.166611231263,,1.0,1.0,0.9775390625,0.995361328125,0.99951171875,0.999755859375,0.999755859375,1.0,0.9999963641166687,0.9996781349182129,0.9788675308227539,0.9935786724090576,0.9996381998062134,0.9995409846305847,0.9999312162399292,0.999955415725708
3120,train,1.454775094985962,4.283519972139456,0.54931640625,,,,1.4793970584869385,0.24621975421905518,0.1,0.5,0.9964513778686523,0.99615478515625,7.96923828125,0.99615478515625,0.00384521484375,0.0187850259244442,0.00011667420136109982,0.840381383895874,0.005881572142243385,0.8403608202934265,12783616,0.3335387082770467,12280.433719848032,,1.0,0.99951171875,0.978515625,0.992431640625,0.99951171875,0.999267578125,1.0,1.0,0.999993622303009,0.999673068523407,0.9792712926864624,0.9936003088951111,0.9996330738067627,0.9995548129081726,0.9999299049377441,0.9999545812606812
3140,train,1.4040693044662476,4.0717354312830425,0.562255859375,,,,1.4287158250808716,0.2464652955532074,0.1,0.5,0.9964808225631714,0.99639892578125,7.97119140625,0.99639892578125,0.00360107421875,0.01864946074783802,0.00011506184961031415,0.7973827719688416,0.0045481352135539055,0.7973698377609253,12865536,0.23871808405965567,17158.314654437363,,1.0,0.999755859375,0.977783203125,0.993896484375,1.0,0.999755859375,1.0,1.0,0.9999954104423523,0.9996597766876221,0.9793103933334351,0.9938099980354309,0.9996288418769836,0.999559223651886,0.999930202960968,0.9999523162841797
3160,train,1.480422019958496,4.394799982921399,0.546630859375,,,,1.5050644874572754,0.24642524123191833,0.1,0.5,0.9965582489967346,0.996368408203125,7.970947265625,0.996368408203125,0.003631591796875,0.01831434667110443,0.00011345770882222015,0.8971944451332092,0.004026742186397314,0.8971853852272034,12947456,0.24616724997758865,16639.093950852133,,1.0,1.0,0.98046875,0.991455078125,0.999755859375,0.999755859375,0.999755859375,0.999755859375,0.9999963045120239,0.9996455907821655,0.9796661138534546,0.9940961599349976,0.9996321201324463,0.9995468854904175,0.9999294281005859,0.9999529123306274
3180,train,1.4477564096450806,4.253560554155704,0.552490234375,,,,1.4724639654159546,0.2470756471157074,0.1,0.5,0.9964202642440796,0.997039794921875,7.976318359375,0.997039794921875,0.002960205078125,0.018877334892749786,0.00011186204275388654,0.8375775218009949,0.001738916034810245,0.8375756740570068,13029376,0.2628693329170346,15581.886082134795,,1.0,0.999755859375,0.985107421875,0.991943359375,0.999755859375,0.999755859375,1.0,1.0,0.9999955892562866,0.999631404876709,0.9787235260009766,0.9939540028572083,0.9996324777603149,0.9995409250259399,0.9999287128448486,0.9999550580978394
3200,train,1.418308973312378,4.13013037103953,0.561767578125,,,,1.442940354347229,0.24631351232528687,0.1,0.5,0.9962686896324158,0.996246337890625,7.969970703125,0.996246337890625,0.003753662109375,0.019502272829413414,0.00011027511376894614,0.7813796401023865,0.004107016604393721,0.7813688516616821,13111296,0.24064099974930286,17021.205880407608,,1.0,0.99951171875,0.9775390625,0.994384765625,0.999755859375,0.9990234375,0.999755859375,1.0,0.9999961256980896,0.9996311664581299,0.9777851104736328,0.9936974048614502,0.9996131658554077,0.9995400905609131,0.9999314546585083,0.9999547600746155
3220,train,1.450937271118164,4.267112082386812,0.557373046875,,,,1.4755876064300537,0.24650275707244873,0.1,0.5,0.9963610172271729,0.996429443359375,7.971435546875,0.996429443359375,0.003570556640625,0.019103489816188812,0.00010869718279445753,0.8505516648292542,0.003176529658958316,0.8505457639694214,13193216,0.23957537533715367,17096.91571696679,,1.0,0.999755859375,0.97607421875,0.996337890625,0.999267578125,1.0,1.0,1.0,0.9999962449073792,0.9996389150619507,0.9782623052597046,0.9939512014389038,0.9996089935302734,0.9995418190956116,0.9999328851699829,0.9999554753303528
3240,train,1.4352518320083618,4.200702747005473,0.552490234375,,,,1.4599136114120483,0.2466181218624115,0.1,0.5,0.996300220489502,0.996551513671875,7.972412109375,0.996551513671875,0.003448486328125,0.019388472661376,0.00010712850927800251,0.8545514345169067,0.003984389826655388,0.8545421361923218,13275136,0.27954683313146234,14652.28546543318,,1.0,0.999755859375,0.977294921875,0.995849609375,0.999755859375,1.0,1.0,0.999755859375,0.9999948740005493,0.9996262192726135,0.9780439138412476,0.9937165975570679,0.9996054172515869,0.9995253086090088,0.9999335408210754,0.9999555349349976
3249,validation,,,,1.5699131417274474,4.806230714747315,0.53287109375,,0.25,,0.5,0.9961183726787567,1.0,8.0,1.0,0.0,0.020105530507862568,,,,,,,,3.6681119170971215,1.0,1.0,1.0,1.0,1.0,1.0,1.0,1.0,0.9999954104423523,0.9996236562728882,0.976772665977478,0.993559718132019,0.9995999336242676,0.9995089173316956,0.9999324083328247,0.9999542236328125
3260,train,1.4331765174865723,4.191994007405432,0.55517578125,,,,1.4578462839126587,0.24669820070266724,0.1,0.5,0.996051549911499,0.99664306640625,7.97314453125,0.99664306640625,0.00335693359375,0.020388737320899963,0.00010556935114502734,0.783271849155426,0.004361812956631184,0.7832596898078918,13357056,0.2681312910281122,15276.098452718656,,1.0,0.999755859375,0.97998046875,0.99365234375,1.0,0.999755859375,1.0,1.0,0.9999963641166687,0.9996248483657837,0.9764364361763,0.9933681488037109,0.999596118927002,0.9995005130767822,0.9999345541000366,0.9999556541442871
3280,train,1.4635090827941895,4.321096038940893,0.547119140625,,,,1.4881670475006104,0.24657918512821198,0.1,0.5,0.9959835410118103,0.99652099609375,7.97216796875,0.99652099609375,0.00347900390625,0.020705658942461014,0.00010401996475643345,0.8742640614509583,0.004645227454602718,0.8742517232894897,13438976,0.24599150009453297,16650.981836469688,,1.0,0.999755859375,0.979248046875,0.994140625,0.99951171875,0.99951171875,1.0,1.0,0.9999952912330627,0.9996169209480286,0.9762217402458191,0.9930746555328369,0.999579906463623,0.999489426612854,0.9999353885650635,0.9999548196792603
3300,train,1.4152050018310547,4.1173304397414245,0.565673828125,,,,1.4398128986358643,0.24607861042022705,0.1,0.5,0.9959633946418762,0.996002197265625,7.968017578125,0.996002197265625,0.003997802734375,0.02076934278011322,0.00010248060486642674,0.8207175731658936,0.006196985486894846,0.8206942081451416,13520896,0.24540266674011946,16690.935165499443,,1.0,0.999755859375,0.976318359375,0.992919921875,0.99951171875,0.999755859375,0.999755859375,1.0,0.9999958276748657,0.9996128082275391,0.9760082364082336,0.9931290149688721,0.999576210975647,0.9994925856590271,0.9999368190765381,0.9999557733535767
3320,train,1.4134855270385742,4.110256876987205,0.559814453125,,,,1.4380813837051392,0.24595898389816284,0.1,0.5,0.9960452318191528,0.995880126953125,7.967041015625,0.995880126953125,0.004119873046875,0.020415037870407104,0.00010095152458062921,0.8542934060096741,0.0032645731698721647,0.8542871475219727,13602816,0.2444082908332348,16758.842288188956,,1.0,0.99951171875,0.97607421875,0.992431640625,1.0,0.9990234375,1.0,1.0,0.9999963045120239,0.9996135234832764,0.9764178991317749,0.9933397769927979,0.9995834827423096,0.9995205402374268,0.9999364614486694,0.9999536275863647
3340,train,1.385549545288086,3.997021845898621,0.574951171875,,,,1.4101905822753906,0.24641075730323792,0.1,0.5,0.9960354566574097,0.996337890625,7.970703125,0.996337890625,0.003662109375,0.02041398547589779,9.943297531446337e-05,0.8115760684013367,0.002947547473013401,0.8115707635879517,13684736,0.247143582906574,16573.361735021794,,1.0,0.999755859375,0.976318359375,0.995361328125,1.0,0.999267578125,1.0,1.0,0.9999954700469971,0.9996016025543213,0.976093053817749,0.993604302406311,0.9995763301849365,0.9995231628417969,0.9999359846115112,0.9999535083770752
3360,train,1.4650309085845947,4.327677000604264,0.543701171875,,,,1.4896503686904907,0.24619412422180176,0.1,0.5,0.9962830543518066,0.996124267578125,7.968994140625,0.996124267578125,0.003875732421875,0.019396495074033737,9.792520675181373e-05,0.8505023121833801,0.002865977818146348,0.8504974842071533,13766656,0.24039979139342904,17038.28433568249,,1.0,0.999267578125,0.9775390625,0.99267578125,0.999755859375,1.0,1.0,0.999755859375,0.9999932050704956,0.9996210336685181,0.9775512218475342,0.9941208958625793,0.9995666742324829,0.9995324611663818,0.9999343156814575,0.999944806098938
3380,train,1.3854475021362305,3.996613998000827,0.5732421875,,,,1.410080075263977,0.24632585048675537,0.1,0.5,0.996242105960846,0.996246337890625,7.969970703125,0.996246337890625,0.003753662109375,0.019557293504476547,9.642846680397283e-05,0.8807914853096008,0.006078569684177637,0.8807705044746399,13848576,0.24725679075345397,16565.773532522413,,1.0,0.999755859375,0.97509765625,0.99609375,0.999755859375,0.999267578125,1.0,1.0,0.999995768070221,0.9996291399002075,0.9772413372993469,0.9941006898880005,0.9995497465133667,0.9995306730270386,0.999934732913971,0.9999545812606812
3400,train,1.4036049842834473,4.069845281194651,0.565185546875,,,,1.4282362461090088,0.246313214302063,0.1,0.5,0.9962238073348999,0.996246337890625,7.969970703125,0.996246337890625,0.003753662109375,0.019665267318487167,9.494300156887937e-05,0.7896254062652588,0.007471858989447355,0.789590060710907,13930496,0.2454682500101626,16686.475745154097,,1.0,0.999755859375,0.977783203125,0.99365234375,0.999755859375,0.9990234375,1.0,1.0,0.9999952912330627,0.9996273517608643,0.9772995710372925,0.9939130544662476,0.9995428323745728,0.9995244145393372,0.9999343156814575,0.9999537467956543
3420,train,1.3525999784469604,3.8674678031264267,0.583251953125,,,,1.3772414922714233,0.24641481041908264,0.1,0.5,0.9961279034614563,0.996337890625,7.970703125,0.996337890625,0.003662109375,0.019977010786533356,9.346905529065394e-05,0.8157150149345398,0.003534056479111314,0.8157073855400085,14012416,0.289555833209306,14145.803780230524,,1.0,1.0,0.9755859375,0.99560546875,0.999755859375,1.0,0.999755859375,1.0,0.9999948143959045,0.9996181726455688,0.9763326644897461,0.9940899610519409,0.9995612502098083,0.9995377659797668,0.999933660030365,0.9999545216560364
3440,train,1.3740777969360352,3.9514310203459027,0.561767578125,,,,1.3987125158309937,0.2463473677635193,0.1,0.5,0.9960379004478455,0.99627685546875,7.97021484375,0.99627685546875,0.00372314453125,0.020308293402194977,9.200687031943982e-05,0.8195410370826721,0.004541103262454271,0.8195284605026245,14094336,0.247898458968848,16522.894160123527,,1.0,0.999755859375,0.97705078125,0.993896484375,0.999755859375,0.999755859375,1.0,1.0,0.9999947547912598,0.99961918592453,0.9756288528442383,0.994069516658783,0.9995450973510742,0.9995535612106323,0.9999350309371948,0.9999565482139587
3460,train,1.4853695631027222,4.416597322623194,0.5498046875,,,,1.509982943534851,0.2461334466934204,0.1,0.5,0.9958837628364563,0.996063232421875,7.968505859375,0.996063232421875,0.003936767578125,0.02094872295856476,9.055668707155493e-05,0.9118694067001343,0.0028843474574387074,0.9118648171424866,14176256,0.2843340002000332,14405.593411686268,,1.0,0.99951171875,0.97705078125,0.994384765625,0.998291015625,0.99951171875,0.999755859375,1.0,0.9999962449073792,0.9996210336685181,0.9747841954231262,0.9937137961387634,0.9995298385620117,0.9995344281196594,0.9999349117279053,0.9999555349349976
3480,train,1.3926631212234497,4.025556335115266,0.5654296875,,,,1.4172797203063965,0.24616584181785583,0.1,0.5,0.9959784746170044,0.99609375,7.96875,0.99609375,0.00390625,0.020623018965125084,8.91187439899624e-05,0.7964792847633362,0.004079828038811684,0.7964688539505005,14258176,0.24466504203155637,16741.25557942073,,1.0,0.99951171875,0.977294921875,0.9921875,1.0,0.999755859375,1.0,1.0,0.9999958276748657,0.9996260404586792,0.9756733775138855,0.9935802817344666,0.9995381832122803,0.9995231032371521,0.9999346733093262,0.9999562501907349
3499,validation,,,,1.5588594841957093,4.753396828202598,0.5344873046875,,0.25,,0.5,0.9959475123882293,1.0,8.0,1.0,0.0,0.020754353776574135,,,,,,,,3.726687959395349,1.0,1.0,1.0,1.0,1.0,1.0,1.0,1.0,0.9999959468841553,0.9996244311332703,0.9755260348320007,0.9934974908828735,0.9995395541191101,0.9995070099830627,0.9999338388442993,0.9999563694000244
3500,train,1.428037405014038,4.170506140292178,0.55419921875,,,,1.4526071548461914,0.24569782614707947,0.1,0.5,0.9959436655044556,0.99560546875,7.96484375,0.99560546875,0.00439453125,0.020767297595739365,8.769327750506457e-05,0.8612887263298035,0.001770096831023693,0.8612869381904602,14340096,0.2099029589444399,19513.77922730564,,1.0,0.999755859375,0.974365234375,0.990966796875,1.0,0.999755859375,1.0,1.0,0.999995231628418,0.9996247291564941,0.9754931926727295,0.9934895038604736,0.9995415210723877,0.9995134472846985,0.9999344348907471,0.9999572038650513
3520,train,1.3767095804214478,3.96184402762901,0.582763671875,,,,1.401347279548645,0.24637651443481445,0.1,0.5,0.9958898425102234,0.996307373046875,7.970458984375,0.996307373046875,0.003692626953125,0.02103615179657936,8.628052199582897e-05,0.8246060609817505,0.002753947861492634,0.8246014714241028,14422016,0.24924095813184977,16433.896060667503,,1.0,0.99951171875,0.977294921875,0.993896484375,0.999755859375,1.0,1.0,1.0,0.9999964237213135,0.9996300339698792,0.9754296541213989,0.9931523203849792,0.9995352625846863,0.9994821548461914,0.9999355673789978,0.9999569654464722
3540,train,1.4238096475601196,4.152911471075066,0.561279296875,,,,1.448373556137085,0.24563941359519958,0.1,0.5,0.9958804249763489,0.99554443359375,7.96435546875,0.99554443359375,0.00445556640625,0.02100524678826332,8.488070975125088e-05,0.8450230956077576,0.0015591453993692994,0.845021665096283,14503936,0.24498429195955396,16719.439304607477,,1.0,0.999755859375,0.973876953125,0.9912109375,1.0,0.999755859375,1.0,0.999755859375,0.9999966621398926,0.9996256828308105,0.9750535488128662,0.9934284687042236,0.9995517730712891,0.9994931817054749,0.9999359846115112,0.9999579787254333
3560,train,1.4082350730895996,4.088732717786295,0.560791015625,,,,1.4327754974365234,0.24540379643440247,0.1,0.5,0.9957818984985352,0.99530029296875,7.96240234375,0.99530029296875,0.00469970703125,0.021366078406572342,8.349407093215969e-05,0.8607463240623474,0.002486219396814704,0.8607426881790161,14585856,0.25518029229715466,16051.396301522584,,1.0,1.0,0.972412109375,0.991943359375,0.998779296875,0.999267578125,1.0,1.0,0.9999960064888,0.9996195435523987,0.9742226600646973,0.9935020208358765,0.9995496273040771,0.9994738101959229,0.9999340772628784,0.9999569654464722
3580,train,1.3712767362594604,3.9403783091824947,0.5751953125,,,,1.3958816528320312,0.24604955315589905,0.1,0.5,0.9957574605941772,0.9959716796875,7.9677734375,0.9959716796875,0.0040283203125,0.021470487117767334,8.212083353337553e-05,0.8300126194953918,0.002955642994493246,0.8300073742866516,14667776,0.2523984578438103,16228.308346220936,,1.0,0.99951171875,0.97607421875,0.992919921875,0.99951171875,0.999755859375,1.0,1.0,0.9999960660934448,0.9996234774589539,0.9741286039352417,0.9933952689170837,0.999550461769104,0.9994745254516602,0.9999337196350098,0.9999574422836304
3600,train,1.3830318450927734,3.9869712007812184,0.568603515625,,,,1.4076225757598877,0.24590754508972168,0.1,0.5,0.9956413507461548,0.995819091796875,7.966552734375,0.995819091796875,0.004180908203125,0.021897882223129272,8.076122334622138e-05,0.8108810186386108,0.002859376836568117,0.8108760118484497,14749696,0.24185045808553696,16936.08534969712,,1.0,0.99951171875,0.97412109375,0.993896484375,1.0,0.999267578125,0.999755859375,1.0,0.9999954700469971,0.9996258616447449,0.9732078313827515,0.9934126138687134,0.9995401501655579,0.9994576573371887,0.9999328851699829,0.9999579191207886
3620,train,1.395858883857727,4.038441635848158,0.564208984375,,,,1.4204236268997192,0.24564716219902039,0.1,0.5,0.9957277178764343,0.99554443359375,7.96435546875,0.99554443359375,0.00445556640625,0.02155720442533493,7.94154639213982e-05,0.8686906099319458,0.0026348582468926907,0.8686865568161011,14831616,0.2511694161221385,16307.71796677745,,1.0,1.0,0.97216796875,0.9931640625,1.0,0.999267578125,1.0,0.999755859375,0.9999945163726807,0.9996158480644226,0.9737817049026489,0.9935106039047241,0.9995433688163757,0.999485194683075,0.9999322295188904,0.9999586939811707
3640,train,1.4117540121078491,4.103146063851746,0.56591796875,,,,1.436297059059143,0.24543076753616333,0.1,0.5,0.9956361055374146,0.995330810546875,7.962646484375,0.995330810546875,0.004669189453125,0.021945901215076447,7.808377653222793e-05,0.8169544339179993,0.0019014960853382945,0.8169522285461426,14913536,0.2944806250743568,13909.234262749049,,1.0,0.99951171875,0.97314453125,0.9912109375,0.9990234375,1.0,0.999755859375,1.0,0.9999955296516418,0.9996161460876465,0.9733628034591675,0.993209958076477,0.9995337724685669,0.9994810819625854,0.999931275844574,0.9999587535858154
3660,train,1.4125598669052124,4.106453936445071,0.5615234375,,,,1.4370514154434204,0.24491575360298157,0.1,0.5,0.995805025100708,0.994781494140625,7.958251953125,0.994781494140625,0.005218505859375,0.021351344883441925,7.67663801382712e-05,0.8640430569648743,0.0025691376067698,0.8640392422676086,14995456,0.2636548331938684,15535.46335707855,,1.0,0.99951171875,0.968505859375,0.990966796875,0.99951171875,0.999755859375,1.0,1.0,0.999996542930603,0.9996216297149658,0.9747769832611084,0.9931546449661255,0.9995180368423462,0.9994838237762451,0.9999295473098755,0.9999592304229736
3680,train,1.400155782699585,4.055831746051724,0.56298828125,,,,1.4246801137924194,0.24524326622486115,0.1,0.5,0.9957653284072876,0.9951171875,7.9609375,0.9951171875,0.0048828125,0.021486427634954453,7.546349134932549e-05,0.8354876041412354,0.005024000070989132,0.8354724645614624,15077376,0.28905270900577307,14170.425920201957,,1.0,0.999755859375,0.968994140625,0.9931640625,0.99951171875,0.99951171875,1.0,1.0,0.9999940395355225,0.9996229410171509,0.9744334816932678,0.9931750893592834,0.9995172023773193,0.9994915723800659,0.99992835521698,0.9999599456787109
3700,train,1.4044277667999268,4.073195256698445,0.570068359375,,,,1.4290019273757935,0.24574196338653564,0.1,0.5,0.9956886768341064,0.995635986328125,7.965087890625,0.995635986328125,0.004364013671875,0.021780913695693016,7.417532438980949e-05,0.8295143246650696,0.0032829565461724997,0.8295078873634338,15159296,0.2563550411723554,15977.840659065225,,1.0,0.999755859375,0.971435546875,0.994384765625,0.99951171875,1.0,1.0,1.0,0.999996542930603,0.9996259808540344,0.9739470481872559,0.9930346012115479,0.9995291233062744,0.999489426612854,0.9999264478683472,0.9999603629112244
3720,train,1.446662187576294,4.248908759838568,0.550537109375,,,,1.4712492227554321,0.24587082862854004,0.1,0.5,0.9957114458084106,0.99578857421875,7.96630859375,0.99578857421875,0.00421142578125,0.02170872502028942,7.290209106353981e-05,0.8777471780776978,0.002998738083988428,0.8777420520782471,15241216,0.2531715417280793,16178.753631003827,,1.0,0.999755859375,0.9755859375,0.9921875,0.9990234375,0.999755859375,1.0,1.0,0.9999966621398926,0.999615490436554,0.9741551280021667,0.9930241107940674,0.999529242515564,0.9994869232177734,0.9999234676361084,0.999960720539093
3740,train,1.4126358032226562,4.10676577727463,0.567138671875,,,,1.437179446220398,0.2454366385936737,0.1,0.5,0.9956984519958496,0.995330810546875,7.962646484375,0.995330810546875,0.004669189453125,0.02173924446105957,7.164400071890549e-05,0.8971284031867981,0.00408167252317071,0.8971191048622131,15323136,0.2525211670435965,16220.422422223504,,1.0,0.999267578125,0.971923828125,0.992431640625,0.99951171875,0.99951171875,1.0,1.0,0.9999959468841553,0.9996164441108704,0.9739787578582764,0.9930930137634277,0.999524712562561,0.9994937777519226,0.9999232292175293,0.9999619126319885
3749,validation,,,,1.5483403706550598,4.703657373394887,0.5393115234375,,0.25,,0.5,0.9957187807559967,1.0,8.0,1.0,0.0,0.021656179428100587,,,,,,,,3.712259625084698,1.0,1.0,1.0,1.0,1.0,1.0,1.0,1.0,0.9999960064888,0.9996098875999451,0.97412109375,0.9931168556213379,0.9995243549346924,0.999497652053833,0.9999223351478577,0.999961793422699
3760,train,1.4217520952224731,4.144375423063948,0.56982421875,,,,1.44632887840271,0.24576802551746368,0.1,0.5,0.9956772923469543,0.99566650390625,7.96533203125,0.99566650390625,0.00433349609375,0.021821139380335808,7.040126021444665e-05,0.8137203454971313,0.0038254454266279936,0.8137113451957703,15405056,0.23918845783919096,17124.572134470578,,1.0,0.999755859375,0.97216796875,0.993896484375,1.0,0.99951171875,1.0,1.0,0.999996542930603,0.999605655670166,0.973832905292511,0.9930860996246338,0.9995160102844238,0.9994951486587524,0.9999232888221741,0.9999626874923706
3780,train,1.328169345855713,3.7741279366523477,0.587646484375,,,,1.3526856899261475,0.24516302347183228,0.1,0.5,0.9957144260406494,0.99505615234375,7.96044921875,0.99505615234375,0.00494384765625,0.02170649915933609,6.9174073884842e-05,0.8444423079490662,0.0026499428786337376,0.8444381952285767,15486976,0.24648241698741913,16617.818220311703,,1.0,0.998779296875,0.97216796875,0.9912109375,0.99951171875,0.998779296875,1.0,1.0,0.9999955892562866,0.9996000528335571,0.9742034673690796,0.9930384755134583,0.9995034337043762,0.9994887113571167,0.9999222159385681,0.9999632835388184
3800,train,1.3777869939804077,3.966114872422766,0.5634765625,,,,1.4024301767349243,0.24643215537071228,0.1,0.5,0.9958074688911438,0.996368408203125,7.970947265625,0.996368408203125,0.003631591796875,0.02136484533548355,6.796264350731174e-05,0.8315444588661194,0.006128021515905857,0.8315218687057495,15568896,0.24068891583010554,17017.817317733206,,1.0,0.999755859375,0.978271484375,0.993896484375,0.999755859375,0.999267578125,1.0,1.0,0.9999964237213135,0.9995930194854736,0.9749037623405457,0.9930832386016846,0.9995146989822388,0.9994840621948242,0.999921441078186,0.9999632835388184
3820,train,1.3541407585144043,3.873431313478123,0.579345703125,,,,1.3787810802459717,0.24640333652496338,0.1,0.5,0.9958419799804688,0.996337890625,7.970703125,0.996337890625,0.003662109375,0.02120496891438961,6.676716826844083e-05,0.9034925103187561,0.005847252905368805,0.9034735560417175,15650816,0.2815789161249995,14546.543670129367,,1.0,0.999755859375,0.977783203125,0.99462890625,0.999755859375,0.9990234375,0.999755859375,1.0,0.9999964833259583,0.9995994567871094,0.9750486612319946,0.9931869506835938,0.999518632888794,0.9994979500770569,0.9999232292175293,0.999964714050293
3840,train,1.3676321506500244,3.9260434013680308,0.56982421875,,,,1.3922158479690552,0.2458365559577942,0.1,0.5,0.9957306385040283,0.995758056640625,7.966064453125,0.995758056640625,0.004241943359375,0.02162320166826248,6.558784473142812e-05,0.8340170383453369,0.003984799608588219,0.8340075016021729,15732736,0.24283937504515052,16867.116377805043,,1.0,0.999267578125,0.9765625,0.9912109375,1.0,0.9990234375,1.0,1.0,0.9999963641166687,0.9995948076248169,0.9742287397384644,0.9931279420852661,0.999523937702179,0.9994872808456421,0.9999216794967651,0.9999644756317139
3860,train,1.399065375328064,4.05141164751015,0.556884765625,,,,1.4236586093902588,0.2459326982498169,0.1,0.5,0.9957011938095093,0.995849609375,7.966796875,0.995849609375,0.004150390625,0.021729687228798866,6.442486680376695e-05,0.839048445224762,0.003108545206487179,0.8390427231788635,15814656,0.24074204079806805,17014.06196616769,,1.0,0.999267578125,0.97509765625,0.993408203125,0.999267578125,0.999755859375,1.0,1.0,0.9999947547912598,0.9995858669281006,0.974040150642395,0.9930751323699951,0.9995267987251282,0.9995004534721375,0.9999219179153442,0.9999648928642273
3880,train,1.4164767265319824,4.122569881421088,0.5615234375,,,,1.4410767555236816,0.24600088596343994,0.1,0.5,0.9956287145614624,0.99591064453125,7.96728515625,0.99591064453125,0.00408935546875,0.02198227308690548,6.327842570536232e-05,0.8697285652160645,0.005579060409218073,0.8697106838226318,15896576,0.24875687481835485,16465.876583274116,,1.0,1.0,0.9736328125,0.994873046875,0.99951171875,0.99951171875,0.999755859375,1.0,0.9999208450317383,0.999595046043396,0.9735905528068542,0.9930069446563721,0.9995324015617371,0.999496340751648,0.9999222755432129,0.9999651908874512
3900,train,1.4223932027816772,4.147033265366214,0.5615234375,,,,1.4470137357711792,0.2462053894996643,0.1,0.5,0.9956524968147278,0.996124267578125,7.968994140625,0.996124267578125,0.003875732421875,0.021871604025363922,6.214870993709013e-05,0.9010573625564575,0.0017183958552777767,0.9010557532310486,15978496,0.28721870901063085,14260.909444615581,,1.0,0.999755859375,0.97509765625,0.99462890625,1.0,0.999755859375,1.0,0.999755859375,0.9999967217445374,0.9995962977409363,0.9735229015350342,0.9931791424751282,0.9995378255844116,0.9994989633560181,0.9999237060546875,0.9999648332595825
3920,train,1.352781057357788,3.868168183394012,0.569091796875,,,,1.3773515224456787,0.2457047998905182,0.1,0.5,0.995551347732544,0.99560546875,7.96484375,0.99560546875,0.00439453125,0.022270159795880318,6.10359052498032e-05,0.8427598476409912,0.0034000396262854338,0.842752993106842,16060416,0.26340874982997775,15549.976994476616,,1.0,0.99951171875,0.97265625,0.9931640625,0.999755859375,0.999755859375,1.0,1.0,0.9999960064888,0.999586820602417,0.9728418588638306,0.9930851459503174,0.9995236396789551,0.9994920492172241,0.9999209642410278,0.9999642968177795
3940,train,1.4414610862731934,4.2268671250269545,0.555908203125,,,,1.465985894203186,0.24524816870689392,0.1,0.5,0.9953325986862183,0.9951171875,7.9609375,0.9951171875,0.0048828125,0.023066237568855286,5.994019461378977e-05,0.8743964433670044,0.002703159349039197,0.8743922710418701,16142336,0.26398716727271676,15515.9057249497,,1.0,0.999755859375,0.96826171875,0.99365234375,1.0,0.99951171875,0.999755859375,1.0,0.9999960660934448,0.9995839595794678,0.9712238907814026,0.9929618835449219,0.999508798122406,0.9995001554489136,0.9999215602874756,0.9999644756317139
3960,train,1.4251368045806885,4.158426695664702,0.550537109375,,,,1.4497102499008179,0.24573388695716858,0.1,0.5,0.9951977133750916,0.995635986328125,7.965087890625,0.995635986328125,0.004364013671875,0.0235627181828022,5.8861758188688994e-05,0.8905779719352722,0.001834068913012743,0.8905761241912842,16224256,0.2402608748525381,17048.135708795493,,1.0,0.999755859375,0.97265625,0.994140625,0.999267578125,0.999267578125,1.0,1.0,0.9999964237213135,0.9995919466018677,0.9702627658843994,0.9928591251373291,0.9995042085647583,0.999482274055481,0.9999212026596069,0.9999638199806213
3980,train,1.4362499713897705,4.204897727085981,0.55712890625,,,,1.4607481956481934,0.24498233199119568,0.1,0.5,0.9951778054237366,0.994842529296875,7.958740234375,0.994842529296875,0.005157470703125,0.023645007982850075,5.780077329386861e-05,0.8540562987327576,0.0028612094465643167,0.8540515303611755,16306176,0.23627470899373293,17335.753020051943,,1.0,1.0,0.96728515625,0.9931640625,0.9990234375,0.999267578125,1.0,1.0,0.9999967813491821,0.9995894432067871,0.9701592922210693,0.9928158521652222,0.9995067715644836,0.9994692802429199,0.9999205470085144,0.9999642372131348
3999,validation,,,,1.5425990986824036,4.676729770460102,0.5421142578125,,0.25,,0.5,0.995124706029892,1.0,8.0,1.0,0.0,0.023831216022372245,,,,,,,,3.5837851245887578,1.0,1.0,1.0,1.0,1.0,1.0,1.0,1.0,0.9999962449073792,0.9995936751365662,0.9697537422180176,0.9928141832351685,0.9995059370994568,0.9994518756866455,0.9999179244041443,0.9999637603759766
4000,train,1.3625373840332031,3.9060919935497567,0.577880859375,,,,1.387036919593811,0.24499499797821045,0.1,0.5,0.9951213002204895,0.994842529296875,7.958740234375,0.994842529296875,0.005157470703125,0.02384078875184059,5.6757414379269524e-05,0.8738982081413269,0.006668008863925934,0.8738727569580078,16388096,0.20341079123318195,20136.591452045974,,1.0,0.999755859375,0.965576171875,0.994140625,0.99951171875,0.999755859375,1.0,1.0,0.9999960660934448,0.9995936155319214,0.969707727432251,0.9928218722343445,0.9995075464248657,0.9994593262672424,0.9999194145202637,0.999964714050293
4020,train,1.3811545372009277,3.9794934494983223,0.57275390625,,,,1.405725359916687,0.2457083761692047,0.1,0.5,0.9950743913650513,0.99560546875,7.96484375,0.99560546875,0.00439453125,0.023993875831365585,5.573185299672248e-05,0.8388437628746033,0.0016277615213766694,0.8388421535491943,16470016,0.24849512474611402,16483.22076412911,,1.0,0.999755859375,0.971923828125,0.994140625,0.999755859375,0.999267578125,1.0,1.0,0.999994158744812,0.9995933771133423,0.9693461060523987,0.992806077003479,0.9995073676109314,0.9994626045227051,0.9999203085899353,0.9999651908874512
4040,train,1.3229968547821045,3.7546566944148827,0.587158203125,,,,1.3475366830825806,0.24539875984191895,0.1,0.5,0.9950497150421143,0.995269775390625,7.962158203125,0.995269775390625,0.004730224609375,0.024093518033623695,5.472425777174096e-05,0.822535514831543,0.0019434242276474833,0.8225331902503967,16551936,0.2460221671499312,16648.906265035093,,1.0,0.999755859375,0.96826171875,0.9951171875,0.999755859375,0.999267578125,1.0,1.0,0.9999967217445374,0.9995939135551453,0.9692243337631226,0.9927215576171875,0.9995077848434448,0.999468982219696,0.9999196529388428,0.9999649524688721
4060,train,1.3565943241119385,3.882946699832048,0.58544921875,,,,1.3811269998550415,0.24532634019851685,0.1,0.5,0.9951575994491577,0.995208740234375,7.961669921875,0.995208740234375,0.004791259765625,0.02365417778491974,5.3734794375795196e-05,0.7997332811355591,0.0022410338278859854,0.7997301816940308,16633856,0.23822587495669723,17193.766213449893,,1.0,0.9990234375,0.969970703125,0.993896484375,0.999267578125,0.99951171875,1.0,1.0,0.9999966621398926,0.9996024966239929,0.9697895050048828,0.9929868578910828,0.9995130300521851,0.9994831085205078,0.9999226331710815,0.9999659061431885
4080,train,1.38656485080719,4.001082105091734,0.57373046875,,,,1.4111318588256836,0.24567005038261414,0.1,0.5,0.9949765205383301,0.995574951171875,7.964599609375,0.995574951171875,0.004425048828125,0.024361733347177505,5.276362549907239e-05,0.8572819232940674,0.0027952254749834538,0.8572773933410645,16715776,0.24207929195836186,16920.07592580253,,1.0,0.999267578125,0.9736328125,0.991943359375,1.0,0.999755859375,1.0,1.0,0.9999969005584717,0.9996045231819153,0.9687429070472717,0.992611289024353,0.9994975924491882,0.9994704723358154,0.999922513961792,0.9999656677246094
4100,train,1.3627837896347046,3.9070545950872826,0.57861328125,,,,1.3873019218444824,0.24518164992332458,0.1,0.5,0.9951409697532654,0.99505615234375,7.96044921875,0.99505615234375,0.00494384765625,0.02369728870689869,5.181091082372629e-05,0.8528619408607483,0.0017381726065650582,0.8528602123260498,16797696,0.24110483285039663,16988.460793490318,,1.0,0.999755859375,0.96923828125,0.992431640625,0.99951171875,0.999755859375,1.0,0.999755859375,0.9999967813491821,0.9996046423912048,0.9696110486984253,0.9930250644683838,0.9995174407958984,0.9994815587997437,0.999925971031189,0.9999653100967407
4120,train,1.3372384309768677,3.808511502244027,0.5869140625,,,,1.3617417812347412,0.2450336217880249,0.1,0.5,0.9950336813926697,0.994903564453125,7.959228515625,0.994903564453125,0.005096435546875,0.02410418912768364,5.087680699762229e-05,0.8542699217796326,0.003515001153573394,0.85426265001297,16879616,0.23654929222539067,17315.629911491,,1.0,0.99951171875,0.968505859375,0.9931640625,0.999267578125,0.9990234375,0.999755859375,1.0,0.9999960660934448,0.9995984435081482,0.9689719676971436,0.9928041696548462,0.999524712562561,0.999483585357666,0.9999256134033203,0.9999650716781616
4140,train,1.390752911567688,4.0178740182880075,0.57373046875,,,,1.4152456521987915,0.24492695927619934,0.1,0.5,0.9950856566429138,0.994781494140625,7.958251953125,0.994781494140625,0.005218505859375,0.023920690640807152,4.996146760858055e-05,0.8624604940414429,0.0020974366925656796,0.8624579310417175,16961536,0.23597941687330604,17357.446061488845,,1.0,0.999755859375,0.966796875,0.9921875,0.999755859375,0.999755859375,1.0,1.0,0.9999966621398926,0.9995998740196228,0.969334602355957,0.9928603172302246,0.999518632888794,0.9994841814041138,0.9999252557754517,0.999965488910675
4160,train,1.41134774684906,4.10147943672354,0.559814453125,,,,1.4358861446380615,0.24538427591323853,0.1,0.5,0.9950248599052429,0.995269775390625,7.962158203125,0.995269775390625,0.004730224609375,0.02409154549241066,4.9065043159123064e-05,0.8719521164894104,0.0027704949025064707,0.871947705745697,17043456,0.24016533279791474,17054.917761367946,,1.0,1.0,0.970703125,0.992431640625,0.99951171875,0.99951171875,1.0,1.0,0.9999969005584717,0.9996002912521362,0.9686892628669739,0.9930055141448975,0.999531626701355,0.9994854927062988,0.9999247789382935,0.9999650120735168
4180,train,1.3848848342895508,3.994365864344136,0.56689453125,,,,1.4093961715698242,0.24511325359344482,0.1,0.5,0.9950170516967773,0.9949951171875,7.9599609375,0.9949951171875,0.0050048828125,0.024139059707522392,4.81876810417273e-05,0.8680465221405029,0.00292162480764091,0.8680416345596313,17125376,0.2602029168047011,15741.560664649696,,1.0,0.99951171875,0.970703125,0.99072265625,0.99951171875,0.99951171875,1.0,1.0,0.9999961256980896,0.9995918273925781,0.9687141180038452,0.9929300546646118,0.9995312690734863,0.999484121799469,0.9999239444732666,0.9999644756317139
4200,train,1.3987147808074951,4.049991493749575,0.5693359375,,,,1.4232094287872314,0.24494659900665283,0.1,0.5,0.995047390460968,0.99481201171875,7.95849609375,0.99481201171875,0.00518798828125,0.024030152708292007,4.7329525514591865e-05,0.8865710496902466,0.003781579900532961,0.8865630030632019,17207296,0.251928917132318,16258.554383610915,,1.0,0.99951171875,0.96826171875,0.99169921875,0.99951171875,0.999755859375,0.999755859375,1.0,0.9999964833259583,0.9995831847190857,0.9689315557479858,0.992961049079895,0.9995306730270386,0.9994856119155884,0.9999253749847412,0.9999650120735168
4220,train,1.3440356254577637,3.834486875430018,0.587890625,,,,1.3686054944992065,0.2456987500190735,0.1,0.5,0.9950857758522034,0.99560546875,7.96484375,0.99560546875,0.00439453125,0.02389000728726387,4.6490717677916956e-05,0.823927104473114,0.0025220196694135666,0.8239232301712036,17289216,0.23747108411043882,17248.41580331147,,1.0,0.999755859375,0.9736328125,0.992919921875,0.999267578125,0.99951171875,1.0,0.999755859375,0.999996542930603,0.9995851516723633,0.9692156910896301,0.9929801225662231,0.999531090259552,0.9994844794273376,0.9999270439147949,0.9999657869338989
4240,train,1.3620308637619019,3.9041139797677853,0.57666015625,,,,1.386543869972229,0.24512973427772522,0.1,0.5,0.9951410889625549,0.9949951171875,7.9599609375,0.9949951171875,0.0050048828125,0.02372562699019909,4.5671395450704284e-05,0.8615329265594482,0.001752947922796011,0.861531138420105,17371136,0.23892645770683885,17143.350465714284,,1.0,0.999755859375,0.9677734375,0.993896484375,0.9990234375,0.999755859375,1.0,0.999755859375,0.9999967217445374,0.9995880722999573,0.969802737236023,0.9928357601165771,0.9995213150978088,0.9994907975196838,0.9999274611473083,0.9999656677246094
4249,validation,,,,1.5371050024032593,4.651105821506032,0.542041015625,,0.25,,0.5,0.9950919914245605,1.0,8.0,1.0,0.0,0.023907002210617066,,,,,,,,4.195846207905561,1.0,1.0,1.0,1.0,1.0,1.0,1.0,1.0,0.9999963641166687,0.9995878338813782,0.969473659992218,0.9927883148193359,0.9995181560516357,0.9994804263114929,0.9999263882637024,0.9999649524688721
4260,train,1.3886146545410156,4.009291949540391,0.564453125,,,,1.4130947589874268,0.24480095505714417,0.1,0.5,0.9950456619262695,0.994659423828125,7.957275390625,0.994659423828125,0.005340576171875,0.024072732776403427,4.487169354808029e-05,0.9187263250350952,0.0031603556126356125,0.9187209010124207,17453056,0.26077649975195527,15706.936797970764,,1.0,0.99951171875,0.967529296875,0.9912109375,1.0,0.999267578125,0.999755859375,1.0,0.9999956488609314,0.9995935559272766,0.969150960445404,0.9927250146865845,0.9995178580284119,0.9994895458221436,0.999926745891571,0.9999656081199646
4280,train,1.3754477500915527,3.956848005401717,0.574462890625,,,,1.3999550342559814,0.2450726181268692,0.1,0.5,0.9951580762863159,0.99493408203125,7.95947265625,0.99493408203125,0.00506591796875,0.02364405430853367,4.4091743459145615e-05,0.8334165215492249,0.008911623619496822,0.8333688378334045,17534976,0.2351336251012981,17419.88198512824,,1.0,0.999755859375,0.967529296875,0.99267578125,0.99951171875,1.0,1.0,1.0,0.9999473094940186,0.9995965957641602,0.9699322581291199,0.9928821325302124,0.9995249509811401,0.9994875192642212,0.9999279379844666,0.9999659061431885
4300,train,1.3612723350524902,3.901153720092228,0.573486328125,,,,1.3858100175857544,0.2453773319721222,0.1,0.5,0.9951967597007751,0.995269775390625,7.962158203125,0.995269775390625,0.004730224609375,0.02350267767906189,4.333167342535562e-05,0.8718053102493286,0.005288821645081043,0.871789276599884,17616896,0.25132904201745987,16297.360492526965,,1.0,0.999755859375,0.9716796875,0.992431640625,0.99951171875,0.999267578125,0.99951171875,1.0,0.9999959468841553,0.9995964169502258,0.9700998067855835,0.9929808974266052,0.9995211362838745,0.9994854927062988,0.9999285936355591,0.9999657869338989
4320,train,1.3623121976852417,3.9052124939882917,0.583740234375,,,,1.3868367671966553,0.24524590373039246,0.1,0.5,0.9950781464576721,0.9951171875,7.9609375,0.9951171875,0.0048828125,0.02393621951341629,4.2591608419434414e-05,0.842233419418335,0.003093789331614971,0.8422277569770813,17698816,0.28826983319595456,14208.909598999557,,1.0,0.99951171875,0.968505859375,0.993896484375,0.999755859375,0.99951171875,1.0,0.999755859375,0.9999966025352478,0.9995883703231812,0.9692370295524597,0.9929232001304626,0.9995130300521851,0.999473512172699,0.9999279975891113,0.9999650716781616
4340,train,1.3050001859664917,3.6876897794916834,0.60009765625,,,,1.329512596130371,0.24512402713298798,0.1,0.5,0.9950373768806458,0.9949951171875,7.9599609375,0.9949951171875,0.0050048828125,0.024106677621603012,4.18716701248265e-05,0.818306028842926,0.0014367769472301006,0.8183048367500305,17780736,0.3144693751819432,13025.115713192004,,1.0,0.999755859375,0.96875,0.99267578125,0.999755859375,0.9990234375,1.0,1.0,0.9999967813491821,0.9995870590209961,0.9690755605697632,0.9927690029144287,0.9995087385177612,0.9994692802429199,0.9999276995658875,0.9999653100967407
4360,train,1.3828679323196411,3.986317738832143,0.564453125,,,,1.4074034690856934,0.245355024933815,0.1,0.5,0.9950299263000488,0.9952392578125,7.9619140625,0.9952392578125,0.0047607421875,0.024173885583877563,4.1171976915689365e-05,0.845940887928009,0.0033185752108693123,0.8459343314170837,17862656,0.25576649978756905,16014.607086549639,,1.0,0.99951171875,0.97021484375,0.993896484375,0.999267578125,0.9990234375,1.0,1.0,0.9999969005584717,0.999587893486023,0.9692012667655945,0.9925947189331055,0.9995050430297852,0.9994633197784424,0.9999250173568726,0.9999650716781616
4380,train,1.3746795654296875,3.9538095826389332,0.569091796875,,,,1.3991559743881226,0.24476385116577148,0.1,0.5,0.9950488805770874,0.99462890625,7.95703125,0.99462890625,0.00537109375,0.024072371423244476,4.049264383742998e-05,0.886873722076416,0.005496070720255375,0.886856734752655,17944576,0.26585054164752364,15407.15311173094,,1.0,0.9990234375,0.968505859375,0.99072265625,0.99951171875,0.999267578125,1.0,1.0,0.9999966025352478,0.9995861053466797,0.9692124128341675,0.9927111864089966,0.9995158314704895,0.9994780421257019,0.9999251365661621,0.9999657869338989
4400,train,1.3896329402923584,4.013376633740489,0.564697265625,,,,1.4140992164611816,0.24466270208358765,0.1,0.5,0.9949601292610168,0.9945068359375,7.9560546875,0.9945068359375,0.0054931640625,0.02440742775797844,3.9833782587788806e-05,0.8829874992370605,0.006864713039249182,0.8829607963562012,18026496,0.2579095419496298,15881.537259292083,,1.0,0.999755859375,0.965576171875,0.9921875,0.999267578125,0.99951171875,0.999755859375,1.0,0.9999969601631165,0.9995859861373901,0.9686540365219116,0.9925718307495117,0.9995099306106567,0.9994730353355408,0.9999231100082397,0.9999659657478333
4420,train,1.441424012184143,4.226710420683611,0.5634765625,,,,1.465934157371521,0.2451018989086151,0.1,0.5,0.994873046875,0.994964599609375,7.959716796875,0.994964599609375,0.005035400390625,0.02469024248421192,3.9195501498474075e-05,0.9200601577758789,0.0027759382501244545,0.9200559854507446,18108416,0.2651280420832336,15449.13909451386,,1.0,0.999755859375,0.967529296875,0.993408203125,0.999755859375,0.999267578125,1.0,1.0,0.999996542930603,0.9995874166488647,0.9678648710250854,0.9926750659942627,0.9995018839836121,0.9994698762893677,0.9999226331710815,0.9999662041664124
4440,train,1.3670623302459717,3.9238068989935933,0.578369140625,,,,1.3915916681289673,0.24529308080673218,0.1,0.5,0.9950188398361206,0.99517822265625,7.96142578125,0.99517822265625,0.00482177734375,0.024158159270882607,3.857790551734975e-05,0.8623731732368469,0.001394991297274828,0.8623720407485962,18190336,0.25674895802512765,15953.326671725501,,1.0,0.999755859375,0.970458984375,0.993408203125,0.999267578125,0.99853515625,1.0,1.0,0.9999966621398926,0.9995924830436707,0.9688811302185059,0.9928040504455566,0.9995073676109314,0.9994786977767944,0.9999237060546875,0.9999666213989258
4460,train,1.362115740776062,3.904445363368555,0.57177734375,,,,1.3866026401519775,0.24486956000328064,0.1,0.5,0.9951316714286804,0.994720458984375,7.957763671875,0.994720458984375,0.005279541015625,0.023728422820568085,3.798109619117956e-05,0.8567317724227905,0.004850569646805525,0.8567180633544922,18272256,0.2641212912276387,15508.026562197036,,1.0,0.99951171875,0.966064453125,0.99365234375,0.99951171875,0.999267578125,0.999755859375,1.0,0.9999969601631165,0.9995926022529602,0.9695762395858765,0.993000328540802,0.9995109438896179,0.9994854927062988,0.9999250769615173,0.9999657869338989
4480,train,1.3721318244934082,3.943749121277472,0.57177734375,,,,1.3966325521469116,0.24500712752342224,0.1,0.5,0.9950388669967651,0.994873046875,7.958984375,0.994873046875,0.005126953125,0.024071522057056427,3.74051716489305e-05,0.8615297675132751,0.0023653386160731316,0.8615265488624573,18354176,0.25941454200074077,15789.400117701589,,1.0,0.99951171875,0.96826171875,0.991943359375,0.99951171875,0.999755859375,1.0,1.0,0.9999967813491821,0.999579668045044,0.9689749479293823,0.9928719401359558,0.9995043277740479,0.9994895458221436,0.9999254941940308,0.9999678134918213
4499,validation,,,,1.5322819566726684,4.628727335043138,0.5455029296875,,0.25,,0.5,0.9949472713470459,1.0,8.0,1.0,0.0,0.024403981417417526,,,,,,,,3.9558513746596873,1.0,1.0,1.0,1.0,1.0,1.0,1.0,1.0,0.9999963641166687,0.9995766282081604,0.9683418273925781,0.9927902221679688,0.9995060563087463,0.9994768500328064,0.9999236464500427,0.9999662637710571
4500,train,1.3238903284072876,3.758012880251454,0.58740234375,,,,1.348376989364624,0.24486705660820007,0.1,0.5,0.9949840903282166,0.994720458984375,7.957763671875,0.994720458984375,0.005279541015625,0.024269569665193558,3.685022658563817e-05,0.8077836632728577,0.0018433817895129323,0.8077815771102905,18436096,0.20745062502101064,19744.45726343392,,1.0,0.999755859375,0.966552734375,0.99267578125,0.999755859375,0.99951171875,0.999755859375,0.999755859375,0.9999964237213135,0.9995770454406738,0.968578577041626,0.9928344488143921,0.9995099902153015,0.9994847774505615,0.9999247193336487,0.9999672174453735
4520,train,1.3313140869140625,3.7860152732353693,0.58447265625,,,,1.3558127880096436,0.24498751759529114,0.1,0.5,0.9950742721557617,0.994842529296875,7.958740234375,0.994842529296875,0.005157470703125,0.023922070860862732,3.631635224683681e-05,0.9144710302352905,0.004068614449352026,0.9144619703292847,18518016,0.26063662488013506,15715.366180342926,,1.0,0.999267578125,0.966552734375,0.99365234375,0.99951171875,0.999755859375,1.0,1.0,0.9999958276748657,0.9995783567428589,0.9691425561904907,0.9929777383804321,0.9995167255401611,0.9994882345199585,0.9999263882637024,0.9999682903289795
4540,train,1.3481380939483643,3.85025004886709,0.579833984375,,,,1.3726881742477417,0.24550104141235352,0.1,0.5,0.9949865341186523,0.995391845703125,7.963134765625,0.995391845703125,0.004608154296875,0.02426454797387123,3.580363641355644e-05,0.892020046710968,0.002642510225996375,0.8920161724090576,18599936,0.25882104178890586,15825.606649635129,,1.0,1.0,0.971435546875,0.992431640625,0.999755859375,0.99951171875,1.0,1.0,0.9999966621398926,0.9995771646499634,0.9686247706413269,0.9928203225135803,0.999504029750824,0.9994758367538452,0.9999251365661621,0.9999685883522034
4560,train,1.3456549644470215,3.8407012397544484,0.587158203125,,,,1.370180368423462,0.24525374174118042,0.1,0.5,0.994908332824707,0.9951171875,7.9609375,0.9951171875,0.0048828125,0.02456703782081604,3.531216338788963e-05,0.8372386693954468,0.0025174864567816257,0.8372348546981812,18681856,0.2590928333811462,15809.005392188745,,1.0,0.999755859375,0.96728515625,0.995361328125,0.99951171875,0.99951171875,0.999755859375,0.999755859375,0.9999960660934448,0.9995782375335693,0.9681815505027771,0.9926446080207825,0.9995046854019165,0.9994677305221558,0.9999252557754517,0.9999685883522034
4580,train,1.314572811126709,3.7231601528916713,0.591064453125,,,,1.3390525579452515,0.24479714035987854,0.1,0.5,0.9948756098747253,0.994659423828125,7.957275390625,0.994659423828125,0.005340576171875,0.024683412164449692,3.4842013979130404e-05,0.8970091342926025,0.0021426770836114883,0.8970065712928772,18763776,0.2714621666818857,15088.658762529947,,1.0,0.999267578125,0.9677734375,0.9921875,0.99951171875,0.998779296875,1.0,0.999755859375,0.9999964237213135,0.999578595161438,0.9679495096206665,0.9926176071166992,0.9995025396347046,0.999468207359314,0.9999239444732666,0.9999681711196899
4600,train,1.3646843433380127,3.9144872229839542,0.578857421875,,,,1.3892662525177002,0.2458195686340332,0.1,0.5,0.9948132634162903,0.9957275390625,7.9658203125,0.9957275390625,0.0042724609375,0.02492585964500904,3.439326549048734e-05,0.8743661642074585,0.001562985242344439,0.8743647336959839,18845696,0.273933291900903,14952.545459431607,,1.0,0.999755859375,0.9736328125,0.99365234375,0.99951171875,0.999267578125,1.0,1.0,0.9999967813491821,0.999575138092041,0.9675973057746887,0.9924871921539307,0.9994964599609375,0.9994616508483887,0.9999231100082397,0.9999681711196899
4620,train,1.3855550289154053,3.9970437641369068,0.570068359375,,,,1.4101158380508423,0.24560853838920593,0.1,0.5,0.9948505759239197,0.995513916015625,7.964111328125,0.995513916015625,0.004486083984375,0.02478989213705063,3.396599170637318e-05,0.877236545085907,0.002178849885240197,0.8772338628768921,18927616,0.2690567499957979,15223.55413890925,,1.0,0.9990234375,0.973388671875,0.9931640625,0.999267578125,0.999267578125,1.0,1.0,0.9999966621398926,0.9995801448822021,0.9678499698638916,0.9925260543823242,0.9994933009147644,0.9994663000106812,0.999923586845398,0.9999686479568481
4640,train,1.3488211631774902,3.852880934636175,0.57568359375,,,,1.3733803033828735,0.2455916702747345,0.1,0.5,0.9948673844337463,0.9954833984375,7.9638671875,0.9954833984375,0.0045166015625,0.024755578488111496,3.356026288027287e-05,0.8462263345718384,0.0017013780307024717,0.8462246656417847,19009536,0.2655692920088768,15423.469969047057,,1.0,0.999755859375,0.971435546875,0.992919921875,1.0,0.999755859375,1.0,1.0,0.9999958872795105,0.9995768666267395,0.9680930376052856,0.9924352169036865,0.9994876980781555,0.9994601607322693,0.9999228715896606,0.9999676942825317
4660,train,1.3319321870803833,3.788356133273912,0.591552734375,,,,1.356404423713684,0.24472205340862274,0.1,0.5,0.994877278804779,0.99456787109375,7.95654296875,0.99456787109375,0.00543212890625,0.02474948577582836,3.317614572319256e-05,0.8877602815628052,0.005989586003124714,0.8877400755882263,19091456,0.2698216247372329,15180.399287821756,,1.0,0.999267578125,0.965576171875,0.9931640625,0.99951171875,0.9990234375,1.0,1.0,0.9999968409538269,0.9995822906494141,0.9683114290237427,0.9922979474067688,0.9994800090789795,0.9994586706161499,0.9999223947525024,0.9999685287475586
4680,train,1.2856621742248535,3.6170622898152995,0.606201171875,,,,1.3101820945739746,0.24519890546798706,0.1,0.5,0.994763195514679,0.995086669921875,7.960693359375,0.995086669921875,0.004913330078125,0.025166384875774384,3.281370339269052e-05,0.8012838363647461,0.0019543571397662163,0.8012814521789551,19173376,0.2657265830785036,15414.340381556476,,1.0,1.0,0.9716796875,0.990234375,0.999755859375,0.999267578125,0.999755859375,1.0,0.9999945163726807,0.9995794892311096,0.9676000475883484,0.9921005964279175,0.9994792938232422,0.9994612336158752,0.9999219179153442,0.9999685287475586
4700,train,1.3423997163772583,3.8282191316587086,0.58154296875,,,,1.366888403892517,0.244887113571167,0.1,0.5,0.994743287563324,0.9947509765625,7.9580078125,0.9947509765625,0.0052490234375,0.025238193571567535,3.2472995482492835e-05,0.8951151967048645,0.0020599868148565292,0.8951128125190735,19255296,0.26568587496876717,15416.70215054341,,1.0,0.99951171875,0.968017578125,0.991943359375,0.999267578125,0.999267578125,1.0,1.0,0.9999958872795105,0.9995800852775574,0.96745765209198,0.9920871257781982,0.999477744102478,0.9994568824768066,0.9999219179153442,0.9999688267707825
4720,train,1.3858466148376465,3.998209415764655,0.56005859375,,,,1.4103366136550903,0.24489960074424744,0.1,0.5,0.9947693943977356,0.9947509765625,7.9580078125,0.9947509765625,0.0052490234375,0.02513241209089756,3.215407801269468e-05,0.888905942440033,0.0016736519755795598,0.888904333114624,19337216,0.27442016638815403,14926.016749827366,,1.0,0.999755859375,0.96630859375,0.99267578125,0.99951171875,1.0,1.0,0.999755859375,0.9999969601631165,0.9995799660682678,0.9675920605659485,0.9921483397483826,0.9994795322418213,0.9994663000106812,0.9999226927757263,0.9999690055847168
4740,train,1.3258432149887085,3.765359023936111,0.590087890625,,,,1.3503801822662354,0.24536946415901184,0.1,0.5,0.9946810603141785,0.9952392578125,7.9619140625,0.9952392578125,0.0047607421875,0.025445787236094475,3.1857003420549485e-05,0.8714020848274231,0.003752511227503419,0.8713939785957336,19419136,0.2603976670652628,15729.787621228688,,1.0,0.999755859375,0.96826171875,0.994140625,1.0,0.999755859375,1.0,1.0,0.9999967813491821,0.9995726346969604,0.9669620990753174,0.9920768141746521,0.9994781017303467,0.9994713068008423,0.999921441078186,0.999969482421875
4749,validation,,,,1.532818865776062,4.6312132081706885,0.5441650390625,,0.25,,0.5,0.9946762335300445,1.0,8.0,1.0,0.0,0.025487743355333804,,,,,,,,4.44097820809111,1.0,1.0,1.0,1.0,1.0,1.0,1.0,1.0,0.9999962449073792,0.9995694756507874,0.9670448899269104,0.9919812679290771,0.999470055103302,0.9994587898254395,0.9999198913574219,0.999968945980072
4760,train,1.330061912536621,3.7812774888028056,0.5849609375,,,,1.3545588254928589,0.2449687421321869,0.1,0.5,0.9946610927581787,0.994842529296875,7.958740234375,0.994842529296875,0.005157470703125,0.025529731065034866,3.158182055184696e-05,0.8917745351791382,0.004149270709604025,0.8917648792266846,19501056,0.2707962919957936,15125.761028011511,,1.0,0.999267578125,0.969482421875,0.9912109375,0.99951171875,0.99951171875,0.999755859375,1.0,0.9999966025352478,0.9995648264884949,0.9668629765510559,0.9920297861099243,0.9994743466377258,0.9994694590568542,0.9999215602874756,0.999969482421875
4780,train,1.3416056632995605,3.8251805290406526,0.582763671875,,,,1.366087555885315,0.24481898546218872,0.1,0.5,0.9946452975273132,0.994659423828125,7.957275390625,0.994659423828125,0.005340576171875,0.025588180869817734,3.1328574652881767e-05,0.890605628490448,0.002572129713371396,0.8906019330024719,19582976,0.26620874973013997,15386.421386044523,,1.0,0.99951171875,0.96484375,0.99365234375,0.999755859375,1.0,0.999755859375,0.999755859375,0.999996542930603,0.9995682835578918,0.9667941927909851,0.9919588565826416,0.9994792938232422,0.9994741678237915,0.9999216794967651,0.9999696016311646
4800,train,1.3370637893676758,3.8078464357424817,0.583251953125,,,,1.3615459203720093,0.24482113122940063,0.1,0.5,0.9945719838142395,0.994659423828125,7.957275390625,0.994659423828125,0.005340576171875,0.02583964914083481,3.109730736301406e-05,0.8734726905822754,0.003535740077495575,0.8734655380249023,19664896,0.2668794160708785,15347.75540318244,,1.0,1.0,0.964599609375,0.99365234375,0.99951171875,0.999755859375,0.999755859375,1.0,0.999996542930603,0.9995691776275635,0.9662578105926514,0.9919031858444214,0.9994799494743347,0.9994769096374512,0.9999227523803711,0.9999696016311646
4820,train,1.3339579105377197,3.7960380732739187,0.584228515625,,,,1.3584613800048828,0.24503445625305176,0.1,0.5,0.9945341944694519,0.994903564453125,7.959228515625,0.994903564453125,0.005096435546875,0.026000935584306717,3.088805670782293e-05,0.8665665984153748,0.007729833014309406,0.8665321469306946,19746816,0.27277245884761214,15016.178749513283,,1.0,0.9990234375,0.968505859375,0.99267578125,0.999267578125,1.0,1.0,0.999755859375,0.9999969005584717,0.9995643496513367,0.9661400318145752,0.9917301535606384,0.9994758367538452,0.9994752407073975,0.9999224543571472,0.9999687075614929
4840,train,1.3677983283996582,3.926695876637369,0.580322265625,,,,1.3923248052597046,0.24526455998420715,0.1,0.5,0.994542121887207,0.995147705078125,7.961181640625,0.995147705078125,0.004852294921875,0.025948576629161835,3.070085709285425e-05,0.8633419871330261,0.002213868545368314,0.8633391857147217,19828736,0.2793735000304878,14661.376256348605,,1.0,1.0,0.970458984375,0.9921875,0.99951171875,0.9990234375,1.0,1.0,0.9999967813491821,0.9995592832565308,0.9660865664482117,0.9918516874313354,0.9994752407073975,0.9994770288467407,0.9999221563339233,0.9999687671661377
4860,train,1.3895931243896484,4.013216840708074,0.582275390625,,,,1.4140700101852417,0.24476850032806396,0.1,0.5,0.9946650266647339,0.994598388671875,7.956787109375,0.994598388671875,0.005401611328125,0.025523798540234566,3.0535739297963565e-05,0.9534342885017395,0.004701027646660805,0.9534227252006531,19910656,0.2687659999355674,15240.022923219287,,1.0,1.0,0.963623046875,0.993896484375,0.99951171875,1.0,0.999755859375,1.0,0.9999969601631165,0.9995579123497009,0.966964840888977,0.9919604063034058,0.9994739294052124,0.9994745254516602,0.9999222159385681,0.9999690055847168
4880,train,1.3474239110946655,3.847501247989801,0.573974609375,,,,1.3719146251678467,0.24490752816200256,0.1,0.5,0.994620680809021,0.994781494140625,7.958251953125,0.994781494140625,0.005218505859375,0.025700034573674202,3.0392730472255136e-05,0.8917903900146484,0.00835935678333044,0.891751229763031,19992576,0.27169587509706616,15075.679741316137,,1.0,0.999755859375,0.97021484375,0.989013671875,0.999755859375,0.99951171875,1.0,1.0,0.9999967813491821,0.9995533227920532,0.9667366147041321,0.9918452501296997,0.9994698762893677,0.999472975730896,0.9999218583106995,0.9999690055847168
4900,train,1.3795219659805298,3.973001943385749,0.573974609375,,,,1.4039826393127441,0.2446068674325943,0.1,0.5,0.9946221709251404,0.99444580078125,7.95556640625,0.99444580078125,0.00555419921875,0.025684133172035217,3.0271854129618143e-05,0.9315869212150574,0.004327347967773676,0.9315768480300903,20074496,0.33443712489679456,12247.444123507528,,1.0,0.999267578125,0.965087890625,0.99169921875,1.0,0.99951171875,1.0,1.0,0.9999964237213135,0.9995526671409607,0.9666706919670105,0.9919283390045166,0.9994663596153259,0.9994720220565796,0.9999213218688965,0.9999694228172302
4920,train,1.3815654516220093,3.9811290167613946,0.573486328125,,,,1.406100869178772,0.2453538030385971,0.1,0.5,0.99467533826828,0.9952392578125,7.9619140625,0.9952392578125,0.0047607421875,0.025500953197479248,3.0173130144860357e-05,0.9177290201187134,0.004262987058609724,0.9177190661430359,20156416,0.2669100840575993,15345.991945047987,,1.0,1.0,0.970703125,0.992431640625,0.999267578125,0.99951171875,1.0,1.0,0.9999967813491821,0.9995571970939636,0.9671077728271484,0.9919048547744751,0.9994698166847229,0.9994754791259766,0.9999211430549622,0.9999693036079407
4940,train,1.3312599658966064,3.785810375781357,0.586669921875,,,,1.3557604551315308,0.24500438570976257,0.1,0.5,0.9946783781051636,0.994873046875,7.958984375,0.994873046875,0.005126953125,0.02549794316291809,3.00965747504403e-05,0.8930338621139526,0.00354765891097486,0.8930268287658691,20238336,0.2745128748938441,14920.97593449469,,1.0,1.0,0.968505859375,0.992431640625,0.9990234375,0.999267578125,1.0,0.999755859375,0.9999955892562866,0.9995577931404114,0.9671910405158997,0.9918434023857117,0.9994654655456543,0.9994814991950989,0.9999220371246338,0.9999695420265198
4960,train,1.3758044242858887,3.958259562694219,0.577880859375,,,,1.4003232717514038,0.24518877267837524,0.1,0.5,0.9947191476821899,0.99505615234375,7.96044921875,0.99505615234375,0.00494384765625,0.02533055655658245,3.0042200533798295e-05,0.8495196104049683,0.0016899059992283583,0.8495179414749146,20320256,0.27008408308029175,15165.647502382892,,1.0,0.999755859375,0.968017578125,0.993896484375,0.999267578125,0.99951171875,1.0,1.0,0.9999962449073792,0.9995571374893188,0.967404842376709,0.9919341206550598,0.9994790554046631,0.9994896650314331,0.9999223947525024,0.9999701976776123
4980,train,1.3863909244537354,4.000386271984934,0.564453125,,,,1.4109028577804565,0.24511927366256714,0.1,0.5,0.99467933177948,0.9949951171875,7.9599609375,0.9949951171875,0.0050048828125,0.025475578382611275,3.001001643528678e-05,0.8612592816352844,0.002421401906758547,0.8612558841705322,20402176,0.2765141250565648,14812.986494495015,,1.0,0.99951171875,0.969482421875,0.9921875,0.99951171875,0.999267578125,1.0,1.0,0.9999968409538269,0.9995617866516113,0.9671334624290466,0.991885781288147,0.9994744062423706,0.9994913339614868,0.9999206066131592,0.9999701976776123
4999,train,1.3376355171203613,3.810024109686757,0.5810546875,,,,1.36207115650177,0.24435676634311676,0.1,0.5,0.9947229623794556,0.99420166015625,7.95361328125,0.99420166015625,0.00579833984375,0.02532038278877735,2.9999999999999997e-05,0.8683817982673645,0.003147138748317957,0.8683761358261108,20480000,0.26728170923888683,15324.65506773283,,1.0,0.99951171875,0.966552734375,0.989013671875,0.99951171875,0.9990234375,1.0,1.0,0.9999968409538269,0.9995644688606262,0.9674674272537231,0.9918869733810425,0.9994816780090332,0.9994959235191345,0.9999200701713562,0.9999704360961914
4999,validation,,,,1.5279059290885926,4.608516151147966,0.546025390625,,0.25,,0.5,0.9946768975257874,1.0,8.0,1.0,0.0,0.025498276352882387,,,,,,,,4.0406054998748,1.0,1.0,1.0,1.0,1.0,1.0,1.0,1.0,0.9999962449073792,0.9995633959770203,0.9672148823738098,0.9917905330657959,0.9994757175445557,0.9994860887527466,0.9999185800552368,0.9999695420265198
