step,split,train_loss,train_perplexity,train_accuracy,val_loss,val_perplexity,val_accuracy,total_loss,density_loss,lambda_density,target_density,mean_soft_gate,mean_hard_gate,layers_per_token,compute_fraction,skip_fraction,routing_entropy,learning_rate,gradient_norm,router_gradient_norm,transformer_gradient_norm,tokens_processed,seconds_per_step,tokens_per_second,validation_time_sec,layer_0_density,layer_1_density,layer_2_density,layer_3_density,layer_4_density,layer_5_density,layer_6_density,layer_7_density,layer_0_soft_probability,layer_1_soft_probability,layer_2_soft_probability,layer_3_soft_probability,layer_4_soft_probability,layer_5_soft_probability,layer_6_soft_probability,layer_7_soft_probability
0,train,4.190176486968994,66.03444415095895,0.018310546875,,,,4.190176486968994,0.1609792411327362,0.0,0.5,0.9001085162162781,0.901214599609375,7.209716796875,0.901214599609375,0.098785400390625,0.3248434066772461,2.9999999999999997e-05,6.149465084075928,0.02093162201344967,6.1494293212890625,4096,1.4370997911319137,2850.184813382957,,0.90478515625,0.901611328125,0.903076171875,0.897705078125,0.90087890625,0.8984375,0.904052734375,0.899169921875,0.9000071883201599,0.9001992344856262,0.9000391364097595,0.9001823663711548,0.8997732400894165,0.900091290473938,0.9001649618148804,0.9004107117652893
20,train,3.380915641784668,29.39767653455286,0.154541015625,,,,3.380915641784668,0.16483262181282043,0.0,0.5,0.9063907861709595,0.905975341796875,7.247802734375,0.905975341796875,0.094024658203125,0.3106924295425415,6.599999999999999e-05,1.0796757936477661,0.008699115365743637,1.0796407461166382,86016,0.27025691606104374,15155.948864134985,,0.89892578125,0.909423828125,0.9072265625,0.90087890625,0.90625,0.904296875,0.909423828125,0.911376953125,0.900113582611084,0.9013555645942688,0.9036340713500977,0.9064525365829468,0.9070316553115845,0.908323347568512,0.9109408259391785,0.9132753014564514
40,train,3.0342040061950684,20.784427037996686,0.234375,,,,3.0342040061950684,0.1677323579788208,0.0,0.5,0.9092454314231873,0.90936279296875,7.27490234375,0.90936279296875,0.09063720703125,0.30376070737838745,0.00012599999999999997,1.2678580284118652,0.05960391089320183,1.2664562463760376,167936,0.2452519158832729,16701.194709318734,,0.89892578125,0.89990234375,0.888916015625,0.90771484375,0.910400390625,0.918212890625,0.9287109375,0.922119140625,0.9006969332695007,0.9022253155708313,0.9038372039794922,0.9062401652336121,0.9095921516418457,0.9113215804100037,0.9181352853775024,0.9219150543212891
60,train,2.775346279144287,16.0441817993881,0.259521484375,,,,2.775346279144287,0.17892685532569885,0.0,0.5,0.9216762185096741,0.9227294921875,7.3818359375,0.9227294921875,0.0772705078125,0.271422803401947,0.000186,1.1487244367599487,0.04003940150141716,1.148026466369629,249856,0.2529822923243046,16190.856531370311,,0.9091796875,0.910400390625,0.91015625,0.909912109375,0.9208984375,0.9287109375,0.944580078125,0.947998046875,0.9018909931182861,0.9045977592468262,0.9083707332611084,0.9142062067985535,0.9220538139343262,0.9312654733657837,0.9421483278274536,0.9488762617111206
80,train,2.662179946899414,14.327488243655772,0.25439453125,,,,2.662179946899414,0.1866709291934967,0.0,0.5,0.9314473271369934,0.931427001953125,7.451416015625,0.931427001953125,0.068572998046875,0.24299941956996918,0.00024599999999999996,0.9060235619544983,0.04015854001045227,0.9051331281661987,331776,0.2526636249385774,16211.276953679971,,0.89990234375,0.909912109375,0.911865234375,0.92236328125,0.931884765625,0.947509765625,0.9599609375,0.968017578125,0.9034897089004517,0.9074758291244507,0.913228452205658,0.9212898015975952,0.9344244599342346,0.9461345672607422,0.9600254893302917,0.965510368347168
100,train,2.540085792541504,12.680758838696704,0.2666015625,,,,2.540085792541504,0.19499647617340088,0.0,0.5,0.9391653537750244,0.94073486328125,7.52587890625,0.94073486328125,0.05926513671875,0.21784144639968872,0.0002999999722532997,1.1451481580734253,0.03160781413316727,1.144711971282959,413696,0.2527184998616576,16207.756860863845,,0.906005859375,0.914306640625,0.921142578125,0.92529296875,0.94287109375,0.9541015625,0.977294921875,0.98486328125,0.9052576422691345,0.9099928140640259,0.918502688407898,0.926536500453949,0.9433894157409668,0.9563802480697632,0.9735510349273682,0.979712724685669
120,train,2.5637283325195312,12.98413636267328,0.25048828125,,,,2.5637283325195312,0.19463595747947693,0.0,0.5,0.9398298859596252,0.9404296875,7.5234375,0.9404296875,0.0595703125,0.21424229443073273,0.0002999877638895945,1.5359573364257812,0.03858884051442146,1.5354725122451782,495616,0.24991633417084813,16389.484959393998,,0.91455078125,0.9111328125,0.918701171875,0.931640625,0.935302734375,0.956298828125,0.970947265625,0.98486328125,0.906912088394165,0.912293553352356,0.9202649593353271,0.9301472902297974,0.9411735534667969,0.9563940763473511,0.9719421863555908,0.9795116782188416
140,train,2.5236268043518066,12.473754592030058,0.269287109375,,,,2.5236268043518066,0.19655629992485046,0.0,0.5,0.9436478018760681,0.9423828125,7.5390625,0.9423828125,0.0576171875,0.20148983597755432,0.0002999533604809292,0.6888967156410217,0.034726426005363464,0.6880209445953369,577536,0.2602907922118902,15736.246239035776,,0.9033203125,0.912109375,0.92236328125,0.930419921875,0.93994140625,0.96484375,0.979248046875,0.98681640625,0.908771276473999,0.9141073226928711,0.9228314757347107,0.9309366345405579,0.944064736366272,0.9634227156639099,0.9790756106376648,0.9859728217124939
160,train,2.498410701751709,12.163147721935776,0.271240234375,,,,2.498410701751709,0.20041942596435547,0.0,0.5,0.9444339871406555,0.946868896484375,7.574951171875,0.946868896484375,0.053131103515625,0.19780270755290985,0.0002998967676840031,0.8068289160728455,0.016590237617492676,0.8066583275794983,659456,0.25661537470296025,15961.631312002404,,0.927734375,0.91943359375,0.91650390625,0.927734375,0.946044921875,0.965576171875,0.984130859375,0.98779296875,0.910206139087677,0.9156575202941895,0.9231889247894287,0.931933581829071,0.9459517598152161,0.9628520607948303,0.9799099564552307,0.9857719540596008
180,train,2.499626874923706,12.177949214647022,0.2744140625,,,,2.499626874923706,0.1995658278465271,0.0,0.5,0.9468247890472412,0.94561767578125,7.56494140625,0.94561767578125,0.05438232421875,0.1883630007505417,0.0002998179948039535,0.6801656484603882,0.03722677379846573,0.6791461706161499,741376,0.2511787083931267,16307.11466829122,,0.904541015625,0.912109375,0.91845703125,0.929931640625,0.955078125,0.971923828125,0.983642578125,0.9892578125,0.9114314317703247,0.9151039719581604,0.9238760471343994,0.9294958710670471,0.9531217813491821,0.9691069722175598,0.9826213717460632,0.9898411631584167
200,train,2.4951977729797363,12.124131107028274,0.274658203125,,,,2.4951977729797363,0.20091217756271362,0.0,0.5,0.9479437470436096,0.947235107421875,7.577880859375,0.947235107421875,0.052764892578125,0.1849837601184845,0.00029971705479282546,0.6663637161254883,0.03574370965361595,0.6654043793678284,823296,0.25521245785057545,16049.373273142373,,0.910400390625,0.915283203125,0.932861328125,0.91943359375,0.95361328125,0.97412109375,0.984619140625,0.987548828125,0.9130245447158813,0.9166998863220215,0.9237308502197266,0.9287893772125244,0.9547312259674072,0.9718629121780396,0.984248161315918,0.9904632568359375
220,train,2.402310848236084,11.048678723009706,0.289306640625,,,,2.402310848236084,0.20785877108573914,0.0,0.5,0.9532191753387451,0.9549560546875,7.6396484375,0.9549560546875,0.0450439453125,0.16918307542800903,0.00029959396424744254,0.646753191947937,0.02877548523247242,0.6461126804351807,905216,0.2806031247600913,14597.128964625672,,0.913330078125,0.920654296875,0.931640625,0.947265625,0.962890625,0.978515625,0.989990234375,0.995361328125,0.9143823385238647,0.9195709824562073,0.9320119619369507,0.9406173229217529,0.962725043296814,0.9760013818740845,0.987906813621521,0.9925373792648315
240,train,2.4432969093322754,11.510928740216492,0.28466796875,,,,2.4432969093322754,0.2069246768951416,0.0,0.5,0.9539619088172913,0.954132080078125,7.633056640625,0.954132080078125,0.045867919921875,0.16614286601543427,0.0002994487434066776,0.8486384749412537,0.030259549617767334,0.848098874092102,987136,0.26071920804679394,15710.388316555676,,0.91748046875,0.926513671875,0.93310546875,0.941162109375,0.96337890625,0.977783203125,0.984375,0.9892578125,0.9155064821243286,0.9232226610183716,0.9357562065124512,0.9394127726554871,0.9641149044036865,0.9743283987045288,0.9870564341545105,0.9922977685928345
249,validation,,,,2.433211631774902,11.395421270422258,0.2911669921875,,0.24999694943428039,,0.5,0.9534832072257996,0.9999969482421875,7.9999755859375,0.9999969482421875,3.0517578125e-06,0.1631104004383087,,,,,,,,5.159368917346001,1.0,1.0,1.0,1.0,1.0,0.9999755620956421,1.0,1.0,0.9160887002944946,0.9230039119720459,0.932526171207428,0.9345031976699829,0.9651630520820618,0.9734049439430237,0.9892803430557251,0.9938950538635254
260,train,2.4312801361083984,11.373432306251097,0.29150390625,,,,2.4312801361083984,0.20373985171318054,0.0,0.5,0.9525887966156006,0.95050048828125,7.60400390625,0.95050048828125,0.04949951171875,0.16845442354679108,0.00029928141614812506,0.7534961104393005,0.027675172314047813,0.7529876828193665,1069056,0.25765804201364517,15897.039222952266,,0.9169921875,0.914794921875,0.929931640625,0.9365234375,0.962158203125,0.966552734375,0.986083984375,0.990966796875,0.9167724847793579,0.9210953712463379,0.9327529668807983,0.9374617338180542,0.9641422629356384,0.9706165790557861,0.985957682132721,0.9919114112854004
280,train,2.396571636199951,10.985449629243385,0.297119140625,,,,2.396571636199951,0.20948848128318787,0.0,0.5,0.9579132795333862,0.95697021484375,7.65576171875,0.95697021484375,0.04302978515625,0.1535833179950714,0.00029909200998417515,0.7070471048355103,0.016872132197022438,0.706845760345459,1150976,0.2623815000988543,15610.85670467163,,0.919189453125,0.9248046875,0.94384765625,0.9462890625,0.9677734375,0.974609375,0.986083984375,0.9931640625,0.9183098077774048,0.9269320964813232,0.9422116279602051,0.9473921656608582,0.9693217277526855,0.976299524307251,0.9889413118362427,0.9938982725143433
300,train,2.3980607986450195,11.001820935014885,0.288330078125,,,,2.3980607986450195,0.21552398800849915,0.0,0.5,0.9643375873565674,0.96343994140625,7.70751953125,0.96343994140625,0.03656005859375,0.13644734025001526,0.00029888055605748994,0.6277693510055542,0.021900761872529984,0.6273872256278992,1232896,0.26548362523317337,15428.446844518177,,0.917724609375,0.928955078125,0.949951171875,0.9609375,0.977294921875,0.984619140625,0.9931640625,0.994873046875,0.9198806285858154,0.9332007169723511,0.9530751705169678,0.9589334726333618,0.9781501293182373,0.9855184555053711,0.9911363124847412,0.9948055744171143
320,train,2.380819082260132,10.813756593661036,0.286865234375,,,,2.380819082260132,0.22241175174713135,0.0,0.5,0.9697172045707703,0.97100830078125,7.76806640625,0.97100830078125,0.02899169921875,0.12008865177631378,0.00029864708913588306,0.7282537817955017,0.03337334096431732,0.7274886965751648,1314816,0.27558512473478913,14862.921226034272,,0.926025390625,0.94189453125,0.9638671875,0.97509765625,0.984619140625,0.987548828125,0.99365234375,0.995361328125,0.9214155673980713,0.9413880705833435,0.9646701812744141,0.9702253341674805,0.9839588403701782,0.9883056879043579,0.9924858808517456,0.9952878355979919
340,train,2.3147366046905518,10.122256412725989,0.315673828125,,,,2.3147366046905518,0.22239559888839722,0.0,0.5,0.9722269773483276,0.970947265625,7.767578125,0.970947265625,0.029052734375,0.11229366064071655,0.0002983916476066029,0.8068116903305054,0.0170765183866024,0.8066309690475464,1396736,0.2574091670103371,15912.409210490594,,0.92236328125,0.939697265625,0.970458984375,0.974853515625,0.989501953125,0.986572265625,0.9912109375,0.992919921875,0.9226373434066772,0.9440319538116455,0.9706460237503052,0.9771491885185242,0.9879664182662964,0.9880096912384033,0.9925899505615234,0.9947853684425354
360,train,2.303971290588379,10.013871588103123,0.314208984375,,,,2.303971290588379,0.22443035244941711,0.0,0.5,0.9751331806182861,0.9730224609375,7.7841796875,0.9730224609375,0.0269775390625,0.10185573250055313,0.0002981142734700209,0.818414032459259,0.028574150055646896,0.8179150819778442,1478656,0.2593297497369349,15794.562730095557,,0.916259765625,0.944580078125,0.97900390625,0.981201171875,0.98828125,0.98681640625,0.992919921875,0.9951171875,0.9241918325424194,0.9489326477050781,0.9771021604537964,0.983045756816864,0.990243673324585,0.9888652563095093,0.9933606386184692,0.9953234791755676
380,train,2.286867380142212,9.844051657641874,0.326904296875,,,,2.286867380142212,0.22822502255439758,0.0,0.5,0.9764960408210754,0.977294921875,7.818359375,0.977294921875,0.022705078125,0.09814433008432388,0.0002978150123327258,0.7215330600738525,0.014163821935653687,0.7213940024375916,1560576,0.22405187459662557,18281.48060521378,,0.930419921875,0.958984375,0.982421875,0.98681640625,0.98779296875,0.98681640625,0.991943359375,0.9931640625,0.9258056282997131,0.953488826751709,0.9810380935668945,0.9860061407089233,0.9909510612487793,0.9886595010757446,0.9920600652694702,0.9939589500427246
400,train,2.2897143363952637,9.87211717375597,0.325927734375,,,,2.2897143363952637,0.2295784056186676,0.0,0.5,0.9800085425376892,0.978546142578125,7.828369140625,0.978546142578125,0.021453857421875,0.084018774330616,0.0002974939134000249,0.6680616736412048,0.01745903678238392,0.6678335070610046,1642496,0.2643749159760773,15493.14913208573,,0.92333984375,0.9580078125,0.981201171875,0.990478515625,0.990478515625,0.99365234375,0.9970703125,0.994140625,0.927147388458252,0.9591199159622192,0.9848979711532593,0.9908590912818909,0.9948182106018066,0.9927941560745239,0.9943022727966309,0.9961296319961548
420,train,2.2436795234680176,9.427957936073721,0.329833984375,,,,2.2436795234680176,0.23115944862365723,0.0,0.5,0.9801523089408875,0.980316162109375,7.842529296875,0.980316162109375,0.019683837890625,0.08375686407089233,0.0002971510294678535,0.6588208675384521,0.008418054319918156,0.6587671041488647,1724416,0.25590425031259656,16005.98659458209,,0.932861328125,0.9580078125,0.984130859375,0.9912109375,0.99462890625,0.991943359375,0.994873046875,0.994873046875,0.9282447695732117,0.9613189697265625,0.985759973526001,0.990288496017456,0.9937654137611389,0.9920470714569092,0.9940241575241089,0.9957688450813293
440,train,2.248661518096924,9.475045168649572,0.339111328125,,,,2.248661518096924,0.23115599155426025,0.0,0.5,0.9812746047973633,0.980255126953125,7.842041015625,0.980255126953125,0.019744873046875,0.07947538048028946,0.00029678641691409396,0.7833505868911743,0.023947641253471375,0.7829844951629639,1806336,0.2640561666339636,15511.851331530926,,0.92724609375,0.9609375,0.988037109375,0.990478515625,0.993896484375,0.99267578125,0.99462890625,0.994140625,0.9292241930961609,0.9638807773590088,0.9876546859741211,0.9924952983856201,0.9945669174194336,0.9931454658508301,0.9937269687652588,0.995502233505249
460,train,2.23665452003479,9.36195859343457,0.34326171875,,,,2.23665452003479,0.2333715558052063,0.0,0.5,0.9829139113426208,0.982635498046875,7.861083984375,0.982635498046875,0.017364501953125,0.07235515862703323,0.0002964001356893063,0.748029887676239,0.02852731943130493,0.7474856972694397,1888256,0.26553541608154774,15425.437632553281,,0.93212890625,0.968505859375,0.990234375,0.99267578125,0.995361328125,0.9912109375,0.99462890625,0.996337890625,0.9305508136749268,0.9675161838531494,0.9903526902198792,0.9936131238937378,0.9949885010719299,0.994185209274292,0.9954605102539062,0.9966446161270142
480,train,2.2618837356567383,9.601158186815091,0.3369140625,,,,2.2618837356567383,0.23465320467948914,0.0,0.5,0.9838536381721497,0.9840087890625,7.8720703125,0.9840087890625,0.0159912109375,0.06929416209459305,0.00029599224930687063,0.8420560956001282,0.025700785219669342,0.8416637778282166,1970176,0.2617099997587502,15650.911328477243,,0.938720703125,0.965576171875,0.990478515625,0.9951171875,0.99658203125,0.99169921875,0.997802734375,0.99609375,0.9322537779808044,0.9698718190193176,0.9908328652381897,0.9941390752792358,0.9958399534225464,0.9950239658355713,0.9963212609291077,0.996546745300293
499,validation,,,,2.1925446367263794,8.957978939240665,0.3547900390625,,0.25,,0.5,0.9855865716934205,1.0,8.0,1.0,0.0,0.06217198543250561,,,,,,,,2.675689833238721,1.0,1.0,1.0,1.0,1.0,1.0,1.0,1.0,0.9330909252166748,0.9746543169021606,0.9934408664703369,0.9959548115730286,0.9967820644378662,0.9957315325737,0.9973754286766052,0.997663140296936
500,train,2.200709104537964,9.03141544701854,0.359375,,,,2.200709104537964,0.2348971962928772,0.0,0.5,0.9844250679016113,0.98419189453125,7.87353515625,0.98419189453125,0.01580810546875,0.06692742556333542,0.00029556282483254393,0.7783289551734924,0.014280696399509907,0.7781979441642761,2052096,0.6546787498518825,6256.503668290285,,0.932861328125,0.968505859375,0.992431640625,0.996826171875,0.99462890625,0.995361328125,0.99609375,0.996826171875,0.9335318803787231,0.9702620506286621,0.9910394549369812,0.994645357131958,0.9959919452667236,0.9955829977989197,0.9970166087150574,0.9973305463790894
520,train,2.1561779975891113,8.638059801518104,0.361083984375,,,,2.1566507816314697,0.23634329438209534,0.0019999999999999953,0.5,0.9853245615959167,0.98577880859375,7.88623046875,0.98577880859375,0.01422119140625,0.06296111643314362,0.00029511193287343353,0.8163200616836548,0.033408526331186295,0.815636157989502,2134016,0.25932175014168024,15795.04996307542,,0.939697265625,0.97265625,0.99267578125,0.99462890625,0.997314453125,0.994873046875,0.997314453125,0.9970703125,0.9346761107444763,0.9730194211006165,0.9923418760299683,0.9955512881278992,0.9959264397621155,0.9960765838623047,0.9973210096359253,0.9976834654808044
540,train,2.1788458824157715,8.836102470430577,0.36181640625,,,,2.1797902584075928,0.23609048128128052,0.0039999999999999975,0.5,0.9855637550354004,0.985504150390625,7.884033203125,0.985504150390625,0.014495849609375,0.062213290482759476,0.00029463964756638725,0.8479338884353638,0.041516710072755814,0.846916913986206,2215936,0.2654283340089023,15431.66073544591,,0.9404296875,0.968505859375,0.989990234375,0.995361328125,0.99658203125,0.9970703125,0.99755859375,0.99853515625,0.9359867572784424,0.9723894596099854,0.9920916557312012,0.9954804182052612,0.9962460994720459,0.9961682558059692,0.9977660775184631,0.9983812570571899
560,train,2.1874208450317383,8.91219750856734,0.352783203125,,,,2.1888413429260254,0.23674744367599487,0.005999999999999999,0.5,0.9864708185195923,0.986236572265625,7.889892578125,0.986236572265625,0.013763427734375,0.057922013103961945,0.0002941460465658037,0.8413995504379272,0.014933336526155472,0.8412670493125916,2297856,0.26204083394259214,15631.15159714898,,0.944091796875,0.9716796875,0.989990234375,0.994384765625,0.997314453125,0.99658203125,0.997802734375,0.998046875,0.9375202655792236,0.974858283996582,0.9933059215545654,0.9958529472351074,0.9964627027511597,0.997003436088562,0.9981002807617188,0.998662531375885
580,train,2.1793558597564697,8.840609831698952,0.36474609375,,,,2.181245803833008,0.23625406622886658,0.008000000000000002,0.5,0.9859390258789062,0.98565673828125,7.88525390625,0.98565673828125,0.01434326171875,0.06082237511873245,0.00029363121103086404,0.8581128716468811,0.028133513405919075,0.8576515316963196,2379776,0.26772825000807643,15299.095257509949,,0.936767578125,0.974365234375,0.993408203125,0.9951171875,0.995361328125,0.996337890625,0.995849609375,0.998046875,0.9382978081703186,0.973442792892456,0.9921778440475464,0.9953862428665161,0.9959520101547241,0.9967146515846252,0.9975855350494385,0.9979550838470459
600,train,2.1345677375793457,8.453391633456036,0.365966796875,,,,2.136948347091675,0.23806068301200867,0.009999999999999997,0.5,0.9865174889564514,0.987579345703125,7.900634765625,0.987579345703125,0.012420654296875,0.05819147080183029,0.0002930952256121879,0.8128196597099304,0.007917298004031181,0.8127810955047607,2461696,0.24773387517780066,16533.871264316465,,0.9423828125,0.97900390625,0.993408203125,0.99560546875,0.996337890625,0.9970703125,0.998046875,0.998779296875,0.9396116137504578,0.9747269153594971,0.9926496744155884,0.995290219783783,0.9962645173072815,0.9967634677886963,0.9982585906982422,0.9985749125480652
620,train,2.1557791233062744,8.634614988678969,0.3681640625,,,,2.1586225032806396,0.23694494366645813,0.011999999999999999,0.5,0.9870123267173767,0.986358642578125,7.890869140625,0.986358642578125,0.013641357421875,0.05617297440767288,0.0002925381784379147,0.9173586368560791,0.047013040632009506,0.9161531925201416,2543616,0.26168408431112766,15652.461290424091,,0.9375,0.9736328125,0.9931640625,0.9951171875,0.99755859375,0.997802734375,0.998046875,0.998046875,0.940727710723877,0.9764622449874878,0.99370276927948,0.9956071972846985,0.996566653251648,0.9968308210372925,0.9981695413589478,0.998031497001648
640,train,2.0932323932647705,8.111091072251387,0.390625,,,,2.096564769744873,0.23802146315574646,0.014,0.5,0.9869430661201477,0.987579345703125,7.900634765625,0.987579345703125,0.012420654296875,0.05718667805194855,0.0002919601610992131,0.7708796858787537,0.012869101017713547,0.7707722187042236,2625536,0.23903095815330744,17135.85567177012,,0.9453125,0.97900390625,0.994384765625,0.994384765625,0.995361328125,0.996826171875,0.99755859375,0.997802734375,0.9420614838600159,0.9767415523529053,0.9932492971420288,0.994727611541748,0.9959957599639893,0.9963399171829224,0.9980636239051819,0.998365581035614
660,train,2.034411907196045,7.647753214087967,0.3935546875,,,,2.0382192134857178,0.23794960975646973,0.016000000000000004,0.5,0.9875032901763916,0.987518310546875,7.900146484375,0.987518310546875,0.012481689453125,0.054885607212781906,0.00029136126863522205,0.7192915081977844,0.012547103688120842,0.7191820740699768,2707456,0.2683347500860691,15264.51567933783,,0.946533203125,0.978271484375,0.9931640625,0.99462890625,0.9970703125,0.9951171875,0.9970703125,0.998291015625,0.9434136152267456,0.9776917695999146,0.9937927722930908,0.9955404996871948,0.9963636994361877,0.9963868856430054,0.9981721639633179,0.9986647367477417
680,train,2.042849063873291,7.7125514783465645,0.378662109375,,,,2.04712176322937,0.23736834526062012,0.018000000000000006,0.5,0.9869248270988464,0.98687744140625,7.89501953125,0.98687744140625,0.01312255859375,0.057431790977716446,0.00029074159951742346,0.832278311252594,0.03550293296575546,0.8315207362174988,2789376,0.26250666566193104,15603.413306369255,,0.94189453125,0.979736328125,0.993896484375,0.994873046875,0.993408203125,0.9951171875,0.9970703125,0.9990234375,0.9447463154792786,0.9747011661529541,0.993005096912384,0.9944503903388977,0.9957720041275024,0.9959063529968262,0.9982768297195435,0.9985410571098328
700,train,2.0195040702819824,7.534587381161528,0.405029296875,,,,2.0242764949798584,0.23861819505691528,0.020000000000000007,0.5,0.9878659844398499,0.988189697265625,7.905517578125,0.988189697265625,0.011810302734375,0.05390515923500061,0.0002901012556334517,0.6951831579208374,0.02525627426803112,0.6947242021560669,2871296,0.26434108428657055,15495.13202253325,,0.946533203125,0.9775390625,0.9951171875,0.99560546875,0.997802734375,0.99755859375,0.997802734375,0.99755859375,0.9456061720848083,0.9766082763671875,0.9946607351303101,0.9959403276443481,0.9968239068984985,0.9967948198318481,0.9979985952377319,0.9984949827194214
720,train,2.0160441398620605,7.508563279831272,0.40771484375,,,,2.021272897720337,0.2376754879951477,0.021999999999999995,0.5,0.9880456328392029,0.987091064453125,7.896728515625,0.987091064453125,0.012908935546875,0.052801474928855896,0.00028944034227034083,0.7899951338768005,0.020490286871790886,0.7897293567657471,2953216,0.26839404087513685,15261.143603056204,,0.935791015625,0.978271484375,0.99365234375,0.99462890625,0.99755859375,0.997802734375,0.999267578125,0.999755859375,0.9468199014663696,0.9763966202735901,0.9943518042564392,0.9958473443984985,0.996616005897522,0.99690842628479,0.9985474348068237,0.9988769292831421
740,train,2.021510601043701,7.549720940417259,0.4033203125,,,,2.027228355407715,0.2382391393184662,0.023999999999999997,0.5,0.9878525733947754,0.98785400390625,7.90283203125,0.98785400390625,0.01214599609375,0.05400404334068298,0.00028875896809721314,0.754939079284668,0.03678910806775093,0.7540422081947327,3035136,0.2609827909618616,15694.521408496103,,0.95166015625,0.974853515625,0.994873046875,0.994140625,0.995849609375,0.99462890625,0.998046875,0.998779296875,0.9480370879173279,0.9758089780807495,0.9951064586639404,0.9951513409614563,0.9958875775337219,0.9965853691101074,0.9978472590446472,0.9983968734741211
749,validation,,,,2.0340500807762147,7.6449865554780425,0.3957861328125,,0.25,,0.5,0.988677933216095,1.0,8.0,1.0,0.0,0.05042667105793953,,,,,,,,2.863477041013539,1.0,1.0,1.0,1.0,1.0,1.0,1.0,1.0,0.9486867785453796,0.9782578945159912,0.9957985877990723,0.9958992004394531,0.9965424537658691,0.9970449209213257,0.9985451698303223,0.9986488819122314
760,train,2.008488178253174,7.452042666651219,0.402587890625,,,,2.0146849155426025,0.23833173513412476,0.026000000000000002,0.5,0.9881883263587952,0.9879150390625,7.9033203125,0.9879150390625,0.0120849609375,0.05290762335062027,0.00028805724514741114,0.9595186710357666,0.022780533879995346,0.9592481851577759,3117056,0.2725300840102136,15029.53339949983,,0.947998046875,0.9765625,0.9951171875,0.995849609375,0.99755859375,0.995849609375,0.9970703125,0.997314453125,0.949385941028595,0.977103054523468,0.994795560836792,0.995028018951416,0.996204137802124,0.9966902732849121,0.9980524182319641,0.9982471466064453
780,train,1.9644601345062256,7.131061736614922,0.409423828125,,,,1.97114098072052,0.2386016547679901,0.028,0.5,0.9889448285102844,0.9881591796875,7.9052734375,0.9881591796875,0.0118408203125,0.04952257126569748,0.0002873352888000772,0.8155632615089417,0.028443468734622,0.8150671124458313,3198976,0.2606697082519531,15713.3716359592,,0.94677734375,0.974365234375,0.99560546875,0.99658203125,0.996826171875,0.99755859375,0.998779296875,0.998779296875,0.9506044983863831,0.9764492511749268,0.9956384897232056,0.9965866804122925,0.9974249601364136,0.997686505317688,0.9985659122467041,0.9986025094985962
800,train,1.9499924182891846,7.028634291314657,0.41943359375,,,,1.9571572542190552,0.23882701992988586,0.030000000000000002,0.5,0.9882348775863647,0.988433837890625,7.907470703125,0.988433837890625,0.011566162109375,0.052417270839214325,0.00028659321776118243,0.8858165740966797,0.016870275139808655,0.88565593957901,3280896,0.2635263754054904,15543.036228147745,,0.949462890625,0.977294921875,0.994384765625,0.995361328125,0.99755859375,0.99658203125,0.998046875,0.998779296875,0.9512661695480347,0.9761002659797668,0.9955548048019409,0.9952620267868042,0.9954215288162231,0.9958435297012329,0.9981731176376343,0.9982573986053467
820,train,1.9204843044281006,6.8242626897410315,0.418212890625,,,,1.928115963935852,0.23848795890808105,0.03200000000000001,0.5,0.9888898134231567,0.988067626953125,7.904541015625,0.988067626953125,0.011932373046875,0.05008703097701073,0.0002858311540440085,0.8010940551757812,0.023186543956398964,0.8007584810256958,3362816,0.2254023333080113,18171.9503071995,,0.948974609375,0.9736328125,0.994384765625,0.9970703125,0.996826171875,0.99755859375,0.998046875,0.998046875,0.9528959393501282,0.9769492745399475,0.9951081275939941,0.9956160187721252,0.9962264895439148,0.9970893859863281,0.9983828067779541,0.9988510608673096
840,train,1.9923707246780396,7.332897452865277,0.406982421875,,,,2.000544309616089,0.24039903283119202,0.034,0.5,0.9897857904434204,0.990081787109375,7.920654296875,0.990081787109375,0.009918212890625,0.04645422846078873,0.0002850492229490863,0.7152673006057739,0.012934411875903606,0.7151503562927246,3444736,0.25901608262211084,15813.689862555068,,0.95361328125,0.9814453125,0.9970703125,0.99560546875,0.99755859375,0.998046875,0.998046875,0.999267578125,0.9542278051376343,0.9780609607696533,0.9960324764251709,0.9967204332351685,0.9975907802581787,0.9977831244468689,0.9988096952438354,0.999061107635498
860,train,1.9047296047210693,6.71759097715315,0.429443359375,,,,1.9133586883544922,0.23969608545303345,0.03599999999999999,0.5,0.9893965125083923,0.9893798828125,7.9150390625,0.9893798828125,0.0106201171875,0.048406727612018585,0.00028424755304359324,0.7782389521598816,0.021816305816173553,0.7779331207275391,3526656,0.26370208291336894,15532.679737480923,,0.957763671875,0.973876953125,0.995849609375,0.9951171875,0.99658203125,0.996826171875,0.999267578125,0.999755859375,0.9546851515769958,0.9770317077636719,0.9956995844841003,0.9963565468788147,0.9970757365226746,0.9968043565750122,0.9985548257827759,0.9989641904830933
880,train,1.9360536336898804,6.9313433061582375,0.424072265625,,,,1.9451621770858765,0.23969820141792297,0.038,0.5,0.9896360039710999,0.9893798828125,7.9150390625,0.9893798828125,0.0106201171875,0.04743491858243942,0.00028342627614021435,0.9099979996681213,0.01659589633345604,0.9098466634750366,3608576,0.2559197088703513,16005.019769989774,,0.95654296875,0.9755859375,0.99658203125,0.99462890625,0.99658203125,0.997314453125,0.99853515625,0.999267578125,0.9560497999191284,0.978233277797699,0.9958837032318115,0.9955469369888306,0.9967619776725769,0.9973153471946716,0.9984239339828491,0.998873233795166
900,train,1.9392175674438477,6.953308346848376,0.417236328125,,,,1.9488284587860107,0.24027252197265625,0.039999999999999994,0.5,0.9898030161857605,0.989990234375,7.919921875,0.989990234375,0.010009765625,0.046820372343063354,0.0002825855272754691,0.7814105749130249,0.011836778372526169,0.7813209295272827,3690496,0.2730450420640409,15001.187968977332,,0.958984375,0.977294921875,0.996337890625,0.9970703125,0.994873046875,0.996826171875,0.99853515625,1.0,0.957016110420227,0.97826087474823,0.9957670569419861,0.9959778785705566,0.9968678951263428,0.9969485402107239,0.9985558986663818,0.9990295767784119
920,train,1.9356744289398193,6.928715406139813,0.42578125,,,,1.9457591772079468,0.24011236429214478,0.042,0.5,0.9899620413780212,0.98980712890625,7.91845703125,0.98980712890625,0.01019287109375,0.04678821936249733,0.0002817254446875081,0.8415156602859497,0.017742548137903214,0.8413286209106445,3772416,0.26557041704654694,15423.404630501776,,0.956298828125,0.97802734375,0.995849609375,0.99658203125,0.998046875,0.996826171875,0.99755859375,0.999267578125,0.9578115940093994,0.9796575903892517,0.9958289861679077,0.9958254098892212,0.9967796206474304,0.9965605735778809,0.9983258247375488,0.9989069700241089
940,train,1.863316297531128,6.445075156485357,0.436279296875,,,,1.8739506006240845,0.24168828129768372,0.044000000000000004,0.5,0.989880383014679,0.991485595703125,7.931884765625,0.991485595703125,0.008514404296875,0.046725083142519,0.00028084616979338407,0.8209026455879211,0.01239150483161211,0.8208090662956238,3854336,0.2701870002783835,15159.870740560213,,0.96435546875,0.982666015625,0.996826171875,0.99658203125,0.9970703125,0.99560546875,0.99951171875,0.999267578125,0.9587154388427734,0.9789450764656067,0.9955633878707886,0.9952842593193054,0.9966449737548828,0.9963208436965942,0.9985874891281128,0.9989820718765259
960,train,1.885728359222412,6.591153421493307,0.43115234375,,,,1.8967983722686768,0.2406522035598755,0.046000000000000006,0.5,0.9901574850082397,0.990386962890625,7.923095703125,0.990386962890625,0.009613037109375,0.04585639759898186,0.00027994784716579927,0.8635259866714478,0.01802687533199787,0.8633378148078918,3936256,0.2620525420643389,15630.453220310123,,0.960205078125,0.97802734375,0.995361328125,0.9951171875,0.997314453125,0.9990234375,0.999267578125,0.998779296875,0.9593993425369263,0.9770867824554443,0.9955866932868958,0.9966917037963867,0.9971100687980652,0.9976277947425842,0.9987055063247681,0.9990518689155579
980,train,1.8401765823364258,6.2976502166371535,0.444091796875,,,,1.8517149686813354,0.24038314819335938,0.04800000000000001,0.5,0.9899661540985107,0.9901123046875,7.9208984375,0.9901123046875,0.0098876953125,0.046814244240522385,0.00027903062450933475,0.8673950433731079,0.026125339791178703,0.867001473903656,4018176,0.24898479180410504,16450.803964053473,,0.958984375,0.9794921875,0.99609375,0.995361328125,0.996337890625,0.99658203125,0.998779296875,0.999267578125,0.9601975679397583,0.978697657585144,0.9956034421920776,0.9948207139968872,0.9961109757423401,0.9967581033706665,0.9986298680305481,0.9989111423492432
999,validation,,,,1.924216196537018,6.849777681808526,0.4283984375,,0.2499993896484375,,0.5,0.9905816984176635,0.9999993896484375,7.9999951171875,0.9999993896484375,6.103515625e-07,0.04419708862900734,,,,,,,,3.6057300409302115,1.0,1.0,1.0,1.0,1.0,0.9999951124191284,1.0,1.0,0.9613386392593384,0.9798868298530579,0.9967151880264282,0.995067298412323,0.9961133599281311,0.9972801208496094,0.9989176392555237,0.9993343949317932
1000,train,1.93415367603302,6.918186549969019,0.4150390625,,,,1.9461734294891357,0.24039536714553833,0.05000000000000002,0.5,0.9901658892631531,0.990142822265625,7.921142578125,0.990142822265625,0.009857177734375,0.046040959656238556,0.0002780946526361643,0.8450990319252014,0.02302408404648304,0.8447853922843933,4100096,0.2624151250347495,15608.856385307821,,0.961181640625,0.979248046875,0.9951171875,0.995849609375,0.994384765625,0.9970703125,0.998779296875,0.99951171875,0.9615548849105835,0.9782906174659729,0.9961532354354858,0.994621217250824,0.9957335591316223,0.9969478845596313,0.9987633228302002,0.9992622137069702
1020,train,1.8751540184020996,6.521823523817731,0.43896484375,,,,1.8876858949661255,0.24099671840667725,0.052000000000000005,0.5,0.9904157519340515,0.990753173828125,7.926025390625,0.990753173828125,0.009246826171875,0.04520402103662491,0.0002771400854412573,0.8256269097328186,0.024837153032422066,0.8252532482147217,4182016,0.28776049986481667,14234.059233022626,,0.9619140625,0.97900390625,0.996337890625,0.994873046875,0.99609375,0.9990234375,0.9990234375,0.999755859375,0.962361216545105,0.9786251187324524,0.9959588646888733,0.9946751594543457,0.9965128898620605,0.9975228309631348,0.9985406398773193,0.9991296529769897
1040,train,1.8046140670776367,6.077625440101388,0.462158203125,,,,1.817586898803711,0.24023687839508057,0.054,0.5,0.9898402690887451,0.990020751953125,7.920166015625,0.990020751953125,0.009979248046875,0.04760446399450302,0.00027616707987707535,0.8104867935180664,0.011665118858218193,0.8104028701782227,4263936,0.29323445819318295,13968.34473423841,,0.9677734375,0.976318359375,0.994873046875,0.99267578125,0.993896484375,0.996826171875,0.9990234375,0.998779296875,0.9627947807312012,0.9786199927330017,0.9953299760818481,0.9922193884849548,0.995474636554718,0.9966118335723877,0.9985960721969604,0.9990751147270203
1060,train,1.8157258033752441,6.145535009183984,0.458251953125,,,,1.8292077779769897,0.24075031280517578,0.056,0.5,0.9902482032775879,0.99053955078125,7.92431640625,0.99053955078125,0.00946044921875,0.04583015292882919,0.00027517579592776516,1.005462884902954,0.01063197199255228,1.0054067373275757,4345856,0.35066416719928384,11680.6916221703,,0.9677734375,0.97607421875,0.99560546875,0.994873046875,0.99609375,0.9970703125,0.9990234375,0.997802734375,0.9636259078979492,0.9771373271942139,0.996082603931427,0.9940682053565979,0.9964541792869568,0.9972464442253113,0.9984241724014282,0.9989473819732666
1080,train,1.8712751865386963,6.496575465068889,0.44580078125,,,,1.8852120637893677,0.2402907907962799,0.058,0.5,0.9904086589813232,0.99005126953125,7.92041015625,0.99005126953125,0.00994873046875,0.04563699662685394,0.00027416639658285407,0.7806755900382996,0.007661881856620312,0.7806379795074463,4427776,0.338795708026737,12089.881609942808,,0.966552734375,0.973876953125,0.996337890625,0.991455078125,0.994873046875,0.998779296875,0.999267578125,0.999267578125,0.964763343334198,0.9771978259086609,0.995739221572876,0.994092583656311,0.9965341687202454,0.9972912669181824,0.9985936880111694,0.9990570545196533
1100,train,1.7366408109664917,5.678237078004729,0.474609375,,,,1.7510247230529785,0.23973175883293152,0.060000000000000005,0.5,0.9902106523513794,0.989471435546875,7.915771484375,0.989471435546875,0.010528564453125,0.04624331742525101,0.00027313904781045063,0.9665725827217102,0.016179203987121582,0.9664371609687805,4509696,0.3317978326231241,12344.866654546482,,0.9638671875,0.97412109375,0.99560546875,0.9931640625,0.99462890625,0.9970703125,0.9990234375,0.998291015625,0.9653921723365784,0.9761010408401489,0.9958191514015198,0.993843138217926,0.9952788352966309,0.9974989891052246,0.9987307786941528,0.9990208148956299
1120,train,1.8098316192626953,6.109418637203772,0.456787109375,,,,1.8248159885406494,0.24168244004249573,0.06200000000000001,0.5,0.9906678199768066,0.99151611328125,7.93212890625,0.99151611328125,0.00848388671875,0.04465553164482117,0.00027209391852995554,0.8775614500045776,0.014200972393155098,0.8774465322494507,4591616,0.30801512487232685,13298.048275057285,,0.969970703125,0.9814453125,0.99658203125,0.994873046875,0.99560546875,0.994873046875,0.999755859375,0.9990234375,0.966163694858551,0.9780945777893066,0.9961869716644287,0.9946185350418091,0.9954496622085571,0.9969503879547119,0.9987078905105591,0.9991713762283325
1140,train,1.8190617561340332,6.166070457250225,0.453369140625,,,,1.8345117568969727,0.2414056658744812,0.06400000000000002,0.5,0.9903237223625183,0.991241455078125,7.929931640625,0.991241455078125,0.008758544921875,0.046173688024282455,0.00027103118058428784,0.8916476964950562,0.014089701697230339,0.8915363550186157,4673536,0.302131500095129,13557.010767531141,,0.9716796875,0.979736328125,0.9951171875,0.994384765625,0.994140625,0.9970703125,0.99853515625,0.999267578125,0.9668511748313904,0.9772529602050781,0.9953276515007019,0.9936724901199341,0.994718611240387,0.9968569874763489,0.9987010359764099,0.9992083311080933
1160,train,1.8212158679962158,6.17936717893658,0.45751953125,,,,1.8370847702026367,0.2404375672340393,0.06600000000000002,0.5,0.9908243417739868,0.990203857421875,7.921630859375,0.990203857421875,0.009796142578125,0.044283296912908554,0.00026995100871162977,0.7596830725669861,0.024517422541975975,0.7592872977256775,4755456,0.31015695817768574,13206.216697719365,,0.9638671875,0.978271484375,0.9951171875,0.993408203125,0.99658203125,0.998046875,0.9970703125,0.999267578125,0.9673548340797424,0.9775896072387695,0.995823860168457,0.9943503141403198,0.9955641627311707,0.9976012706756592,0.999038815498352,0.9992721080780029
1180,train,1.8085920810699463,6.101850470952037,0.458740234375,,,,1.8249179124832153,0.2400856912136078,0.068,0.5,0.9905405640602112,0.9898681640625,7.9189453125,0.9898681640625,0.0101318359375,0.04483122378587723,0.0002688535805166958,0.8438067436218262,0.01435556448996067,0.8436845541000366,4837376,0.3155662911012769,12979.840101759926,,0.966552734375,0.9794921875,0.9970703125,0.988525390625,0.993896484375,0.995361328125,0.999267578125,0.998779296875,0.9682744741439819,0.9787679314613342,0.9959745407104492,0.9922260046005249,0.9948786497116089,0.9962688684463501,0.9988651275634766,0.9990687370300293
1200,train,1.8266912698745728,6.213294495680323,0.453369140625,,,,1.8435430526733398,0.24074022471904755,0.06999999999999999,0.5,0.9901503324508667,0.99053955078125,7.92431640625,0.99053955078125,0.00946044921875,0.04718965291976929,0.00026773907644153075,0.8959574699401855,0.013643220998346806,0.895853579044342,4919296,0.32381716603413224,12649.113233139275,,0.971435546875,0.9736328125,0.996337890625,0.99365234375,0.99462890625,0.9970703125,0.99853515625,0.9990234375,0.9690183997154236,0.9746723771095276,0.9951798319816589,0.9925978183746338,0.9946417212486267,0.9970069527626038,0.9989304542541504,0.9991552233695984
1220,train,1.7042992115020752,5.497531709975442,0.493896484375,,,,1.7215442657470703,0.23951435089111328,0.07200000000000001,0.5,0.98988938331604,0.9892578125,7.9140625,0.9892578125,0.0107421875,0.04808569699525833,0.00026660767973584067,0.9042710661888123,0.012603884562849998,0.9041832089424133,5001216,0.3084180001169443,13280.677517028515,,0.96826171875,0.97021484375,0.99365234375,0.99072265625,0.99658203125,0.99560546875,0.999755859375,0.999267578125,0.9694607853889465,0.9722025990486145,0.9952666759490967,0.9926825761795044,0.9953408241271973,0.996360719203949,0.9987561702728271,0.9990442395210266
1240,train,1.8429332971572876,6.315034993752728,0.445556640625,,,,1.8606542348861694,0.23947212100028992,0.07400000000000001,0.5,0.9894715547561646,0.989227294921875,7.913818359375,0.989227294921875,0.010772705078125,0.04902051389217377,0.00026545957642686263,1.0505189895629883,0.01759074255824089,1.050371766090393,5083136,0.31410233303904533,13040.336123485067,,0.969970703125,0.97021484375,0.995361328125,0.990478515625,0.993408203125,0.99658203125,0.9990234375,0.998779296875,0.9700614213943481,0.9727298021316528,0.994989275932312,0.9890227317810059,0.9939471483230591,0.9970051646232605,0.9988083243370056,0.9992090463638306
1249,validation,,,,1.865996527671814,6.462372611403891,0.44826171875,,0.24999755859375,,0.5,0.9892723643779755,0.99999755859375,7.99998046875,0.99999755859375,2.44140625e-06,0.049777926206588746,,,,,,,,4.06346712494269,1.0,1.0,1.0,1.0,1.0,0.9999804496765137,1.0,1.0,0.9703412652015686,0.9691474437713623,0.9947154521942139,0.9915363192558289,0.9938057661056519,0.9963240027427673,0.9989525079727173,0.9993563294410706
1260,train,1.8009796142578125,6.055576689026147,0.468994140625,,,,1.819190502166748,0.2396164834499359,0.07600000000000001,0.5,0.9892376065254211,0.989349365234375,7.914794921875,0.989349365234375,0.010650634765625,0.050223253667354584,0.0002642949552887775,0.7598499059677124,0.011053288355469704,0.7597695589065552,5165056,0.3526767077855766,11614.036055055616,,0.97607421875,0.96240234375,0.99755859375,0.99267578125,0.990966796875,0.997314453125,0.99853515625,0.999267578125,0.9708136916160583,0.9664924144744873,0.9947263598442078,0.9930486679077148,0.9940605759620667,0.996805727481842,0.9987614750862122,0.9991918802261353
1280,train,1.7268972396850586,5.623179434901493,0.4853515625,,,,1.7455475330352783,0.23910555243492126,0.07800000000000001,0.5,0.9889199733734131,0.98883056640625,7.91064453125,0.98883056640625,0.01116943359375,0.05138815939426422,0.0002631140078116713,0.8632610440254211,0.010493841953575611,0.8631972670555115,5246976,0.31376312486827374,13054.433983342089,,0.973876953125,0.96337890625,0.99560546875,0.990966796875,0.992431640625,0.995849609375,0.999267578125,0.999267578125,0.9712297320365906,0.9683663845062256,0.994111955165863,0.990686297416687,0.9926173686981201,0.9965533018112183,0.998681366443634,0.9991123676300049
1300,train,1.7499656677246094,5.754405110793345,0.470703125,,,,1.7690719366073608,0.2388278841972351,0.08,0.5,0.9886265993118286,0.988555908203125,7.908447265625,0.988555908203125,0.011444091796875,0.05229765176773071,0.0002619169281700499,0.773524284362793,0.009303973987698555,0.7734683156013489,5328896,0.31452174996957183,13022.946745006551,,0.9697265625,0.9677734375,0.995849609375,0.990478515625,0.99072265625,0.994873046875,0.999267578125,0.999755859375,0.9719241857528687,0.9684824347496033,0.9943638443946838,0.990067720413208,0.9913787841796875,0.9946590065956116,0.9988405704498291,0.9992964267730713
1320,train,1.7682452201843262,5.86056034003755,0.465087890625,,,,1.7878862619400024,0.2395244538784027,0.08200000000000002,0.5,0.9883022308349609,0.989288330078125,7.914306640625,0.989288330078125,0.010711669921875,0.0532112717628479,0.00026070391319091236,0.8792842030525208,0.008744854480028152,0.8792406916618347,5410816,0.3169816667214036,12921.882966815207,,0.9765625,0.966064453125,0.994873046875,0.991943359375,0.9912109375,0.995849609375,0.998779296875,0.9990234375,0.9722135066986084,0.9643518328666687,0.993954062461853,0.9898494482040405,0.9916238784790039,0.996329665184021,0.9988648295402527,0.9992303252220154
1340,train,1.748492956161499,5.7459367690907985,0.47998046875,,,,1.76848566532135,0.2380082607269287,0.08400000000000002,0.5,0.9884406924247742,0.987701416015625,7.901611328125,0.987701416015625,0.012298583984375,0.052980758249759674,0.00025947516232138784,0.8811321258544922,0.01518857292830944,0.8810011744499207,5492736,0.3229638752527535,12682.53298234809,,0.9697265625,0.96435546875,0.994384765625,0.990478515625,0.989013671875,0.9951171875,0.999267578125,0.999267578125,0.9728643894195557,0.966575026512146,0.9936717748641968,0.9903489351272583,0.9911986589431763,0.9948117733001709,0.9988335371017456,0.9992214441299438
1360,train,1.706071376800537,5.507282882691989,0.48291015625,,,,1.7266268730163574,0.23901808261871338,0.08600000000000002,0.5,0.9887456893920898,0.988739013671875,7.909912109375,0.988739013671875,0.011260986328125,0.05157848075032234,0.00025823087759594256,0.8188432455062866,0.01135438121855259,0.8187645077705383,5574656,0.3075492917560041,13318.190318739487,,0.975830078125,0.96240234375,0.9931640625,0.988037109375,0.993896484375,0.997314453125,0.999267578125,1.0,0.9734386801719666,0.9647657871246338,0.9941728711128235,0.9905868768692017,0.9924460649490356,0.9962285757064819,0.999069094657898,0.9992576837539673
1380,train,1.692821741104126,5.434794672464338,0.477294921875,,,,1.7137656211853027,0.23799920082092285,0.08800000000000001,0.5,0.9872487783432007,0.987701416015625,7.901611328125,0.987701416015625,0.012298583984375,0.05622311681509018,0.0002569712636031599,0.8251169919967651,0.013354416936635971,0.8250089287757874,5656576,0.31609349977225065,12958.1911774561,,0.974853515625,0.962158203125,0.9951171875,0.98779296875,0.989990234375,0.993408203125,0.999267578125,0.9990234375,0.97395920753479,0.9624018669128418,0.9932367205619812,0.9885814785957336,0.9881632328033447,0.9934675097465515,0.9989135265350342,0.9992668628692627
1400,train,1.7150611877441406,5.557015523203084,0.48388671875,,,,1.73654043674469,0.23865875601768494,0.09000000000000002,0.5,0.9882224798202515,0.988372802734375,7.906982421875,0.988372802734375,0.011627197265625,0.05311719328165054,0.0002556965274521024,0.8167957663536072,0.010106346569955349,0.8167332410812378,5738496,0.3046668330207467,13444.193972112078,,0.9755859375,0.962158203125,0.994140625,0.992431640625,0.987548828125,0.99658203125,0.99951171875,0.9990234375,0.9743313789367676,0.9627084732055664,0.9945770502090454,0.9909592866897583,0.988899290561676,0.995997428894043,0.9990006685256958,0.9993067979812622
1420,train,1.710703730583191,5.532853746302713,0.4873046875,,,,1.7326048612594604,0.23805606365203857,0.09199999999999998,0.5,0.9870892763137817,0.98773193359375,7.90185546875,0.98773193359375,0.01226806640625,0.05640929192304611,0.0002544068787382575,0.8656178712844849,0.010356656275689602,0.8655559420585632,5820416,0.34828670881688595,11760.425811004747,,0.9775390625,0.95751953125,0.9931640625,0.991455078125,0.98779296875,0.996337890625,0.9990234375,0.9990234375,0.9747347831726074,0.9598858952522278,0.9938850402832031,0.9896291494369507,0.9860633611679077,0.9945522546768188,0.9987004399299622,0.9992634654045105
1440,train,1.7034797668457031,5.4930286322559345,0.494873046875,,,,1.725723147392273,0.23663154244422913,0.094,0.5,0.986277163028717,0.986297607421875,7.890380859375,0.986297607421875,0.013702392578125,0.05942882224917412,0.00025310252950907575,0.8108114004135132,0.012133060954511166,0.8107205629348755,5902336,0.3097705841064453,13222.68869336059,,0.974853515625,0.96142578125,0.99365234375,0.9873046875,0.984375,0.98974609375,0.99951171875,0.99951171875,0.9751696586608887,0.9593294858932495,0.9942104816436768,0.988280177116394,0.9834402203559875,0.9917232990264893,0.9987045526504517,0.9993593096733093
1460,train,1.7186325788497925,5.576897280650104,0.47607421875,,,,1.7412382364273071,0.23547619581222534,0.096,0.5,0.9845253229141235,0.985076904296875,7.880615234375,0.985076904296875,0.014923095703125,0.06381785869598389,0.0002517836942291053,0.8020601868629456,0.009051959030330181,0.802009105682373,5984256,0.3182427091524005,12870.679774280397,,0.976806640625,0.956298828125,0.992431640625,0.987548828125,0.978515625,0.99169921875,0.998291015625,0.9990234375,0.9755250215530396,0.954578697681427,0.993125855922699,0.984876275062561,0.9789363741874695,0.9911165237426758,0.9986559748649597,0.9993882179260254
1480,train,1.6663639545440674,5.292887586703611,0.495361328125,,,,1.6895325183868408,0.23641365766525269,0.098,0.5,0.9838517904281616,0.98602294921875,7.88818359375,0.98602294921875,0.01397705078125,0.06569135189056396,0.000250450589744729,0.7907971739768982,0.010705447755753994,0.7907246947288513,6066176,0.31823999993503094,12870.789344005163,,0.980712890625,0.9541015625,0.99609375,0.98583984375,0.981201171875,0.9912109375,0.999755859375,0.999267578125,0.9759266376495361,0.9461660385131836,0.9930799007415771,0.986598014831543,0.979732871055603,0.9911025762557983,0.9988335371017456,0.9993746280670166
1499,validation,,,,1.8083541440963744,6.100398787829183,0.46376953125,,0.24916206181049347,,0.5,0.9812871277332306,0.9991595458984375,7.9932763671875,0.9991595458984375,0.0008404541015625,0.07131208777427674,,,,,,,,4.017926290631294,1.0,1.0,1.0,0.9984912276268005,0.9961084127426147,0.9986767768859863,1.0,1.0,0.9763864278793335,0.937113344669342,0.992462694644928,0.9844681620597839,0.9718176126480103,0.9894155859947205,0.9990931749343872,0.999540388584137
1500,train,1.6221036911010742,5.063731646807167,0.5087890625,,,,1.645288348197937,0.23184692859649658,0.1,0.5,0.9814503192901611,0.98114013671875,7.84912109375,0.98114013671875,0.01885986328125,0.07200989127159119,0.00024910343524851006,0.7637038230895996,0.012600172311067581,0.7635998129844666,6148096,0.254935042001307,16066.837920143596,,0.976806640625,0.937255859375,0.99365234375,0.98291015625,0.974365234375,0.986328125,0.998291015625,0.99951171875,0.9763542413711548,0.93787682056427,0.9920211434364319,0.9851706027984619,0.9735853672027588,0.9883437752723694,0.9988855123519897,0.9993650913238525
1520,train,1.6740407943725586,5.333676601984468,0.4912109375,,,,1.6973381042480469,0.23297250270843506,0.1,0.5,0.9819796681404114,0.982391357421875,7.859130859375,0.982391357421875,0.017608642578125,0.0702347457408905,0.0002477424522431518,0.9094917178153992,0.011829513125121593,0.9094147682189941,6230016,0.3509495840407908,11671.192063655282,,0.97216796875,0.947265625,0.991943359375,0.977783203125,0.977783203125,0.99365234375,0.9990234375,0.99951171875,0.9767451286315918,0.942496657371521,0.992133378982544,0.9799093008041382,0.9741990566253662,0.9923142194747925,0.998729944229126,0.9993101954460144
1540,train,1.644974708557129,5.18087887338945,0.4990234375,,,,1.6681650876998901,0.2319040298461914,0.1,0.5,0.9814867973327637,0.981231689453125,7.849853515625,0.981231689453125,0.018768310546875,0.07037319242954254,0.00024636786450507755,0.7109912633895874,0.006965309381484985,0.7109572291374207,6311936,0.31717216596007347,12914.121854297946,,0.97705078125,0.943603515625,0.9931640625,0.982421875,0.965087890625,0.990234375,0.9990234375,0.999267578125,0.9771149158477783,0.9451789855957031,0.9931422472000122,0.9840024709701538,0.9636407494544983,0.9905500411987305,0.9988371133804321,0.9994276762008667
1560,train,1.6476606130599976,5.19481292367172,0.49853515625,,,,1.670876383781433,0.23215734958648682,0.1,0.5,0.9818546772003174,0.981536865234375,7.852294921875,0.981536865234375,0.018463134765625,0.06977967917919159,0.0002449798980476366,0.8338770270347595,0.010237671434879303,0.8338142037391663,6393856,0.3190779588185251,12836.98822434047,,0.975830078125,0.94775390625,0.993896484375,0.978515625,0.967529296875,0.990234375,0.998779296875,0.999755859375,0.9773029685020447,0.9445627331733704,0.9928229451179504,0.983505368232727,0.9668165445327759,0.9918181896209717,0.9987202882766724,0.9992886781692505
1580,train,1.6815025806427002,5.373624211734585,0.496337890625,,,,1.7045596837997437,0.2305707037448883,0.1,0.5,0.9797722697257996,0.979827880859375,7.838623046875,0.979827880859375,0.020172119140625,0.0740414708852768,0.00024357878108394293,0.9068105816841125,0.015087227337062359,0.9066850543022156,6475776,0.31979329185560346,12808.273670260322,,0.9775390625,0.946533203125,0.993408203125,0.979736328125,0.95556640625,0.98779296875,0.998779296875,0.999267578125,0.9776928424835205,0.941703200340271,0.9923217296600342,0.9817695617675781,0.9572252631187439,0.98922199010849,0.9988878965377808,0.9993553757667542
1600,train,1.6625691652297974,5.272840255205135,0.49169921875,,,,1.6854135990142822,0.22844377160072327,0.1,0.5,0.9774709939956665,0.9775390625,7.8203125,0.9775390625,0.0224609375,0.07769112288951874,0.00024216474398935134,0.758030116558075,0.00968477874994278,0.7579682469367981,6557696,0.3206608328036964,12773.621162854985,,0.978271484375,0.94189453125,0.991943359375,0.973876953125,0.95068359375,0.985595703125,0.99853515625,0.99951171875,0.9782178401947021,0.9388929605484009,0.9914568662643433,0.974597692489624,0.951985776424408,0.986193835735321,0.9989423155784607,0.9994806051254272
1620,train,1.7251965999603271,5.613624559578341,0.48388671875,,,,1.747851848602295,0.2265520691871643,0.1,0.5,0.975745439529419,0.975372314453125,7.802978515625,0.975372314453125,0.024627685546875,0.08101300150156021,0.00024073801926357869,0.8130191564559937,0.009155203588306904,0.8129676580429077,6639616,0.3155153342522681,12981.936392115484,,0.97265625,0.92822265625,0.99267578125,0.98046875,0.9462890625,0.9853515625,0.998291015625,0.9990234375,0.9784252643585205,0.9287760257720947,0.9916471838951111,0.9778547286987305,0.945327877998352,0.9856202602386475,0.9988438487052917,0.999468207359314
1640,train,1.5884438753128052,4.8961240177538965,0.50927734375,,,,1.6113615036010742,0.2291761040687561,0.1,0.5,0.9783050417900085,0.978240966796875,7.825927734375,0.978240966796875,0.021759033203125,0.07661759853363037,0.00023929884149247573,0.8093773126602173,0.008432354778051376,0.8093333840370178,6721536,0.32281787507236004,12688.268885611977,,0.9833984375,0.9404296875,0.99267578125,0.977294921875,0.94580078125,0.98779296875,0.9990234375,0.99951171875,0.9786114692687988,0.9388421773910522,0.991687536239624,0.9789100885391235,0.952996551990509,0.9872084856033325,0.9988678693771362,0.9993161559104919
1660,train,1.6283365488052368,5.0953917295134525,0.508544921875,,,,1.651130199432373,0.2279362976551056,0.1,0.5,0.9769050478935242,0.976898193359375,7.815185546875,0.976898193359375,0.023101806640625,0.08014613389968872,0.00023784744730945588,0.8227800130844116,0.008726492524147034,0.8227337002754211,6803456,0.32873233407735825,12459.985147174837,,0.979736328125,0.9306640625,0.99365234375,0.97607421875,0.953125,0.9833984375,0.9990234375,0.99951171875,0.9789015054702759,0.9365557432174683,0.9911265969276428,0.9763780236244202,0.9510757923126221,0.9831621646881104,0.9987243413925171,0.9993163347244263
1680,train,1.611501932144165,5.010330756325089,0.50634765625,,,,1.6341943740844727,0.22692498564720154,0.1,0.5,0.9772945642471313,0.97576904296875,7.80615234375,0.97576904296875,0.02423095703125,0.07919485867023468,0.0002363840753565873,0.806374728679657,0.012622660957276821,0.8062759041786194,6885376,0.32123999996110797,12750.591459643558,,0.977294921875,0.93017578125,0.991455078125,0.976806640625,0.944580078125,0.98681640625,0.999755859375,0.999267578125,0.9793609976768494,0.9355579614639282,0.991674542427063,0.9768555164337158,0.9494932889938354,0.9873261451721191,0.9987012147903442,0.9993870258331299
1700,train,1.5930898189544678,4.918924056840122,0.522705078125,,,,1.6157163381576538,0.226265087723732,0.1,0.5,0.9767226576805115,0.97503662109375,7.80029296875,0.97503662109375,0.02496337890625,0.08010391145944595,0.00023490896624535468,0.7529974579811096,0.008305149152874947,0.7529516220092773,6967296,0.3189007919281721,12844.119875759248,,0.9833984375,0.925537109375,0.98974609375,0.972412109375,0.94580078125,0.98583984375,0.99853515625,0.9990234375,0.9793859720230103,0.9332100749015808,0.9909470081329346,0.976356029510498,0.9504041075706482,0.9856017231941223,0.9986506700515747,0.9992257356643677
1720,train,1.6539981365203857,5.227839715942075,0.492919921875,,,,1.6765525341033936,0.2255437672138214,0.1,0.5,0.974450945854187,0.974151611328125,7.793212890625,0.974151611328125,0.025848388671875,0.08541298657655716,0.00023342236251709726,0.8472762107849121,0.010022479109466076,0.8472169637680054,7049216,0.3957418748177588,10350.180914987148,,0.983642578125,0.913818359375,0.9921875,0.972900390625,0.9521484375,0.981201171875,0.9990234375,0.998291015625,0.9798049330711365,0.9187617301940918,0.9899390935897827,0.97647625207901,0.9483668804168701,0.9839707016944885,0.9989098310470581,0.999377965927124
1740,train,1.604768991470337,4.976709807523352,0.512939453125,,,,1.6275184154510498,0.22749477624893188,0.1,0.5,0.9747577905654907,0.9764404296875,7.8115234375,0.9764404296875,0.0235595703125,0.08562672138214111,0.00023192450860312982,0.7999969124794006,0.009381268173456192,0.7999419569969177,7131136,0.3218749579973519,12725.438553792987,,0.97802734375,0.92724609375,0.988037109375,0.977783203125,0.95751953125,0.9853515625,0.998779296875,0.998779296875,0.9800194501876831,0.9207204580307007,0.9887267351150513,0.9744206666946411,0.9520951509475708,0.9840808510780334,0.9986544847488403,0.9993446469306946
1749,validation,,,,1.746135425567627,5.732406502642473,0.4823388671875,,0.24620755910873413,,0.5,0.9738280105590821,0.996151123046875,7.969208984375,0.996151123046875,0.003848876953125,0.0848547388613224,,,,,,,,4.37667837459594,1.0,1.0,1.0,0.9908349514007568,0.9811376929283142,0.9972363114356995,1.0,1.0,0.9801766276359558,0.9223722815513611,0.9888723492622375,0.9705589413642883,0.9433085918426514,0.9866422414779663,0.9991636872291565,0.9995296001434326
1760,train,1.6105554103851318,5.005590612922603,0.5126953125,,,,1.6331443786621094,0.22588908672332764,0.1,0.5,0.9747066497802734,0.974761962890625,7.798095703125,0.974761962890625,0.025238037109375,0.08486035466194153,0.00023041565078455215,0.7844172716140747,0.00929739698767662,0.7843621969223022,7213056,0.350916167255491,11672.303479303167,,0.9814453125,0.930419921875,0.98828125,0.97021484375,0.9521484375,0.977294921875,0.99951171875,0.998779296875,0.9802054166793823,0.9287168979644775,0.9882501363754272,0.9727357029914856,0.9478563070297241,0.9814349412918091,0.9989144802093506,0.9995393753051758
1780,train,1.6486510038375854,5.199960367052096,0.499755859375,,,,1.6711959838867188,0.22544999420642853,0.1,0.5,0.9733046889305115,0.9739990234375,7.7919921875,0.9739990234375,0.0260009765625,0.08811576664447784,0.0002288960371517553,0.8088606595993042,0.0198329146951437,0.8086174726486206,7294976,0.3383042919449508,12107.44320283854,,0.98291015625,0.911865234375,0.991455078125,0.9775390625,0.94970703125,0.97900390625,1.0,0.99951171875,0.9805676341056824,0.9129654169082642,0.9884847402572632,0.9774019718170166,0.9452853202819824,0.9832679033279419,0.9989804029464722,0.9994845986366272
1800,train,1.6259167194366455,5.083076657158097,0.50146484375,,,,1.6485507488250732,0.22633981704711914,0.1,0.5,0.9736254811286926,0.97509765625,7.80078125,0.97509765625,0.02490234375,0.08513520658016205,0.00022736591756362958,0.8128368854522705,0.020516524091362953,0.8125779628753662,7376896,0.3043556669726968,13457.938998610613,,0.980712890625,0.927001953125,0.989501953125,0.97998046875,0.94140625,0.98291015625,0.99951171875,0.999755859375,0.9809421896934509,0.922315239906311,0.9892275929450989,0.9753578901290894,0.9384617209434509,0.9839262366294861,0.9991834163665771,0.9995895624160767
1820,train,1.6041483879089355,4.973622201881369,0.52001953125,,,,1.6263412237167358,0.22192806005477905,0.1,0.5,0.9711446166038513,0.970001220703125,7.760009765625,0.970001220703125,0.029998779296875,0.09011854231357574,0.00022582554360648242,0.8835967183113098,0.008661799132823944,0.8835542798042297,7458816,0.34905724972486496,11734.46477111867,,0.982421875,0.903076171875,0.990478515625,0.9736328125,0.933349609375,0.97802734375,0.999267578125,0.999755859375,0.9810836315155029,0.909204363822937,0.988892138004303,0.9731981754302979,0.9366812705993652,0.9816606044769287,0.9989463090896606,0.9994903802871704
1840,train,1.6407750844955444,5.1591667530951115,0.50830078125,,,,1.6626161336898804,0.2184106707572937,0.1,0.5,0.9668368101119995,0.966217041015625,7.729736328125,0.966217041015625,0.033782958984375,0.09605038166046143,0.00022427516855267162,0.8559488654136658,0.009257933124899864,0.8558987975120544,7540736,0.322204708121717,12712.415109876927,,0.9814453125,0.906005859375,0.986328125,0.965087890625,0.921875,0.970703125,0.99853515625,0.999755859375,0.9813272953033447,0.9074099659919739,0.9868590831756592,0.9662439227104187,0.9222500324249268,0.9722535014152527,0.9988391399383545,0.99951171875
1860,train,1.612346887588501,5.0145660516415065,0.513916015625,,,,1.6347315311431885,0.22384673357009888,0.1,0.5,0.9705640077590942,0.97235107421875,7.77880859375,0.97235107421875,0.02764892578125,0.09283285588026047,0.00022271504731896164,0.8447529673576355,0.010953818447887897,0.844681978225708,7622656,0.3190216673538089,12839.253314594956,,0.981201171875,0.917236328125,0.9873046875,0.97412109375,0.93994140625,0.982177734375,0.99755859375,0.999267578125,0.981508731842041,0.9053723216056824,0.9875791072845459,0.9702694416046143,0.9405085444450378,0.9808385372161865,0.998965859413147,0.9994691610336304
1880,train,1.5786932706832886,4.84861584136195,0.52734375,,,,1.6007875204086304,0.22094273567199707,0.1,0.5,0.9679944515228271,0.969024658203125,7.752197265625,0.969024658203125,0.030975341796875,0.0954853743314743,0.00022114543642460973,0.8540869355201721,0.010112307965755463,0.8540270924568176,7704576,0.3223673328757286,12706.002073662323,,0.984130859375,0.90234375,0.98486328125,0.970458984375,0.938720703125,0.9736328125,0.998046875,1.0,0.9817286133766174,0.8999347686767578,0.9859026670455933,0.9695185422897339,0.9337932467460632,0.9747389554977417,0.9988163709640503,0.9995224475860596
1900,train,1.570590853691101,4.809489058787436,0.5234375,,,,1.5926992893218994,0.22108423709869385,0.1,0.5,0.9681602716445923,0.9691162109375,7.7529296875,0.9691162109375,0.0308837890625,0.09415887296199799,0.00021956659394918823,0.8127192258834839,0.008033267222344875,0.8126795887947083,7786496,0.35109104216098785,11666.489622716825,,0.9794921875,0.903076171875,0.991455078125,0.971435546875,0.93408203125,0.9736328125,0.999755859375,1.0,0.9819753170013428,0.9046549797058105,0.9873148202896118,0.9714935421943665,0.9277613759040833,0.9735761880874634,0.9989244341850281,0.9995815753936768
1920,train,1.5856541395187378,4.882484159975269,0.516845703125,,,,1.607486605644226,0.21832463145256042,0.1,0.5,0.9657357335090637,0.96600341796875,7.72802734375,0.96600341796875,0.03399658203125,0.09923075139522552,0.00021797877949015037,0.8672897219657898,0.011394468136131763,0.8672148585319519,7868416,0.3317745001986623,12345.734821535012,,0.98291015625,0.898193359375,0.986572265625,0.965087890625,0.924072265625,0.97265625,0.99951171875,0.9990234375,0.9823743104934692,0.9002543687820435,0.9850038886070251,0.9654330015182495,0.9225797057151794,0.9720088243484497,0.9987500309944153,0.9994816780090332
1940,train,1.5690356492996216,4.802015133529537,0.522216796875,,,,1.5908894538879395,0.21853816509246826,0.1,0.5,0.9666651487350464,0.966400146484375,7.731201171875,0.966400146484375,0.033599853515625,0.09607604146003723,0.00021638225412014663,0.9084115624427795,0.010555711574852467,0.9083502292633057,7950336,0.3167941658757627,12929.531036901513,,0.985107421875,0.90576171875,0.9833984375,0.97021484375,0.92724609375,0.960693359375,0.999267578125,0.99951171875,0.9824098944664001,0.9026995301246643,0.9868547916412354,0.9708433747291565,0.9280997514724731,0.9640625715255737,0.9987889528274536,0.9995624423027039
1960,train,1.5503480434417725,4.713110264282181,0.52783203125,,,,1.5723406076431274,0.21992561221122742,0.1,0.5,0.9675466418266296,0.967926025390625,7.743408203125,0.967926025390625,0.032073974609375,0.09422976523637772,0.00021477728034409866,0.8296619653701782,0.007420855108648539,0.8296287655830383,8032256,0.36792562482878566,11132.684769934345,,0.981689453125,0.916015625,0.98388671875,0.973876953125,0.917236328125,0.971435546875,0.999755859375,0.99951171875,0.9825490713119507,0.9085229635238647,0.9866741895675659,0.9718843698501587,0.9209287166595459,0.9712656140327454,0.998956024646759,0.9995919466018677
1980,train,1.5854110717773438,4.8812975297997125,0.51611328125,,,,1.607447862625122,0.22036758065223694,0.1,0.5,0.9677228927612305,0.968414306640625,7.747314453125,0.968414306640625,0.031585693359375,0.09568484872579575,0.00021316412205603713,0.8081843852996826,0.018132295459508896,0.8079809546470642,8114176,0.35801204200834036,11440.955943891346,,0.9814453125,0.90771484375,0.989990234375,0.969970703125,0.93115234375,0.968017578125,0.999267578125,0.999755859375,0.9825659394264221,0.8953280448913574,0.9876116514205933,0.9711565971374512,0.9352582693099976,0.9714381694793701,0.9988137483596802,0.9996109008789062
1999,validation,,,,1.7070557236671449,5.51270662832666,0.49208984375,,0.2347375813126564,,0.5,0.9632767963409424,0.9831207275390625,7.8649658203125,0.9831207275390625,0.0168792724609375,0.0975903294980526,,,,,,,,4.264341707807034,1.0,1.0,1.0,0.9912256002426147,0.8875390887260437,0.9862011671066284,1.0,1.0,0.9828587174415588,0.9036073088645935,0.9855381846427917,0.9598769545555115,0.9056065082550049,0.9699705243110657,0.9990536570549011,0.9997027516365051
2000,train,1.5580509901046753,4.749555288095151,0.525146484375,,,,1.5797542333602905,0.2170323133468628,0.1,0.5,0.9649848937988281,0.96466064453125,7.71728515625,0.96466064453125,0.03533935546875,0.09805040806531906,0.00021154304449571196,0.776598334312439,0.009206795133650303,0.7765437364578247,8196096,0.24197612516582012,16927.28981916342,,0.97998046875,0.904541015625,0.98486328125,0.96044921875,0.917236328125,0.971435546875,0.9990234375,0.999755859375,0.9829365015029907,0.9044861793518066,0.9855090379714966,0.9630537629127502,0.9150153398513794,0.9704296588897705,0.9988670349121094,0.9995810985565186
2020,train,1.568589210510254,4.7998718061746315,0.511474609375,,,,1.5906405448913574,0.22051382064819336,0.1,0.5,0.965862512588501,0.968597412109375,7.748779296875,0.968597412109375,0.031402587890625,0.09535244852304459,0.0002099143142049807,0.7723532319068909,0.010782528668642044,0.7722779512405396,8278016,0.3116493751294911,13142.975172974762,,0.986328125,0.91796875,0.98779296875,0.967041015625,0.921142578125,0.968994140625,0.999755859375,0.999755859375,0.9829279184341431,0.9099054932594299,0.9870083332061768,0.962525486946106,0.9176091551780701,0.9684973359107971,0.9988846778869629,0.9995418787002563
2040,train,1.6229238510131836,5.067886420065896,0.50390625,,,,1.6449012756347656,0.21977436542510986,0.1,0.5,0.9649629592895508,0.967864990234375,7.742919921875,0.967864990234375,0.032135009765625,0.09700965136289597,0.00020827819898398313,0.8788408041000366,0.010702707804739475,0.8787755966186523,8359936,0.30569091718643904,13399.155060606117,,0.9833984375,0.916259765625,0.986083984375,0.96533203125,0.926025390625,0.966552734375,0.999267578125,1.0,0.9831967949867249,0.9103883504867554,0.986418604850769,0.9598402380943298,0.9159989953041077,0.9655325412750244,0.9987504482269287,0.9995775818824768
2060,train,1.5343992710113525,4.638538188464609,0.53662109375,,,,1.5560590028762817,0.21659722924232483,0.1,0.5,0.9641622304916382,0.964141845703125,7.713134765625,0.964141845703125,0.035858154296875,0.09893561154603958,0.0002066349678471086,0.7852098941802979,0.014432062394917011,0.7850772738456726,8441856,0.31442237505689263,13027.062718608548,,0.982421875,0.8984375,0.985107421875,0.9638671875,0.921142578125,0.96435546875,0.99853515625,0.999267578125,0.9832626581192017,0.8983068466186523,0.9859099984169006,0.9638375639915466,0.9208755493164062,0.9629935026168823,0.9986317157745361,0.9994803667068481
2080,train,1.6226084232330322,5.06628811998973,0.500732421875,,,,1.6444133520126343,0.21804890036582947,0.1,0.5,0.9638015627861023,0.965789794921875,7.726318359375,0.965789794921875,0.034210205078125,0.10010973364114761,0.00020498489097876447,0.803811252117157,0.00826247502118349,0.8037687540054321,8523776,0.30657945899292827,13360.321051693423,,0.985107421875,0.90625,0.98291015625,0.968017578125,0.91748046875,0.969482421875,0.99755859375,0.99951171875,0.9834927320480347,0.8970184326171875,0.9848437309265137,0.9650466442108154,0.9145017266273499,0.9672263264656067,0.998752236366272,0.9995303750038147
2100,train,1.5669565200805664,4.792041495389127,0.525146484375,,,,1.5885378122329712,0.21581238508224487,0.1,0.5,0.9633073210716248,0.963104248046875,7.704833984375,0.963104248046875,0.036895751953125,0.10006533563137054,0.00020332823968895105,0.81956547498703,0.011803701519966125,0.8194804787635803,8605696,0.3301764172501862,12405.489265747037,,0.984619140625,0.894287109375,0.986083984375,0.965576171875,0.9140625,0.96142578125,0.998779296875,1.0,0.9837024211883545,0.8983016014099121,0.9842630624771118,0.9650152921676636,0.9150844812393188,0.9617792367935181,0.9987268447875977,0.9995856881141663
2120,train,1.5609012842178345,4.763112229029153,0.528564453125,,,,1.5825366973876953,0.21635380387306213,0.1,0.5,0.9627208113670349,0.964019775390625,7.712158203125,0.964019775390625,0.035980224609375,0.09960532188415527,0.00020166528636865257,0.8201382160186768,0.010340765118598938,0.8200730681419373,8687616,0.3310281662270427,12373.569435752097,,0.980224609375,0.906494140625,0.982666015625,0.9658203125,0.92138671875,0.95654296875,0.99951171875,0.99951171875,0.9838945865631104,0.9019848108291626,0.9839005470275879,0.9622382521629333,0.9161049723625183,0.9552977085113525,0.9987319707870483,0.9996135830879211
2140,train,1.5717284679412842,4.814963515396333,0.52001953125,,,,1.593145489692688,0.21417078375816345,0.1,0.5,0.9618845582008362,0.96124267578125,7.68994140625,0.96124267578125,0.03875732421875,0.09943045675754547,0.0001999963044450498,0.780229926109314,0.009746227413415909,0.7801690697669983,8769536,0.34312912495806813,11937.197113478924,,0.982666015625,0.895263671875,0.984619140625,0.964111328125,0.905517578125,0.958740234375,0.9990234375,1.0,0.9839425086975098,0.8965158462524414,0.9849620461463928,0.9642781019210815,0.906689465045929,0.9602395296096802,0.998854398727417,0.9995942711830139
2160,train,1.524543285369873,4.593045379184587,0.53662109375,,,,1.5462567806243896,0.21713435649871826,0.1,0.5,0.9632912874221802,0.964752197265625,7.718017578125,0.964752197265625,0.035247802734375,0.09841626137495041,0.00019832156833656225,0.7628359198570251,0.008848262950778008,0.7627845406532288,8851456,0.3300044173374772,12411.955067290048,,0.986572265625,0.906005859375,0.984375,0.970703125,0.91748046875,0.953857421875,0.9990234375,1.0,0.9841595888137817,0.9043362736701965,0.9840562343597412,0.9658321142196655,0.9148343205451965,0.9547538161277771,0.9987764358520508,0.9995815753936768
2180,train,1.6074247360229492,4.98994424334652,0.510009765625,,,,1.629323959350586,0.21899279952049255,0.1,0.5,0.9658384919166565,0.966796875,7.734375,0.966796875,0.033203125,0.09568077325820923,0.00019664135340772784,0.7991449236869812,0.009482968598604202,0.7990886569023132,8933376,0.31228812504559755,13116.092708942866,,0.983154296875,0.906494140625,0.9873046875,0.968505859375,0.9189453125,0.971435546875,0.999755859375,0.998779296875,0.9842104315757751,0.899398922920227,0.9847813844680786,0.9661936163902283,0.9221171140670776,0.971268892288208,0.9991269111633301,0.999610960483551
2200,train,1.5677176713943481,4.79569035255909,0.52392578125,,,,1.5894055366516113,0.216878741979599,0.1,0.5,0.9630582332611084,0.96429443359375,7.71435546875,0.96429443359375,0.03570556640625,0.10160103440284729,0.00019495593592392662,0.7499379515647888,0.007874737493693829,0.7498965859413147,9015296,0.3471187502145767,11799.996391632534,,0.986083984375,0.897216796875,0.987060546875,0.964599609375,0.914794921875,0.96484375,0.999755859375,1.0,0.9842754006385803,0.8917449712753296,0.982890248298645,0.9643874168395996,0.9165160655975342,0.9660749435424805,0.9989867806434631,0.9995902180671692
2220,train,1.5238786935806274,4.58999389304658,0.529541015625,,,,1.5450434684753418,0.21164780855178833,0.1,0.5,0.9595683217048645,0.958343505859375,7.666748046875,0.958343505859375,0.041656494140625,0.10496634244918823,0.00019326559300595635,0.8821597695350647,0.014515671879053116,0.8820403218269348,9097216,0.3199644582346082,12801.421828535349,,0.982666015625,0.890380859375,0.98095703125,0.953125,0.899658203125,0.96142578125,0.9990234375,0.99951171875,0.9844591021537781,0.8889479637145996,0.9833524823188782,0.9566028118133545,0.902001142501831,0.9629111289978027,0.998763382434845,0.999508261680603
2240,train,1.5762261152267456,4.836668296617605,0.515869140625,,,,1.5978119373321533,0.21585828065872192,0.1,0.5,0.9635154604911804,0.96343994140625,7.70751953125,0.96343994140625,0.03656005859375,0.1007542833685875,0.00019157060258446796,0.8141322135925293,0.00803434383124113,0.8140926361083984,9179136,0.3427698751911521,11949.708234178363,,0.986083984375,0.90478515625,0.98193359375,0.953857421875,0.92236328125,0.9599609375,0.999267578125,0.999267578125,0.9846212863922119,0.9039009809494019,0.9831339716911316,0.9585058689117432,0.9179641008377075,0.9614630937576294,0.9989899396896362,0.9995447397232056
2249,validation,,,,1.6679516792297364,5.301297909855556,0.50373046875,,0.2298222377896309,,0.5,0.9575437664985657,0.97787109375,7.82296875,0.97787109375,0.02212890625,0.10452391296625137,,,,,,,,4.205319749657065,1.0,1.0,1.0,0.9797802567481995,0.8836279511451721,0.9595605731010437,1.0,1.0,0.9847532510757446,0.8891549706459045,0.9806790947914124,0.9504308104515076,0.9058654308319092,0.9505565166473389,0.9992057681083679,0.9997043013572693
2260,train,1.5053220987319946,4.505604646134146,0.5400390625,,,,1.5265051126480103,0.2118300199508667,0.1,0.5,0.9587712287902832,0.958709716796875,7.669677734375,0.958709716796875,0.041290283203125,0.10828514397144318,0.0001898712433542669,0.8727927207946777,0.010038962587714195,0.8727349638938904,9261056,0.3210018342360854,12760.051697983563,,0.987548828125,0.8857421875,0.973876953125,0.95556640625,0.91943359375,0.948974609375,0.9990234375,0.99951171875,0.9846939444541931,0.8856393098831177,0.9795646667480469,0.9548167586326599,0.9204819798469543,0.9468133449554443,0.9986433982849121,0.9995160102844238
2280,train,1.521024227142334,4.576910591333265,0.53369140625,,,,1.5420299768447876,0.21005704998970032,0.1,0.5,0.9577388763427734,0.95623779296875,7.64990234375,0.95623779296875,0.04376220703125,0.10958417505025864,0.00018816779472848982,0.8207636475563049,0.007658303715288639,0.8207279443740845,9342976,0.31837520794942975,12865.323359759226,,0.987548828125,0.865966796875,0.978271484375,0.950927734375,0.912109375,0.957275390625,0.998046875,0.999755859375,0.9849519729614258,0.8762646317481995,0.9807537198066711,0.9536768198013306,0.9101526737213135,0.9579572081565857,0.9987984895706177,0.9993550777435303
2300,train,1.4942197799682617,4.4558586460837235,0.543212890625,,,,1.5157703161239624,0.21550580859184265,0.1,0.5,0.9613074660301208,0.962890625,7.703125,0.962890625,0.037109375,0.10446789115667343,0.00018646053679266265,0.7915411591529846,0.009540167637169361,0.7914837002754211,9424896,0.32304487517103553,12679.352977914848,,0.986083984375,0.899169921875,0.985595703125,0.953125,0.91845703125,0.961181640625,0.99951171875,1.0,0.9850295782089233,0.8946022987365723,0.9815834760665894,0.952522873878479,0.9158506393432617,0.9623572826385498,0.9989575147628784,0.9995561838150024
2320,train,1.598632574081421,4.946264148095293,0.5146484375,,,,1.6201270818710327,0.21494543552398682,0.1,0.5,0.9624691009521484,0.96221923828125,7.69775390625,0.96221923828125,0.03778076171875,0.10323115438222885,0.0001847497502586481,0.8683757781982422,0.009161396883428097,0.8683274388313293,9506816,0.31153083266690373,13147.976285158078,,0.982177734375,0.884765625,0.980712890625,0.959716796875,0.93310546875,0.958251953125,0.999267578125,0.999755859375,0.9850642681121826,0.8913559317588806,0.9827828407287598,0.9568454027175903,0.9291051030158997,0.9559800028800964,0.9989961981773376,0.9996225833892822
2340,train,1.5420136451721191,4.673992563931102,0.52392578125,,,,1.5631850957870483,0.21171456575393677,0.1,0.5,0.9576016068458557,0.958404541015625,7.667236328125,0.958404541015625,0.041595458984375,0.10622838884592056,0.00018303571641849022,0.8282598853111267,0.00789810623973608,0.8282222151756287,9588736,0.3474822919815779,11787.651038681284,,0.986328125,0.88916015625,0.98193359375,0.95263671875,0.90283203125,0.955322265625,0.99951171875,0.99951171875,0.9852244853973389,0.8858857154846191,0.9807999134063721,0.9517136216163635,0.9044262170791626,0.9540289640426636,0.9990652799606323,0.9996687173843384
2360,train,1.5389424562454224,4.659659870196174,0.520263671875,,,,1.5603625774383545,0.21420106291770935,0.1,0.5,0.9632046222686768,0.9613037109375,7.6904296875,0.9613037109375,0.0386962890625,0.10240868479013443,0.00018131871709816394,0.7476565837860107,0.007199507672339678,0.7476218938827515,9670656,0.30849420791491866,13277.396770864685,,0.98486328125,0.884033203125,0.98046875,0.95849609375,0.9248046875,0.958251953125,1.0,0.99951171875,0.9853886961936951,0.8860987424850464,0.9814631342887878,0.962533175945282,0.9326736927032471,0.9588620662689209,0.9989922642707825,0.9996249079704285
2380,train,1.4998358488082886,4.480953456113916,0.546142578125,,,,1.5210610628128052,0.21225188672542572,0.1,0.5,0.9591237306594849,0.95916748046875,7.67333984375,0.95916748046875,0.04083251953125,0.10673582553863525,0.00017959903461123612,0.7513461709022522,0.007597062271088362,0.7513077855110168,9752576,0.6744170840829611,6073.393003632964,,0.988037109375,0.8876953125,0.97705078125,0.954345703125,0.91796875,0.94921875,0.9990234375,1.0,0.9853073358535767,0.8885250091552734,0.980272650718689,0.956053614616394,0.9137647747993469,0.9505522847175598,0.9988628625869751,0.9996511936187744
2400,train,1.583062767982483,4.869848208790096,0.51806640625,,,,1.6042704582214355,0.21207666397094727,0.1,0.5,0.9583503007888794,0.959014892578125,7.672119140625,0.959014892578125,0.040985107421875,0.10712581872940063,0.00017787695171244696,0.7911950349807739,0.01273750513792038,0.7910924553871155,9834496,0.39971966575831175,10247.181589700976,,0.982421875,0.892578125,0.978515625,0.9521484375,0.91064453125,0.956298828125,0.99951171875,1.0,0.9854182004928589,0.889277994632721,0.97920823097229,0.9511603116989136,0.9068827629089355,0.9562485814094543,0.9989216923713684,0.9996840953826904
2420,train,1.5020724534988403,4.490986793754455,0.53076171875,,,,1.5236592292785645,0.21586808562278748,0.1,0.5,0.9621361494064331,0.963348388671875,7.706787109375,0.963348388671875,0.036651611328125,0.10374104231595993,0.0001761527515512188,0.8818667531013489,0.008374734781682491,0.8818269968032837,9916416,0.3250081245787442,12602.761870365508,,0.984619140625,0.894775390625,0.984619140625,0.963134765625,0.931640625,0.94921875,0.998779296875,1.0,0.9857099056243896,0.889635443687439,0.981107771396637,0.9574534893035889,0.9305464029312134,0.9541171789169312,0.9989159107208252,0.9996030330657959
2440,train,1.54974365234375,4.710262563043776,0.52294921875,,,,1.5706760883331299,0.20932480692863464,0.1,0.5,0.9554476737976074,0.955474853515625,7.643798828125,0.955474853515625,0.044525146484375,0.11001099646091461,0.00017442671762509987,0.853595495223999,0.00905375275760889,0.8535475134849548,9998336,0.3156139166094363,12977.881469874124,,0.98486328125,0.87548828125,0.98291015625,0.9443359375,0.901611328125,0.955322265625,0.99951171875,0.999755859375,0.9856071472167969,0.8756727576255798,0.9792550802230835,0.944460928440094,0.9041679501533508,0.9556057453155518,0.9990881681442261,0.9997234344482422
2460,train,1.5407536029815674,4.6681068450080385,0.527587890625,,,,1.5616291761398315,0.20875585079193115,0.1,0.5,0.9552186727523804,0.95501708984375,7.64013671875,0.95501708984375,0.04498291015625,0.10894572734832764,0.0001726991337331508,0.8188715577125549,0.009063261561095715,0.818821370601654,10080256,0.3410926661454141,12008.4669256823,,0.982177734375,0.8818359375,0.97900390625,0.955810546875,0.900146484375,0.94287109375,0.998779296875,0.99951171875,0.9857528209686279,0.8767883777618408,0.979820966720581,0.9535650610923767,0.9012358784675598,0.9461205005645752,0.9988607168197632,0.9996048212051392
2480,train,1.5058711767196655,4.508079253780608,0.545654296875,,,,1.5270074605941772,0.21136325597763062,0.1,0.5,0.9579102993011475,0.95794677734375,7.66357421875,0.95794677734375,0.04205322265625,0.10784722864627838,0.00017097028392928167,0.8545466065406799,0.00733512407168746,0.8545150756835938,10162176,0.32676933286711574,12534.836008205466,,0.984619140625,0.882080078125,0.9765625,0.9599609375,0.90380859375,0.957763671875,0.999755859375,0.9990234375,0.9860051870346069,0.8826029896736145,0.9785237908363342,0.9573639631271362,0.9056543111801147,0.954749345779419,0.9988411664962769,0.9995412826538086
2499,validation,,,,1.6466233396530152,5.1894272760491615,0.5094384765625,,0.2267664161324501,,0.5,0.9539289462566376,0.9741717529296875,7.7933740234375,0.9741717529296875,0.0258282470703125,0.10773062765598297,,,,,,,,4.1935202912427485,1.0,1.0,1.0,0.9840771555900574,0.8708105683326721,0.9384863376617432,1.0,1.0,0.9861024618148804,0.8887133002281189,0.9747753739356995,0.9504168033599854,0.8929091691970825,0.9398047924041748,0.9989965558052063,0.9997130632400513
2500,train,1.4934875965118408,4.452597334183918,0.535400390625,,,,1.5145657062530518,0.21078136563301086,0.1,0.5,0.9569869637489319,0.95751953125,7.66015625,0.95751953125,0.04248046875,0.10751967877149582,0.0001692404524755473,0.8360891938209534,0.008728991262614727,0.836043655872345,10244096,0.26474233297631145,15471.647295510164,,0.985595703125,0.8935546875,0.978515625,0.951416015625,0.905517578125,0.947021484375,0.999267578125,0.999267578125,0.985953688621521,0.8914623260498047,0.97641921043396,0.9557076096534729,0.903303861618042,0.9446654319763184,0.9988161325454712,0.9995676279067993
2520,train,1.53520929813385,4.642297052391341,0.534912109375,,,,1.5561363697052002,0.2092704176902771,0.1,0.5,0.9555625915527344,0.95562744140625,7.64501953125,0.95562744140625,0.04437255859375,0.11034522950649261,0.0001675099237954079,0.7865199446678162,0.007878392934799194,0.7864804863929749,10326016,0.3392971670255065,12072.013556458858,,0.9853515625,0.88525390625,0.9755859375,0.953125,0.8984375,0.948486328125,0.999267578125,0.99951171875,0.9860561490058899,0.8849678039550781,0.9755597114562988,0.9527646899223328,0.8988974094390869,0.9476110935211182,0.9989727735519409,0.9996709823608398
2540,train,1.466517448425293,4.334115048905416,0.555908203125,,,,1.4875602722167969,0.21042799949645996,0.1,0.5,0.9573342204093933,0.9569091796875,7.6552734375,0.9569091796875,0.0430908203125,0.10798314213752747,0.00016577898242696335,0.8112242221832275,0.00770781422033906,0.8111875653266907,10407936,0.3437194167636335,11916.6965851589,,0.989501953125,0.880615234375,0.974853515625,0.95556640625,0.90673828125,0.9501953125,0.99853515625,0.999267578125,0.9862048029899597,0.8865649700164795,0.9761828184127808,0.954514741897583,0.9065183401107788,0.9502695798873901,0.9988211393356323,0.9995970129966736
2560,train,1.5052220821380615,4.50515403343858,0.534423828125,,,,1.5262798070907593,0.2105770707130432,0.1,0.5,0.9570411443710327,0.957244873046875,7.657958984375,0.957244873046875,0.042755126953125,0.10770115256309509,0.00016404791297616904,0.8701048493385315,0.007366238161921501,0.870073676109314,10489856,0.31745812529698014,12902.4890957452,,0.9873046875,0.887939453125,0.974853515625,0.954833984375,0.9091796875,0.945068359375,0.999267578125,0.99951171875,0.986218273639679,0.8862285614013672,0.9766901731491089,0.9573390483856201,0.9020130634307861,0.9492520689964294,0.9989613890647888,0.9996265172958374
2580,train,1.458214282989502,4.298277164474297,0.5458984375,,,,1.479265570640564,0.2105134129524231,0.1,0.5,0.9563791155815125,0.957122802734375,7.656982421875,0.957122802734375,0.042877197265625,0.10943958163261414,0.00016231700007004,0.7776360511779785,0.00813219416886568,0.7775934934616089,10571776,0.35984033392742276,11382.826253229672,,0.986328125,0.8896484375,0.972900390625,0.95947265625,0.9013671875,0.948486328125,0.998779296875,1.0,0.9862404465675354,0.8859818577766418,0.9736149311065674,0.9540824890136719,0.9047217965126038,0.9477986097335815,0.9989215731620789,0.9996713399887085
2600,train,1.4953689575195312,4.460982162162416,0.545654296875,,,,1.51662278175354,0.21253812313079834,0.1,0.5,0.958907425403595,0.959564208984375,7.676513671875,0.959564208984375,0.040435791015625,0.10745606571435928,0.00016058652830985143,0.836164116859436,0.008774066343903542,0.8361181020736694,10653696,0.330423915758729,12396.197141464914,,0.98779296875,0.893798828125,0.976806640625,0.9541015625,0.913818359375,0.9521484375,0.998779296875,0.999267578125,0.9862966537475586,0.8883708119392395,0.9752169847488403,0.9558947086334229,0.9151489734649658,0.9518963694572449,0.9989103078842163,0.9995246529579163
2620,train,1.44083571434021,4.224224587333088,0.5556640625,,,,1.4617547988891602,0.20919129252433777,0.1,0.5,0.9563989043235779,0.955596923828125,7.644775390625,0.955596923828125,0.044403076171875,0.1100645661354065,0.00015885678222434468,0.8417369723320007,0.010210497304797173,0.8416750431060791,10735616,0.32955320784822106,12428.948960152295,,0.9873046875,0.881103515625,0.971435546875,0.9521484375,0.909912109375,0.943115234375,0.999755859375,1.0,0.9863523840904236,0.882599949836731,0.9745063781738281,0.9532750844955444,0.9106659889221191,0.9451546669006348,0.9990420341491699,0.9995948076248169
2640,train,1.434244155883789,4.196471931144955,0.554443359375,,,,1.4552620649337769,0.21017935872077942,0.1,0.5,0.9556452631950378,0.95654296875,7.65234375,0.95654296875,0.04345703125,0.11182078719139099,0.00015712804622294328,0.7872666716575623,0.009184310212731361,0.7872130274772644,10817536,0.3482961249537766,11760.107869542311,,0.9873046875,0.87744140625,0.974365234375,0.95361328125,0.90380859375,0.95703125,0.998779296875,1.0,0.986530065536499,0.8751612901687622,0.9743186235427856,0.9522817134857178,0.9027592539787292,0.9555222988128662,0.9990034103393555,0.9995855689048767
2660,train,1.4862463474273682,4.4204714240514615,0.54736328125,,,,1.5072681903839111,0.21021810173988342,0.1,0.5,0.9546803832054138,0.956573486328125,7.652587890625,0.956573486328125,0.043426513671875,0.11200295388698578,0.00015540060454899033,0.8212276101112366,0.006984916049987078,0.8211979269981384,10899456,0.32256074994802475,12698.383174828312,,0.98974609375,0.8779296875,0.973388671875,0.95458984375,0.904052734375,0.953369140625,0.999755859375,0.999755859375,0.9865484237670898,0.872843325138092,0.9740017652511597,0.9513586759567261,0.9049414396286011,0.9490063190460205,0.9991140365600586,0.9996286630630493
2680,train,1.4276838302612305,4.169031815271953,0.563720703125,,,,1.4485183954238892,0.2083459496498108,0.1,0.5,0.9560517072677612,0.95465087890625,7.63720703125,0.95465087890625,0.04534912109375,0.11058386415243149,0.0001536747412330121,0.7856956124305725,0.008729282766580582,0.7856470942497253,10981376,0.31777470791712403,12889.635008549016,,0.98583984375,0.874755859375,0.970947265625,0.948486328125,0.917724609375,0.941650390625,0.9990234375,0.998779296875,0.9867109656333923,0.8833503127098083,0.9733321070671082,0.9520611763000488,0.9146300554275513,0.9398503303527832,0.998916506767273,0.99956214427948
2700,train,1.4615452289581299,4.312618365089663,0.556640625,,,,1.4824306964874268,0.2088552713394165,0.1,0.5,0.9540493488311768,0.955230712890625,7.641845703125,0.955230712890625,0.044769287109375,0.11557915806770325,0.0001519507400460171,0.7899445295333862,0.007846620865166187,0.7899055480957031,11063296,0.36724733421579003,11153.246377530519,,0.989013671875,0.880126953125,0.972412109375,0.948974609375,0.9140625,0.938720703125,0.9990234375,0.99951171875,0.9868590831756592,0.8711706399917603,0.9687657952308655,0.9504736661911011,0.9152412414550781,0.9416954517364502,0.9987308979034424,0.9994585514068604
2720,train,1.46791672706604,4.340183928556495,0.55712890625,,,,1.4888606071472168,0.20943889021873474,0.1,0.5,0.9560893774032593,0.955902099609375,7.647216796875,0.955902099609375,0.044097900390625,0.11214889585971832,0.00015022888445283768,0.82041996717453,0.008292003534734249,0.8203780651092529,11145216,0.3280556658282876,12485.685896197712,,0.9873046875,0.876953125,0.97265625,0.9521484375,0.920166015625,0.940185546875,0.998046875,0.999755859375,0.9867948293685913,0.8786613941192627,0.9710706472396851,0.9538147449493408,0.9180103540420532,0.9418843984603882,0.9988533854484558,0.999625027179718
2740,train,1.4900943040847778,4.437513974966399,0.54345703125,,,,1.5112699270248413,0.21175625920295715,0.1,0.5,0.9588436484336853,0.95855712890625,7.66845703125,0.95855712890625,0.04144287109375,0.10776396095752716,0.0001485094575655219,0.7873101830482483,0.00855883490294218,0.7872636318206787,11227136,0.3265888746827841,12541.762189475825,,0.986328125,0.88427734375,0.9716796875,0.958740234375,0.91357421875,0.954833984375,0.999267578125,0.999755859375,0.9867411255836487,0.8839244246482849,0.9737755060195923,0.9598180055618286,0.9141190648078918,0.9537736177444458,0.9989923238754272,0.999605119228363
2749,validation,,,,1.6307238912582398,5.1075707064138856,0.5154345703125,,0.22851284980773925,,0.5,0.9542156970500946,0.9761407470703125,7.8091259765625,0.9761407470703125,0.0238592529296875,0.10744902595877648,,,,,,,,4.432015875354409,1.0,0.9999706745147705,1.0,0.9943798780441284,0.8777002096176147,0.9370751976966858,1.0,1.0,0.9869878888130188,0.8934435844421387,0.9725748300552368,0.952828049659729,0.8956440091133118,0.9333348274230957,0.999213695526123,0.9996983408927917
2760,train,1.4640874862670898,4.323596098848519,0.537109375,,,,1.4849729537963867,0.20885500311851501,0.1,0.5,0.9570325613021851,0.95526123046875,7.64208984375,0.95526123046875,0.04473876953125,0.10725574195384979,0.00014679274209678368,0.8502874970436096,0.013125590980052948,0.8501862287521362,11309056,0.3624176667071879,11301.877298684025,,0.98681640625,0.890380859375,0.9716796875,0.949951171875,0.8984375,0.94580078125,0.999267578125,0.999755859375,0.9869702458381653,0.8890119791030884,0.9755078554153442,0.9575488567352295,0.9046109914779663,0.9439815282821655,0.9989879131317139,0.9996414184570312
2780,train,1.4551684856414795,4.285205400363339,0.540283203125,,,,1.476344347000122,0.21175888180732727,0.1,0.5,0.9582971334457397,0.958587646484375,7.668701171875,0.958587646484375,0.041412353515625,0.10748078674077988,0.00014507902031351823,0.8658349514007568,0.010505150072276592,0.8657712340354919,11390976,0.3424284579232335,11961.622654967105,,0.984375,0.890869140625,0.97705078125,0.955810546875,0.906982421875,0.954345703125,0.99951171875,0.999755859375,0.9869500994682312,0.8874207139015198,0.9736161828041077,0.9571672677993774,0.9069604873657227,0.9555560350418091,0.9990987777709961,0.9996073246002197
2800,train,1.4205937385559082,4.139577537531719,0.564697265625,,,,1.4411845207214355,0.2059076428413391,0.1,0.5,0.9518696069717407,0.9515380859375,7.6123046875,0.9515380859375,0.0484619140625,0.1134684756398201,0.0001433685739903912,0.8138881921768188,0.009536388330161572,0.8138323426246643,11472896,0.33718775026500225,12147.535006182388,,0.987548828125,0.871337890625,0.9697265625,0.953125,0.89404296875,0.9375,0.999267578125,0.999755859375,0.9870142936706543,0.872830331325531,0.9706370830535889,0.9520366191864014,0.8959372043609619,0.9380944967269897,0.9988532066345215,0.9995536804199219
2820,train,1.4711308479309082,4.354156246609625,0.546875,,,,1.4919369220733643,0.20806080102920532,0.1,0.5,0.9537755250930786,0.9541015625,7.6328125,0.9541015625,0.0458984375,0.11280404776334763,0.00014166168436350834,0.8440822958946228,0.006795693188905716,0.8440549373626709,11554816,0.33028612472116947,12401.36867226221,,0.988037109375,0.877197265625,0.97021484375,0.950927734375,0.89599609375,0.95166015625,0.998779296875,1.0,0.9871324300765991,0.8718297481536865,0.9703804850578308,0.9568020105361938,0.8973538875579834,0.9481569528579712,0.9989190697669983,0.9996298551559448
2840,train,1.4298906326293945,4.1782422035703375,0.561767578125,,,,1.4507673978805542,0.2087678611278534,0.1,0.5,0.95415198802948,0.955108642578125,7.640869140625,0.955108642578125,0.044891357421875,0.11111685633659363,0.00013995863208417401,0.8023937940597534,0.008280258625745773,0.8023510575294495,11636736,0.3250584998168051,12600.808784598476,,0.9853515625,0.8837890625,0.973388671875,0.9560546875,0.903076171875,0.940673828125,0.999267578125,0.999267578125,0.9871174097061157,0.875251293182373,0.9728718400001526,0.9561299085617065,0.9038493633270264,0.9396398663520813,0.9987682700157166,0.9995875358581543
2860,train,1.4566667079925537,4.291630402712336,0.547607421875,,,,1.477319598197937,0.20652887225151062,0.1,0.5,0.9558047652244568,0.952301025390625,7.618408203125,0.952301025390625,0.047698974609375,0.11123009026050568,0.00013825969717274586,0.7635836601257324,0.007380522321909666,0.763547956943512,11718656,0.35044733388349414,11687.918851058263,,0.984130859375,0.8642578125,0.970947265625,0.95166015625,0.90673828125,0.94287109375,0.99853515625,0.999267578125,0.9872079491615295,0.8744673728942871,0.9719426035881042,0.9573007822036743,0.9129403829574585,0.9440467357635498,0.998907208442688,0.9996247887611389
2880,train,1.4893563985824585,4.434240716813779,0.535888671875,,,,1.5101511478424072,0.20794716477394104,0.1,0.5,0.9539254903793335,0.95416259765625,7.63330078125,0.95416259765625,0.04583740234375,0.11087927222251892,0.0001365651589725928,0.8443565964698792,0.007873897440731525,0.8443198800086975,11800576,0.3315738746896386,12353.204859200556,,0.98828125,0.879150390625,0.96875,0.951904296875,0.9072265625,0.939697265625,0.9990234375,0.999267578125,0.9872530698776245,0.878414511680603,0.971427321434021,0.9518999457359314,0.9039684534072876,0.9399588704109192,0.9988672733306885,0.9996145963668823
2900,train,1.4097856283187866,4.095077441333567,0.567626953125,,,,1.4306652545928955,0.20879590511322021,0.1,0.5,0.9538270831108093,0.955078125,7.640625,0.955078125,0.044921875,0.11175549030303955,0.00013487529610416507,0.7934203743934631,0.007744600065052509,0.7933825850486755,11882496,0.33558974973857403,12205.378749472542,,0.990478515625,0.88232421875,0.972412109375,0.953369140625,0.9033203125,0.940673828125,0.998779296875,0.999267578125,0.987308919429779,0.8738563060760498,0.9726575613021851,0.9530038833618164,0.9040352702140808,0.9412915706634521,0.9988288879394531,0.9996341466903687
2920,train,1.4539886713027954,4.280152634836498,0.55419921875,,,,1.4746923446655273,0.20703628659248352,0.1,0.5,0.9531038403511047,0.953216552734375,7.625732421875,0.953216552734375,0.046783447265625,0.1119651272892952,0.00013319038641918237,0.7943043112754822,0.008667787536978722,0.7942570447921753,11964416,0.3350967918522656,12223.333972728115,,0.985595703125,0.884033203125,0.96875,0.94970703125,0.90625,0.93212890625,0.999267578125,1.0,0.9872499704360962,0.8813888430595398,0.9706486463546753,0.9490231275558472,0.9041658639907837,0.9340713024139404,0.9986892938613892,0.9995936751365662
2940,train,1.482931137084961,4.405840896506125,0.55029296875,,,,1.5035464763641357,0.2061539590358734,0.1,0.5,0.9511750936508179,0.9520263671875,7.6162109375,0.9520263671875,0.0479736328125,0.11399023979902267,0.00013151070695494892,0.7907019853591919,0.008087457157671452,0.7906606197357178,12046336,0.3066342920064926,13357.931929913671,,0.985595703125,0.8798828125,0.96435546875,0.949951171875,0.891845703125,0.946044921875,0.9990234375,0.99951171875,0.9873453974723816,0.8787199854850769,0.9691199064254761,0.9450113773345947,0.8876404166221619,0.9430808424949646,0.9988148212432861,0.9996682405471802
2960,train,1.5319806337356567,4.627332803440647,0.530029296875,,,,1.5524377822875977,0.20457130670547485,0.1,0.5,0.9527738690376282,0.9500732421875,7.6005859375,0.9500732421875,0.0499267578125,0.1131623387336731,0.0001298365338888022,0.9052167534828186,0.010542522184550762,0.9051553606987,12128256,0.5170964589342475,7921.152677088504,,0.983642578125,0.862060546875,0.965576171875,0.950927734375,0.906982421875,0.933349609375,0.998779296875,0.999267578125,0.9872409105300903,0.866184413433075,0.9701899290084839,0.9540591239929199,0.9081571102142334,0.9380878210067749,0.9987057447433472,0.9995659589767456
2980,train,1.5029003620147705,4.494706459524953,0.5419921875,,,,1.5235284566879272,0.20628058910369873,0.1,0.5,0.9517275094985962,0.95233154296875,7.61865234375,0.95233154296875,0.04766845703125,0.11327704787254333,0.00012816814249270328,0.8958635926246643,0.020874686539173126,0.8956203460693359,12210176,0.37476612534374,10929.483010886055,,0.9873046875,0.884765625,0.968505859375,0.9404296875,0.90087890625,0.9384765625,0.998779296875,0.99951171875,0.9874290227890015,0.8852218389511108,0.9677499532699585,0.9442499876022339,0.8937846422195435,0.9372022747993469,0.9986081123352051,0.9995743036270142
2999,validation,,,,1.6068818616867064,4.987236065844068,0.5228466796875,,0.2270874297618866,,0.5,0.9503421127796173,0.9743914794921875,7.7951318359375,0.9743914794921875,0.0256085205078125,0.1101251719892025,,,,,,,,4.406636999920011,1.0,0.9999853372573853,0.9999120831489563,0.9906640648841858,0.867993175983429,0.9365771412849426,1.0,1.0,0.9875232577323914,0.8848740458488464,0.9652513861656189,0.9465510845184326,0.8857200741767883,0.9339672327041626,0.9991086721420288,0.9997416138648987
3000,train,1.382630467414856,3.9853712406543456,0.582275390625,,,,1.4035145044326782,0.20883992314338684,0.1,0.5,0.9549680948257446,0.9552001953125,7.6416015625,0.9552001953125,0.0447998046875,0.10901366174221039,0.00012650580708797562,0.7703698873519897,0.00722529599443078,0.7703359723091125,12292096,0.2549006659537554,16069.004702965762,,0.98876953125,0.883544921875,0.96533203125,0.955810546875,0.90283203125,0.94677734375,0.999267578125,0.999267578125,0.9874995350837708,0.8855382204055786,0.968574583530426,0.9540968537330627,0.9029645919799805,0.9425715208053589,0.9988951086997986,0.9996042847633362
3020,train,1.4825944900512695,4.40435793286906,0.542236328125,,,,1.5036858320236206,0.21091356873512268,0.1,0.5,0.9569858312606812,0.957763671875,7.662109375,0.957763671875,0.042236328125,0.10648583620786667,0.0001248498010002006,0.8377861380577087,0.00754969846457243,0.837752103805542,12374016,0.31491812504827976,13006.555273285863,,0.98583984375,0.893310546875,0.97314453125,0.94970703125,0.91162109375,0.949462890625,0.999267578125,0.999755859375,0.9873639941215515,0.8900359869003296,0.9711260795593262,0.9553540945053101,0.9050489068031311,0.9484462738037109,0.9988985061645508,0.9996128082275391
3040,train,1.4506587982177734,4.265923972744784,0.552734375,,,,1.4713716506958008,0.20712798833847046,0.1,0.5,0.9532321095466614,0.953155517578125,7.625244140625,0.953155517578125,0.046844482421875,0.11289996653795242,0.00012320039651427672,0.7785686254501343,0.0064144073985517025,0.7785422205924988,12455936,0.33607649989426136,12187.701315887041,,0.989990234375,0.87646484375,0.963623046875,0.951416015625,0.90185546875,0.9443359375,0.998046875,0.99951171875,0.9875137805938721,0.8766971826553345,0.967711329460144,0.9516034722328186,0.9004738926887512,0.9434264898300171,0.9988147020339966,0.9996159672737122
3060,train,1.4822708368301392,4.402932678893538,0.55078125,,,,1.5031219720840454,0.20851173996925354,0.1,0.5,0.9524763822555542,0.954681396484375,7.637451171875,0.954681396484375,0.045318603515625,0.11304815858602524,0.0001215578648296493,0.8771547675132751,0.006776801310479641,0.8771286010742188,12537856,0.33197749964892864,12338.185582853006,,0.98828125,0.883544921875,0.9697265625,0.954833984375,0.893310546875,0.948974609375,0.9990234375,0.999755859375,0.9874799847602844,0.8765727281570435,0.966467022895813,0.9520017504692078,0.893407940864563,0.9453158378601074,0.9989379048347473,0.9996277093887329
3080,train,1.3959712982177734,4.038895640198063,0.578857421875,,,,1.417036771774292,0.21065452694892883,0.1,0.5,0.9561724662780762,0.957550048828125,7.660400390625,0.957550048828125,0.042449951171875,0.10836479812860489,0.00011992247601571996,0.7983304262161255,0.007155022583901882,0.7982983589172363,12619776,0.33335833298042417,12287.078482122508,,0.98681640625,0.89208984375,0.96630859375,0.956298828125,0.919677734375,0.940673828125,0.9990234375,0.99951171875,0.9875336289405823,0.8826190233230591,0.9669496417045593,0.9580330848693848,0.9163007140159607,0.9395476579666138,0.9987881183624268,0.9996082782745361
3100,train,1.417555332183838,4.127018907536385,0.55712890625,,,,1.4380303621292114,0.20475059747695923,0.1,0.5,0.9511153101921082,0.950408935546875,7.603271484375,0.950408935546875,0.049591064453125,0.11372461915016174,0.0001182944989674402,0.7602059841156006,0.011555883102118969,0.7601181268692017,12701696,0.33795737521722913,12119.871618032335,,0.98681640625,0.878173828125,0.965087890625,0.947265625,0.89306640625,0.9345703125,0.99853515625,0.999755859375,0.9876770973205566,0.8779462575912476,0.9634530544281006,0.9490517377853394,0.897308349609375,0.9349818229675293,0.9988113641738892,0.999692976474762
3120,train,1.478360891342163,4.385751063610317,0.546630859375,,,,1.4990662336349487,0.20705333352088928,0.1,0.5,0.9519360661506653,0.95306396484375,7.62451171875,0.95306396484375,0.04693603515625,0.11295492947101593,0.00011667420136109982,0.7797973155975342,0.007617512252181768,0.7797600626945496,12783616,0.3705116673372686,11054.982504158233,,0.989013671875,0.88232421875,0.965576171875,0.953125,0.894775390625,0.94091796875,0.998779296875,1.0,0.9875767230987549,0.8786582946777344,0.9642021059989929,0.9494069814682007,0.898282527923584,0.9388655424118042,0.9988834857940674,0.9996123313903809
3140,train,1.457723617553711,4.296168665762262,0.55419921875,,,,1.478384017944336,0.2066037356853485,0.1,0.5,0.9526278972625732,0.952301025390625,7.618408203125,0.952301025390625,0.047698974609375,0.11506664752960205,0.00011506184961031415,0.8459740281105042,0.007784843444824219,0.8459382057189941,12865536,0.370967207942158,11041.407198014811,,0.98876953125,0.8642578125,0.96435546875,0.951416015625,0.902099609375,0.948486328125,0.999267578125,0.999755859375,0.9877492785453796,0.8662675023078918,0.964329719543457,0.9523561000823975,0.9026058316230774,0.9491057395935059,0.9989520907402039,0.9996572136878967
3160,train,1.4056031703948975,4.077985719858464,0.5654296875,,,,1.4260683059692383,0.20465126633644104,0.1,0.5,0.9512560367584229,0.95037841796875,7.60302734375,0.95037841796875,0.04962158203125,0.11523798108100891,0.00011345770882222015,0.7895532250404358,0.007744824979454279,0.7895151972770691,12947456,0.34228570805862546,11966.611236068471,,0.9833984375,0.869384765625,0.960205078125,0.9501953125,0.90869140625,0.933349609375,0.998291015625,0.99951171875,0.9878126382827759,0.8686674237251282,0.9632845520973206,0.9499089121818542,0.9075343012809753,0.9345045685768127,0.9987099170684814,0.9996259808540344
3180,train,1.3929089307785034,4.026545976953571,0.569091796875,,,,1.41348135471344,0.20572373270988464,0.1,0.5,0.951384425163269,0.9515380859375,7.6123046875,0.9515380859375,0.0484619140625,0.11474071443080902,0.00011186204275388654,0.792137086391449,0.007492986507713795,0.7921016216278076,13029376,0.3333468339405954,12287.50233377028,,0.986572265625,0.880859375,0.96484375,0.949462890625,0.89111328125,0.941162109375,0.99853515625,0.999755859375,0.9877387285232544,0.8752797842025757,0.9635570049285889,0.9461660385131836,0.8961308598518372,0.9436682462692261,0.9988725185394287,0.9996623992919922
3200,train,1.3986437320709229,4.049703757192596,0.5732421875,,,,1.419387936592102,0.20744243264198303,0.1,0.5,0.9535742998123169,0.95355224609375,7.62841796875,0.95355224609375,0.04644775390625,0.11109983921051025,0.00011027511376894614,0.7777194380760193,0.010180782526731491,0.7776528000831604,13111296,0.3157560001127422,12972.041698455465,,0.9892578125,0.879150390625,0.968994140625,0.952392578125,0.90673828125,0.93310546875,0.9990234375,0.999755859375,0.9878718852996826,0.8784244060516357,0.9667325615882874,0.9520187973976135,0.9055745601654053,0.9396495819091797,0.9986934661865234,0.9996291399002075
3220,train,1.4314864873886108,4.184915394581633,0.55859375,,,,1.4521644115447998,0.20677900314331055,0.1,0.5,0.9535693526268005,0.95269775390625,7.62158203125,0.95269775390625,0.04730224609375,0.11215034872293472,0.00010869718279445753,0.8218429088592529,0.008077692240476608,0.8218032121658325,13193216,0.370660625398159,11050.539818196572,,0.9873046875,0.876953125,0.968994140625,0.94775390625,0.896728515625,0.9453125,0.998779296875,0.999755859375,0.9878107905387878,0.876288890838623,0.9670737981796265,0.9517198204994202,0.9013327360153198,0.9458078145980835,0.9988507628440857,0.999670147895813
3240,train,1.4557068347930908,4.287512958135259,0.552734375,,,,1.4763123989105225,0.20605531334877014,0.1,0.5,0.9516178369522095,0.951904296875,7.615234375,0.951904296875,0.048095703125,0.1133611798286438,0.00010712850927800251,0.8635703921318054,0.00871280673891306,0.863526463508606,13275136,0.33940745890140533,12068.09070507154,,0.989990234375,0.881103515625,0.9677734375,0.94482421875,0.894775390625,0.938232421875,0.9990234375,0.99951171875,0.9878551959991455,0.8835179805755615,0.9631921052932739,0.9450571537017822,0.8937418460845947,0.9410269260406494,0.9988499283790588,0.9997014999389648
3249,validation,,,,1.5930390071868896,4.91867412396403,0.5265283203125,,0.22554396212100983,,0.5,0.9473064732551575,0.9726123046875,7.7808984375,0.9726123046875,0.0273876953125,0.11363275304436683,,,,,,,,4.456825959030539,1.0,1.0,0.9999951124191284,0.9845800995826721,0.8632177710533142,0.93310546875,1.0,1.0,0.9880557060241699,0.881956934928894,0.9588871598243713,0.9395771622657776,0.87994384765625,0.9313942790031433,0.9988917708396912,0.9997454881668091
3260,train,1.406553030014038,4.081861074051046,0.5712890625,,,,1.4269640445709229,0.20411035418510437,0.1,0.5,0.9511345624923706,0.9495849609375,7.5966796875,0.9495849609375,0.0504150390625,0.11505196988582611,0.00010556935114502734,0.8278541564941406,0.009796212427318096,0.827796220779419,13357056,0.34419774962589145,11900.135908651182,,0.987060546875,0.873046875,0.965087890625,0.94384765625,0.891845703125,0.93798828125,0.998046875,0.999755859375,0.987917423248291,0.8764352798461914,0.9640234708786011,0.9443016052246094,0.8963109254837036,0.9418400526046753,0.9986536502838135,0.9995938539505005
3280,train,1.4209630489349365,4.14110660881469,0.56103515625,,,,1.441476821899414,0.2051381766796112,0.1,0.5,0.9511007070541382,0.950927734375,7.607421875,0.950927734375,0.049072265625,0.11379688233137131,0.00010401996475643345,0.8402657508850098,0.006554553750902414,0.8402401804924011,13438976,0.42492649983614683,9639.31409686012,,0.98828125,0.880859375,0.963623046875,0.947021484375,0.8974609375,0.931396484375,0.9990234375,0.999755859375,0.9881154298782349,0.8766624927520752,0.965715229511261,0.9482760429382324,0.8998740911483765,0.932051956653595,0.9984554052352905,0.9996547698974609
3300,train,1.4690446853637695,4.345082237056903,0.541259765625,,,,1.4895997047424316,0.20555007457733154,0.1,0.5,0.9516099691390991,0.9512939453125,7.6103515625,0.9512939453125,0.0487060546875,0.11288996040821075,0.00010248060486642674,0.8301820755004883,0.006868371274322271,0.8301537036895752,13520896,0.3333926252089441,12285.814653017449,,0.988037109375,0.877685546875,0.965087890625,0.947021484375,0.892578125,0.94189453125,0.998046875,1.0,0.9879755973815918,0.8762356638908386,0.9646471738815308,0.9482235908508301,0.8945289254188538,0.9429097175598145,0.9987008571624756,0.999658465385437
3320,train,1.4140944480895996,4.1127604610898985,0.572509765625,,,,1.4344919919967651,0.20397521555423737,0.1,0.5,0.9489629864692688,0.9495849609375,7.5966796875,0.9495849609375,0.0504150390625,0.11302169412374496,0.00010095152458062921,0.8107418417930603,0.006833451334387064,0.8107130527496338,13602816,0.3316523330286145,12350.282485866313,,0.9892578125,0.890380859375,0.96044921875,0.9443359375,0.884033203125,0.93017578125,0.998046875,1.0,0.9880732893943787,0.8800515532493591,0.9633561372756958,0.9426742792129517,0.8860327005386353,0.9333721399307251,0.9985296726226807,0.9996141195297241
3340,train,1.4666357040405273,4.334627612653194,0.549560546875,,,,1.487208604812622,0.20572926104068756,0.1,0.5,0.952205240726471,0.95147705078125,7.61181640625,0.95147705078125,0.04852294921875,0.11142978817224503,9.943297531446337e-05,0.8368753790855408,0.0066034528426826,0.8368493318557739,13684736,0.34721129201352596,11796.851353096075,,0.98828125,0.879150390625,0.9677734375,0.94775390625,0.8916015625,0.938720703125,0.99853515625,1.0,0.987956702709198,0.8815538883209229,0.9663925170898438,0.9505617618560791,0.893195390701294,0.9395985007286072,0.9986859560012817,0.999697208404541
3360,train,1.4622302055358887,4.315573419614589,0.547607421875,,,,1.4828232526779175,0.20593026280403137,0.1,0.5,0.9510881900787354,0.951751708984375,7.614013671875,0.951751708984375,0.048248291015625,0.11377578973770142,9.792520675181373e-05,0.8058278560638428,0.009430453181266785,0.8057726621627808,13766656,0.35404324997216463,11569.208000214756,,0.986328125,0.884033203125,0.965576171875,0.94482421875,0.88671875,0.94775390625,0.998779296875,1.0,0.9880557060241699,0.8801348209381104,0.9663394689559937,0.9454032182693481,0.8842520713806152,0.9460291862487793,0.9988273978233337,0.9996640682220459
3380,train,1.4261043071746826,4.162451931178604,0.55615234375,,,,1.4468038082122803,0.2069944441318512,0.1,0.5,0.9528005123138428,0.953155517578125,7.625244140625,0.953155517578125,0.046844482421875,0.10982246696949005,9.642846680397283e-05,0.8006954789161682,0.008050676435232162,0.8006550669670105,13848576,0.33553708298131824,12207.294536884478,,0.9892578125,0.896728515625,0.966796875,0.945068359375,0.88916015625,0.940673828125,0.99755859375,1.0,0.988062858581543,0.8875836133956909,0.9648535251617432,0.9489346742630005,0.8923504948616028,0.94224613904953,0.9986940622329712,0.9996793270111084
3400,train,1.409083366394043,4.092202633919683,0.569091796875,,,,1.4295580387115479,0.20474714040756226,0.1,0.5,0.9515642523765564,0.9501953125,7.6015625,0.9501953125,0.0498046875,0.11296926438808441,9.494300156887937e-05,0.8270987272262573,0.006717724725604057,0.827071487903595,13930496,0.3394957911223173,12064.950750815782,,0.98876953125,0.867919921875,0.9638671875,0.9521484375,0.89453125,0.935791015625,0.998779296875,0.999755859375,0.9882071018218994,0.878766655921936,0.964650571346283,0.9503591656684875,0.8951722383499146,0.9371243715286255,0.9986048936843872,0.9996294975280762
3420,train,1.3898804187774658,4.014369981020942,0.566650390625,,,,1.4105794429779053,0.20699003338813782,0.1,0.5,0.9531531929969788,0.953033447265625,7.624267578125,0.953033447265625,0.046966552734375,0.11121845245361328,9.346905529065394e-05,0.8246846795082092,0.009226593188941479,0.824633002281189,14012416,0.2948953337036073,13889.673832943039,,0.989013671875,0.88037109375,0.964111328125,0.9541015625,0.89794921875,0.941650390625,0.997314453125,0.999755859375,0.988224446773529,0.8805391192436218,0.9653893113136292,0.9525524377822876,0.898900032043457,0.9413577318191528,0.9986320734024048,0.999630331993103
3440,train,1.4458601474761963,4.245502330860444,0.5498046875,,,,1.4665145874023438,0.2065446376800537,0.1,0.5,0.9521271586418152,0.95245361328125,7.61962890625,0.95245361328125,0.04754638671875,0.11349143087863922,9.200687031943982e-05,0.8824629783630371,0.008217680267989635,0.8824247121810913,14094336,0.3468082081526518,11810.562448386736,,0.987548828125,0.87060546875,0.962890625,0.9501953125,0.906982421875,0.9423828125,0.999267578125,0.999755859375,0.9882224202156067,0.877693235874176,0.9636332392692566,0.9496943950653076,0.8987606167793274,0.9406646490097046,0.9987285137176514,0.9996199607849121
3460,train,1.478785514831543,4.387613751973126,0.554443359375,,,,1.499316692352295,0.20531120896339417,0.1,0.5,0.9513784050941467,0.95086669921875,7.60693359375,0.95086669921875,0.04913330078125,0.11218865215778351,9.055668707155493e-05,0.8246716260910034,0.01013197936117649,0.8246093988418579,14176256,0.33864045795053244,12095.424228957107,,0.98486328125,0.8701171875,0.96630859375,0.94921875,0.890869140625,0.94677734375,0.998779296875,1.0,0.9882011413574219,0.8784118890762329,0.9661674499511719,0.9470775127410889,0.8873894214630127,0.9453704357147217,0.9987708330154419,0.9996390342712402
3480,train,1.404619574546814,4.073976602034913,0.57080078125,,,,1.4251564741134644,0.20536842942237854,0.1,0.5,0.9522103667259216,0.9508056640625,7.6064453125,0.9508056640625,0.0491943359375,0.11379043012857437,8.91187439899624e-05,0.7792172431945801,0.006692627444863319,0.7791885137557983,14258176,0.3604204161092639,11364.50605161687,,0.98974609375,0.86181640625,0.96435546875,0.952392578125,0.89794921875,0.942138671875,0.998291015625,0.999755859375,0.9882970452308655,0.8728446364402771,0.9645767211914062,0.9508647918701172,0.9003812074661255,0.9422532320022583,0.9988124966621399,0.9996528029441833
3499,validation,,,,1.5755092096328736,4.833202104674708,0.5320166015625,,0.22587622106075286,,0.5,0.9468377685546875,0.972889404296875,7.783115234375,0.972889404296875,0.027110595703125,0.11258420571684838,,,,,,,,4.443003874737769,1.0,0.9998877048492432,1.0,0.9891259670257568,0.8613427877426147,0.9327588081359863,1.0,1.0,0.9884524345397949,0.8733808398246765,0.962249219417572,0.9417202472686768,0.877733051776886,0.9324522614479065,0.998975396156311,0.9997386336326599
3500,train,1.425039291381836,4.158021213945646,0.55712890625,,,,1.4456298351287842,0.20590534806251526,0.1,0.5,0.9509822130203247,0.95166015625,7.61328125,0.95166015625,0.04833984375,0.11183157563209534,8.769327750506457e-05,0.8459456562995911,0.00865067820996046,0.8459014296531677,14340096,0.24069466721266508,17017.410678155953,,0.98779296875,0.882080078125,0.96630859375,0.951416015625,0.88671875,0.940185546875,0.998779296875,1.0,0.9884626865386963,0.8756799697875977,0.9650405645370483,0.9476900100708008,0.8892639875411987,0.9432728290557861,0.998821496963501,0.9996262788772583
3520,train,1.4373574256896973,4.209557038665713,0.55322265625,,,,1.4578577280044556,0.20500358939170837,0.1,0.5,0.9515040516853333,0.950469970703125,7.603759765625,0.950469970703125,0.049530029296875,0.11267992854118347,8.628052199582897e-05,0.8648839592933655,0.007147983182221651,0.8648544549942017,14422016,0.37032949971035123,11060.420526054872,,0.99072265625,0.87158203125,0.960693359375,0.950439453125,0.88916015625,0.941650390625,0.99951171875,1.0,0.9883197546005249,0.8797415494918823,0.963793158531189,0.9500932693481445,0.8892080187797546,0.942479133605957,0.9987584352493286,0.9996393918991089
3540,train,1.3918849229812622,4.022424872858696,0.572998046875,,,,1.4124305248260498,0.20545651018619537,0.1,0.5,0.9509559273719788,0.95123291015625,7.60986328125,0.95123291015625,0.04876708984375,0.11191646754741669,8.488070975125088e-05,0.7948838472366333,0.009006147272884846,0.7948328852653503,14503936,0.32787962490692735,12492.389550472068,,0.9912109375,0.8857421875,0.96142578125,0.951171875,0.886962890625,0.936767578125,0.9970703125,0.99951171875,0.988490104675293,0.8851439952850342,0.9635123014450073,0.9470707774162292,0.8875870704650879,0.9376270174980164,0.9985859990119934,0.9996298551559448
3560,train,1.4126958847045898,4.107012525260901,0.566650390625,,,,1.4333069324493408,0.20611003041267395,0.1,0.5,0.9508943557739258,0.9520263671875,7.6162109375,0.9520263671875,0.0479736328125,0.11345753073692322,8.349407093215969e-05,0.8088051080703735,0.007046343758702278,0.8087744116783142,14585856,0.3577195000834763,11450.312323046885,,0.9921875,0.888427734375,0.960693359375,0.94677734375,0.889404296875,0.9404296875,0.99853515625,0.999755859375,0.9884626865386963,0.8814026117324829,0.9627501368522644,0.9478951096534729,0.8889695405960083,0.9393017292022705,0.9986915588378906,0.9996815323829651
3580,train,1.4272124767303467,4.167067190458254,0.556884765625,,,,1.4477051496505737,0.20492729544639587,0.1,0.5,0.9513294696807861,0.950286865234375,7.602294921875,0.950286865234375,0.049713134765625,0.1139659583568573,8.212083353337553e-05,0.8820450901985168,0.008806892670691013,0.8820011615753174,14667776,0.34181379107758403,11983.132649759882,,0.989990234375,0.867431640625,0.965087890625,0.946044921875,0.8876953125,0.947998046875,0.99853515625,0.99951171875,0.9884998798370361,0.8733668923377991,0.9645004868507385,0.9482892751693726,0.8881065249443054,0.9494515657424927,0.9987598657608032,0.9996618628501892
3600,train,1.4529054164886475,4.275518649236271,0.55322265625,,,,1.4734035730361938,0.20498129725456238,0.1,0.5,0.9501757621765137,0.95037841796875,7.60302734375,0.95037841796875,0.04962158203125,0.11676733195781708,8.076122334622138e-05,0.9604778289794922,0.008937664330005646,0.960436224937439,14749696,0.32075366703793406,12769.924153402071,,0.9892578125,0.86767578125,0.9609375,0.947998046875,0.887939453125,0.950927734375,0.99853515625,0.999755859375,0.9884941577911377,0.865432858467102,0.9613469839096069,0.9479103684425354,0.8886944055557251,0.9510722160339355,0.9988247156143188,0.9996304512023926
3620,train,1.4263513088226318,4.1634801906507795,0.560302734375,,,,1.4468005895614624,0.20449298620224,0.1,0.5,0.9506770372390747,0.94989013671875,7.59912109375,0.94989013671875,0.05010986328125,0.11424535512924194,7.94154639213982e-05,0.8098251819610596,0.006618167739361525,0.8097981214523315,14831616,0.3150228327140212,13002.232138895033,,0.989013671875,0.8681640625,0.96484375,0.9443359375,0.89111328125,0.944091796875,0.997802734375,0.999755859375,0.9885163307189941,0.8780187368392944,0.9622008800506592,0.943549633026123,0.8901324272155762,0.9447126388549805,0.9986563920974731,0.9996293187141418
3640,train,1.4565377235412598,4.291076884818054,0.54736328125,,,,1.477353811264038,0.20816081762313843,0.1,0.5,0.9526346325874329,0.954559326171875,7.636474609375,0.954559326171875,0.045440673828125,0.11191118508577347,7.808377653222793e-05,0.8909105062484741,0.007455745246261358,0.8908793330192566,14913536,0.3341977088712156,12256.218074727765,,0.988037109375,0.89404296875,0.963134765625,0.949462890625,0.897216796875,0.945556640625,0.999267578125,0.999755859375,0.9883631467819214,0.881375789642334,0.963049590587616,0.9494664669036865,0.8971728086471558,0.9433043003082275,0.9987167119979858,0.9996281862258911
3660,train,1.4614320993423462,4.312130507827071,0.54296875,,,,1.481829047203064,0.2039697766304016,0.1,0.5,0.9503097534179688,0.949462890625,7.595703125,0.949462890625,0.050537109375,0.11458059400320053,7.67663801382712e-05,0.8401532769203186,0.007249697111546993,0.8401219844818115,14995456,0.3441415000706911,11902.08097296789,,0.985595703125,0.880615234375,0.95947265625,0.9423828125,0.881591796875,0.948974609375,0.9970703125,1.0,0.9884859323501587,0.8813086748123169,0.9603805541992188,0.9425869584083557,0.8853782415390015,0.9460664987564087,0.9986107349395752,0.9996603727340698
3680,train,1.3711401224136353,3.9398400357163124,0.577880859375,,,,1.391711950302124,0.2057180106639862,0.1,0.5,0.9511628150939941,0.951629638671875,7.613037109375,0.951629638671875,0.048370361328125,0.11250711977481842,7.546349134932549e-05,0.8356751799583435,0.007633816916495562,0.8356403112411499,15077376,0.3188008749857545,12848.1454142277,,0.988525390625,0.886962890625,0.9609375,0.945068359375,0.890380859375,0.943115234375,0.99853515625,0.99951171875,0.9885499477386475,0.8805694580078125,0.9632028937339783,0.94660484790802,0.8892008066177368,0.9429985284805298,0.9985454082489014,0.9996310472488403
3700,train,1.4282069206237793,4.1712131661077425,0.556640625,,,,1.4485245943069458,0.20317649841308594,0.1,0.5,0.9493380784988403,0.948394775390625,7.587158203125,0.948394775390625,0.051605224609375,0.11701544374227524,7.417532438980949e-05,0.9050977826118469,0.006595618557184935,0.9050737023353577,15159296,0.3276188331656158,12502.33376519419,,0.987060546875,0.875244140625,0.96240234375,0.937255859375,0.88037109375,0.946533203125,0.99853515625,0.999755859375,0.9885843992233276,0.8750479221343994,0.9592095613479614,0.943264365196228,0.8856908082962036,0.9445788860321045,0.9986687898635864,0.9996606707572937
3720,train,1.4339498281478882,4.1952369748125555,0.560546875,,,,1.4543662071228027,0.2041633427143097,0.1,0.5,0.9502018690109253,0.949798583984375,7.598388671875,0.949798583984375,0.050201416015625,0.11472468078136444,7.290209106353981e-05,0.827113926410675,0.007489348761737347,0.8270799517631531,15241216,0.32936687534675,12435.980381110952,,0.985107421875,0.880859375,0.96240234375,0.941650390625,0.890380859375,0.939453125,0.9990234375,0.99951171875,0.9885470867156982,0.8783323168754578,0.9632207155227661,0.9441204071044922,0.8907994031906128,0.9383247494697571,0.9986233711242676,0.9996464252471924
3740,train,1.357708215713501,3.887274291336765,0.578857421875,,,,1.3781262636184692,0.20418033003807068,0.1,0.5,0.9499474167823792,0.949798583984375,7.598388671875,0.949798583984375,0.050201416015625,0.1174347847700119,7.164400071890549e-05,0.8170067071914673,0.00932356622070074,0.8169535398483276,15323136,0.34357529086992145,11921.69550269189,,0.98779296875,0.8828125,0.95751953125,0.94287109375,0.885986328125,0.9443359375,0.99755859375,0.99951171875,0.9885207414627075,0.8768490552902222,0.9577397108078003,0.944037675857544,0.8908745050430298,0.9435513019561768,0.9984466433525085,0.9995600581169128
3749,validation,,,,1.5735428047180176,4.823707410567628,0.5341259765625,,0.22582445323467254,,0.5,0.9463276374340057,0.9729058837890625,7.7832470703125,0.9729058837890625,0.0270941162109375,0.11516527727246284,,,,,,,,4.350804334040731,1.0,1.0,0.9999951124191284,0.9879101514816284,0.8642724752426147,0.9310693144798279,1.0,1.0,0.9887136816978455,0.8807470202445984,0.9547896385192871,0.9369125962257385,0.8798032402992249,0.9310386776924133,0.9988662600517273,0.9997495412826538
3760,train,1.422499179840088,4.14747277904158,0.561767578125,,,,1.4430495500564575,0.20550376176834106,0.1,0.5,0.9507778286933899,0.951446533203125,7.611572265625,0.951446533203125,0.048553466796875,0.11542931199073792,7.040126021444665e-05,0.8739481568336487,0.006643470376729965,0.8739228844642639,15405056,0.34905349975451827,11734.590837452217,,0.988525390625,0.88330078125,0.958251953125,0.94140625,0.898681640625,0.94287109375,0.99853515625,1.0,0.9885659217834473,0.8804928064346313,0.9597602486610413,0.9430711269378662,0.8949106931686401,0.9412323832511902,0.998559296131134,0.9996297955513
3780,train,1.4704244136810303,4.351081407721327,0.54931640625,,,,1.4905034303665161,0.2007896602153778,0.1,0.5,0.9480612277984619,0.945465087890625,7.563720703125,0.945465087890625,0.054534912109375,0.12095088511705399,6.9174073884842e-05,0.8043763637542725,0.007504364009946585,0.8043413758277893,15486976,0.3246285002678633,12617.499685394952,,0.990478515625,0.859130859375,0.952880859375,0.931640625,0.887939453125,0.943359375,0.998291015625,1.0,0.988580048084259,0.8721164464950562,0.954667866230011,0.9376477003097534,0.8916077613830566,0.9416843056678772,0.9985331296920776,0.9996525645256042
3800,train,1.431797742843628,4.18621817506523,0.552001953125,,,,1.4521501064300537,0.2035236954689026,0.1,0.5,0.9477812051773071,0.948883056640625,7.591064453125,0.948883056640625,0.051116943359375,0.12035433948040009,6.796264350731174e-05,0.8600242733955383,0.009348929859697819,0.8599734902381897,15568896,0.33841883298009634,12103.34532487706,,0.987060546875,0.87744140625,0.957763671875,0.94091796875,0.882080078125,0.947509765625,0.99853515625,0.999755859375,0.98857182264328,0.8724858164787292,0.9558820724487305,0.9376388192176819,0.8839902281761169,0.9454116225242615,0.9986307621002197,0.9996383786201477
3820,train,1.4387410879135132,4.2153856752213015,0.5537109375,,,,1.4588905572891235,0.2014942467212677,0.1,0.5,0.9483345746994019,0.946685791015625,7.573486328125,0.946685791015625,0.053314208984375,0.11833994090557098,6.676716826844083e-05,0.8907971978187561,0.007390743121504784,0.8907665014266968,15650816,0.3213447919115424,12746.433435670924,,0.9892578125,0.878662109375,0.951904296875,0.935546875,0.886962890625,0.933837890625,0.997314453125,1.0,0.9885523319244385,0.8765217661857605,0.9563146829605103,0.941495418548584,0.8887314796447754,0.9370757341384888,0.9983538389205933,0.999631404876709
3840,train,1.370727777481079,3.9382157975387075,0.57421875,,,,1.3910555839538574,0.2032780647277832,0.1,0.5,0.9476668238639832,0.9486083984375,7.5888671875,0.9486083984375,0.0513916015625,0.11917842924594879,6.558784473142812e-05,0.8038071393966675,0.008128671906888485,0.8037660717964172,15732736,0.36963470792397857,11081.210482113085,,0.987548828125,0.87841796875,0.957763671875,0.943115234375,0.88134765625,0.9423828125,0.99853515625,0.999755859375,0.9886597990989685,0.8753006458282471,0.9565048217773438,0.940733790397644,0.881429135799408,0.9406841993331909,0.998393177986145,0.9996289610862732
3860,train,1.4176832437515259,4.1275468347580055,0.556396484375,,,,1.4381847381591797,0.20501524209976196,0.1,0.5,0.9486861824989319,0.950714111328125,7.605712890625,0.950714111328125,0.049285888671875,0.11757741868495941,6.442486680376695e-05,0.8334892392158508,0.006544497795403004,0.8334635496139526,15814656,0.3670491660013795,11159.267965710636,,0.990234375,0.88671875,0.9599609375,0.949951171875,0.88671875,0.9326171875,0.999755859375,0.999755859375,0.9886465072631836,0.8801958560943604,0.9561725854873657,0.9421883225440979,0.8886436223983765,0.9355500340461731,0.9984256625175476,0.9996668100357056
3880,train,1.4366945028305054,4.206767351853452,0.5615234375,,,,1.457115888595581,0.2042137086391449,0.1,0.5,0.9493578672409058,0.94989013671875,7.59912109375,0.94989013671875,0.05010986328125,0.1168060451745987,6.327842570536232e-05,0.8878868818283081,0.006053568795323372,0.887866199016571,15896576,0.3390089999884367,12082.27510225307,,0.989013671875,0.88330078125,0.957275390625,0.9375,0.892578125,0.940185546875,0.99951171875,0.999755859375,0.9886167645454407,0.8756992816925049,0.9589309692382812,0.943755030632019,0.8871983289718628,0.9424937963485718,0.9985431432723999,0.9996250867843628
3900,train,1.3568931818008423,3.884107321730647,0.57275390625,,,,1.3772544860839844,0.20361363887786865,0.1,0.5,0.9497973322868347,0.94921875,7.59375,0.94921875,0.05078125,0.11729050427675247,6.214870993709013e-05,0.832425594329834,0.008269093930721283,0.8323845267295837,15978496,0.39519404200837016,10364.528724128,,0.986572265625,0.875244140625,0.953125,0.94384765625,0.89892578125,0.93798828125,0.998291015625,0.999755859375,0.9887060523033142,0.8764954805374146,0.9554946422576904,0.9457454085350037,0.8947919607162476,0.9390246272087097,0.9984927773475647,0.999627947807312
3920,train,1.4231808185577393,4.150300820810062,0.556396484375,,,,1.4434114694595337,0.20230677723884583,0.1,0.5,0.9478678107261658,0.94744873046875,7.57958984375,0.94744873046875,0.05255126953125,0.11877785623073578,6.10359052498032e-05,0.8973642587661743,0.0073768505826592445,0.8973339200019836,16060416,0.32882241578772664,12456.571703567188,,0.98974609375,0.868408203125,0.951904296875,0.94091796875,0.888427734375,0.943603515625,0.996826171875,0.999755859375,0.9886593818664551,0.8731472492218018,0.9553610682487488,0.9416016340255737,0.8845920562744141,0.9415982961654663,0.9983946681022644,0.999588131904602
3940,train,1.3705397844314575,3.9374755099275034,0.578857421875,,,,1.3909629583358765,0.2042316496372223,0.1,0.5,0.9500093460083008,0.949798583984375,7.598388671875,0.949798583984375,0.050201416015625,0.1169661432504654,5.994019461378977e-05,0.867219090461731,0.007102928124368191,0.8671900629997253,16142336,0.3924145828932524,10437.940327804345,,0.98828125,0.87255859375,0.956298828125,0.94970703125,0.89697265625,0.9365234375,0.998291015625,0.999755859375,0.9886807203292847,0.8751134872436523,0.9561996459960938,0.9489511847496033,0.8951109051704407,0.9380195140838623,0.9984055757522583,0.9995938539505005
3960,train,1.3974578380584717,4.04490408426893,0.565185546875,,,,1.417679786682129,0.20221945643424988,0.1,0.5,0.9482731819152832,0.947296142578125,7.578369140625,0.947296142578125,0.052703857421875,0.11962902545928955,5.8861758188688994e-05,0.8376871943473816,0.008716167882084846,0.8376418948173523,16224256,0.3418937502428889,11980.330137915977,,0.98828125,0.87158203125,0.953125,0.93896484375,0.882568359375,0.94482421875,0.9990234375,1.0,0.9887599945068359,0.8743350505828857,0.953559160232544,0.9392449259757996,0.8852333426475525,0.9467951059341431,0.9985551834106445,0.999703049659729
3980,train,1.37759268283844,3.9653442869818236,0.57275390625,,,,1.3978562355041504,0.2026357352733612,0.1,0.5,0.9481446743011475,0.947906494140625,7.583251953125,0.947906494140625,0.052093505859375,0.11668269336223602,5.780077329386861e-05,0.8697988390922546,0.006149584893137217,0.8697770833969116,16306176,0.3230531672015786,12679.027528134957,,0.987060546875,0.87548828125,0.9609375,0.942626953125,0.88818359375,0.930419921875,0.998779296875,0.999755859375,0.9887699484825134,0.8806158304214478,0.956057071685791,0.942324161529541,0.8865655660629272,0.9330407977104187,0.9981586933135986,0.9996253252029419
3999,validation,,,,1.559347801208496,4.755718559566662,0.5361083984375,,0.22635529279708863,,0.5,0.9476603925228119,0.973563232421875,7.788505859375,0.973563232421875,0.026436767578125,0.11404014512896538,,,,,,,,4.306705750059336,1.0,1.0,0.9998242259025574,0.9875341653823853,0.8660888671875,0.93505859375,1.0,1.0,0.9889430999755859,0.8835636973381042,0.9534340500831604,0.940747082233429,0.8833953142166138,0.932807445526123,0.9986498951911926,0.9997428059577942
4000,train,1.388677954673767,4.009545746285635,0.56884765625,,,,1.4093303680419922,0.20652416348457336,0.1,0.5,0.9520797729492188,0.952545166015625,7.620361328125,0.952545166015625,0.047454833984375,0.11346768587827682,5.6757414379269524e-05,0.866199791431427,0.00746208755299449,0.8661676645278931,16388096,0.25793262477964163,15880.115993466576,,0.98974609375,0.880615234375,0.9541015625,0.954345703125,0.8984375,0.945556640625,0.998046875,0.99951171875,0.9888435006141663,0.8855103254318237,0.9581034183502197,0.9488703608512878,0.8952087163925171,0.9421157240867615,0.9983728528022766,0.9996128082275391
4020,train,1.3603180646896362,3.8974327404088926,0.582763671875,,,,1.3807092905044556,0.203912615776062,0.1,0.5,0.9495924711227417,0.9495849609375,7.5966796875,0.9495849609375,0.0504150390625,0.11620071530342102,5.573185299672248e-05,0.8597365617752075,0.006432592403143644,0.8597124814987183,16470016,0.3074050829745829,13324.43810091022,,0.9892578125,0.8857421875,0.954345703125,0.9443359375,0.89111328125,0.93359375,0.99853515625,0.999755859375,0.9887014627456665,0.8819610476493835,0.9560823440551758,0.9441894888877869,0.8911421298980713,0.9367098808288574,0.9982733726501465,0.9996802806854248
4040,train,1.3873271942138672,4.004133466599009,0.56884765625,,,,1.4077171087265015,0.2038995921611786,0.1,0.5,0.9493371248245239,0.949371337890625,7.594970703125,0.949371337890625,0.050628662109375,0.11580099165439606,5.472425777174096e-05,0.8566354513168335,0.006449203938245773,0.8566111326217651,16551936,0.31825733417645097,12870.088322077947,,0.986083984375,0.875732421875,0.960205078125,0.945068359375,0.887451171875,0.9423828125,0.998779296875,0.999267578125,0.9888886213302612,0.882631778717041,0.9569501876831055,0.9412848949432373,0.885211169719696,0.9416253566741943,0.9984371662139893,0.9996679425239563
4060,train,1.4137647151947021,4.111404572229907,0.559326171875,,,,1.434293270111084,0.2052852213382721,0.1,0.5,0.9497760534286499,0.951171875,7.609375,0.951171875,0.048828125,0.11593983322381973,5.3734794375795196e-05,0.8502182364463806,0.0068890927359461784,0.8501903414726257,16633856,0.4202772080898285,9745.948438689866,,0.986572265625,0.890380859375,0.959716796875,0.9443359375,0.88671875,0.94384765625,0.998291015625,0.99951171875,0.9888831973075867,0.8824524879455566,0.9571126699447632,0.9430080652236938,0.8854418992996216,0.9433702230453491,0.9983130693435669,0.9996269941329956
4080,train,1.3982117176055908,4.047954604446028,0.571533203125,,,,1.418646216392517,0.2043454945087433,0.1,0.5,0.9508549571037292,0.949920654296875,7.599365234375,0.949920654296875,0.050079345703125,0.1146288514137268,5.276362549907239e-05,0.8650891780853271,0.006910240277647972,0.8650615811347961,16715776,0.37732299976050854,10855.420959230634,,0.990478515625,0.88525390625,0.95703125,0.94287109375,0.88232421875,0.943603515625,0.998291015625,0.99951171875,0.9889363050460815,0.8859848976135254,0.9567335247993469,0.9443502426147461,0.8887211084365845,0.9441753625869751,0.998307466506958,0.999630331993103
4100,train,1.41169011592865,4.102883896871393,0.562744140625,,,,1.432004690170288,0.20314627885818481,0.1,0.5,0.9495018720626831,0.9486083984375,7.5888671875,0.9486083984375,0.0513916015625,0.11704913526773453,5.181091082372629e-05,0.851274311542511,0.007308444008231163,0.8512428998947144,16797696,0.3371780840680003,12147.883250840052,,0.988037109375,0.875732421875,0.955078125,0.9365234375,0.892333984375,0.944580078125,0.99755859375,0.9990234375,0.9888249039649963,0.8766623139381409,0.9565341472625732,0.9433684349060059,0.8882203698158264,0.944287121295929,0.9984472990036011,0.9996698498725891
4120,train,1.3219746351242065,3.750820571547337,0.587890625,,,,1.3423365354537964,0.20361921191215515,0.1,0.5,0.9498245120048523,0.94891357421875,7.59130859375,0.94891357421875,0.05108642578125,0.11558202654123306,5.087680699762229e-05,0.8368752002716064,0.006806579418480396,0.8368475437164307,16879616,0.3487602910026908,11744.456309013683,,0.990234375,0.8671875,0.95703125,0.945068359375,0.8916015625,0.942626953125,0.997802734375,0.999755859375,0.9888471364974976,0.8789702653884888,0.9565558433532715,0.9449532628059387,0.8918772339820862,0.9395032525062561,0.9982903003692627,0.9995990991592407
4140,train,1.359890103340149,3.8957651466920518,0.58203125,,,,1.3801770210266113,0.20286932587623596,0.1,0.5,0.950305163860321,0.948089599609375,7.584716796875,0.948089599609375,0.051910400390625,0.11528141796588898,4.996146760858055e-05,0.8959094285964966,0.008779595606029034,0.8958663940429688,16961536,0.3586141658015549,11421.74624040532,,0.990478515625,0.87255859375,0.95849609375,0.94091796875,0.88720703125,0.93701171875,0.998291015625,0.999755859375,0.9888412952423096,0.8881943225860596,0.9561219215393066,0.942854642868042,0.8916981816291809,0.9371726512908936,0.9979650378227234,0.9995934367179871
4160,train,1.3918867111206055,4.022432065521298,0.5615234375,,,,1.4122645854949951,0.20377904176712036,0.1,0.5,0.9497496485710144,0.9493408203125,7.5947265625,0.9493408203125,0.0506591796875,0.11679553240537643,4.9065043159123064e-05,0.8392366766929626,0.0062526920810341835,0.8392133712768555,17043456,0.33587733283638954,12194.928325202634,,0.990234375,0.88037109375,0.953125,0.9453125,0.8896484375,0.93896484375,0.9970703125,1.0,0.9889016151428223,0.883033037185669,0.9553489089012146,0.9441773295402527,0.8897318840026855,0.9390473365783691,0.998137354850769,0.9996196031570435
4180,train,1.390705943107605,4.01768530936428,0.569091796875,,,,1.4110325574874878,0.20326665043830872,0.1,0.5,0.9495735168457031,0.94873046875,7.58984375,0.94873046875,0.05126953125,0.11651570349931717,4.81876810417273e-05,0.8402109742164612,0.006562134716659784,0.8401853442192078,17125376,0.3586574997752905,11420.366233987203,,0.988525390625,0.875732421875,0.953369140625,0.9404296875,0.8916015625,0.943115234375,0.99755859375,0.99951171875,0.9888806343078613,0.8818621039390564,0.9555578231811523,0.9427226185798645,0.8855030536651611,0.9441741704940796,0.9982081651687622,0.9996795058250427
4200,train,1.4056322574615479,4.078104338226019,0.55810546875,,,,1.4262887239456177,0.2065649926662445,0.1,0.5,0.9517129063606262,0.952728271484375,7.621826171875,0.952728271484375,0.047271728515625,0.11343200504779816,4.7329525514591865e-05,0.8600411415100098,0.005782358814030886,0.860021710395813,17207296,0.30734629090875387,13326.9869237369,,0.990966796875,0.893310546875,0.955810546875,0.9404296875,0.89599609375,0.946044921875,0.99951171875,0.999755859375,0.9889598488807678,0.8880652785301208,0.9564762115478516,0.9452191591262817,0.89137864112854,0.9455647468566895,0.9983813762664795,0.9996581077575684
4220,train,1.3738770484924316,3.9506378563344455,0.565185546875,,,,1.3943153619766235,0.2043832242488861,0.1,0.5,0.9499968886375427,0.950042724609375,7.600341796875,0.950042724609375,0.049957275390625,0.11549761891365051,4.6490717677916956e-05,0.8527601957321167,0.006451192311942577,0.8527357578277588,17289216,0.34311112482100725,11937.823357190135,,0.98876953125,0.88330078125,0.951171875,0.949951171875,0.888671875,0.939208984375,0.999267578125,1.0,0.9889634847640991,0.8866525888442993,0.9546507596969604,0.9450962543487549,0.8890208005905151,0.9376972317695618,0.998232364654541,0.9996613264083862
4240,train,1.385162353515625,3.995474531498576,0.573974609375,,,,1.4053741693496704,0.20211800932884216,0.1,0.5,0.9484328031539917,0.947509765625,7.580078125,0.947509765625,0.052490234375,0.11783106625080109,4.5671395450704284e-05,0.8617979288101196,0.006190436892211437,0.8617757558822632,17371136,0.3391965418122709,12075.594810359065,,0.986572265625,0.88232421875,0.951416015625,0.93798828125,0.88916015625,0.93408203125,0.998779296875,0.999755859375,0.9889206290245056,0.8830439448356628,0.9524093866348267,0.942560076713562,0.8880176544189453,0.9348918199539185,0.9980014562606812,0.9996174573898315
4249,validation,,,,1.554634189605713,4.733354698070159,0.537041015625,,0.22476197093725203,,0.5,0.9445892548561097,0.971671142578125,7.773369140625,0.971671142578125,0.028328857421875,0.11577705025672913,,,,,,,,5.164850791916251,1.0,0.9999706745147705,0.9995263814926147,0.9838720560073853,0.8604589700698853,0.9295409917831421,1.0,1.0,0.9890850186347961,0.8861953616142273,0.9478121995925903,0.9334630370140076,0.8734087944030762,0.9285146594047546,0.998461902141571,0.9997727274894714
4260,train,1.3918187618255615,4.022158753383872,0.56298828125,,,,1.4120794534683228,0.2026073932647705,0.1,0.5,0.9485260844230652,0.948150634765625,7.585205078125,0.948150634765625,0.051849365234375,0.11757427453994751,4.487169354808029e-05,0.8409255743026733,0.006629167590290308,0.8408994078636169,17453056,0.3616386656649411,11326.222522331038,,0.986328125,0.884765625,0.9482421875,0.936767578125,0.890380859375,0.94091796875,0.998046875,0.999755859375,0.9889407157897949,0.8856363296508789,0.9508509635925293,0.9401684403419495,0.8861470222473145,0.938575029373169,0.9982014894485474,0.9996886253356934
4280,train,1.4021501541137695,4.063928652382257,0.561767578125,,,,1.422465443611145,0.20315325260162354,0.1,0.5,0.9490983486175537,0.94866943359375,7.58935546875,0.94866943359375,0.05133056640625,0.11694544553756714,4.4091743459145615e-05,0.8464199304580688,0.007324527017772198,0.8463882207870483,17534976,0.35779954167082906,11447.75082962031,,0.98828125,0.881591796875,0.952880859375,0.94091796875,0.890869140625,0.93603515625,0.999267578125,0.99951171875,0.9890334010124207,0.8864424824714661,0.9511479139328003,0.9424381852149963,0.8905335068702698,0.9353426694869995,0.998204231262207,0.9996440410614014
4300,train,1.3913723230361938,4.020363506463115,0.5634765625,,,,1.4116384983062744,0.2026614248752594,0.1,0.5,0.9489688277244568,0.948028564453125,7.584228515625,0.948028564453125,0.051971435546875,0.11857675015926361,4.333167342535562e-05,0.8380895853042603,0.006815245375037193,0.8380618691444397,17616896,0.3665297911502421,11175.08071348294,,0.9912109375,0.880126953125,0.95166015625,0.93310546875,0.888916015625,0.941162109375,0.998291015625,0.999755859375,0.9889090061187744,0.8840945959091187,0.9507961273193359,0.9392101764678955,0.8891916275024414,0.9418715238571167,0.9980794191360474,0.9995980262756348
4320,train,1.3137423992156982,3.720069679714573,0.5888671875,,,,1.3341106176376343,0.2036825716495514,0.1,0.5,0.9482972025871277,0.949310302734375,7.594482421875,0.949310302734375,0.050689697265625,0.11777204275131226,4.2591608419434414e-05,0.8473107218742371,0.009163889102637768,0.8472611904144287,17698816,0.34062987472862005,12024.782040222646,,0.990234375,0.893310546875,0.953857421875,0.93896484375,0.883056640625,0.93701171875,0.99853515625,0.99951171875,0.9890081882476807,0.8870748281478882,0.9515703320503235,0.9375520944595337,0.8844863176345825,0.9389760494232178,0.9980449080467224,0.9996649622917175
4340,train,1.373931646347046,3.9508535585741456,0.567138671875,,,,1.3943530321121216,0.20421388745307922,0.1,0.5,0.9500153064727783,0.949920654296875,7.599365234375,0.949920654296875,0.050079345703125,0.11441253870725632,4.18716701248265e-05,0.8280422687530518,0.005705617368221283,0.8280226588249207,17780736,0.33846179209649563,12101.809113012758,,0.989501953125,0.89111328125,0.954833984375,0.9453125,0.885009765625,0.935791015625,0.998291015625,0.99951171875,0.9889994859695435,0.8923811912536621,0.9546602964401245,0.9427688717842102,0.8901923894882202,0.9336171746253967,0.997873067855835,0.9996298551559448
4360,train,1.387728214263916,4.005739526411756,0.570068359375,,,,1.4081895351409912,0.2046126425266266,0.1,0.5,0.9499000310897827,0.950531005859375,7.604248046875,0.950531005859375,0.049468994140625,0.11542759835720062,4.1171976915689365e-05,0.8659372329711914,0.006508843507617712,0.8659127950668335,17862656,0.3298526252619922,12417.666819376283,,0.989013671875,0.892333984375,0.947509765625,0.94677734375,0.890625,0.94189453125,0.996337890625,0.999755859375,0.9889976978302002,0.8874961733818054,0.9523659944534302,0.9436839818954468,0.8878816366195679,0.941103458404541,0.9980547428131104,0.9996165633201599
4380,train,1.4147454500198364,4.115438747778983,0.56396484375,,,,1.4351627826690674,0.2041732668876648,0.1,0.5,0.9498937129974365,0.94989013671875,7.59912109375,0.94989013671875,0.05010986328125,0.11704785376787186,4.049264383742998e-05,0.8965991735458374,0.007389649283140898,0.8965687155723572,17944576,0.344951624982059,11874.128728087695,,0.98828125,0.879638671875,0.9541015625,0.942626953125,0.894775390625,0.94384765625,0.995849609375,1.0,0.9889401197433472,0.8825066685676575,0.9519002437591553,0.9434767961502075,0.8922913074493408,0.9423097372055054,0.9981003999710083,0.9996246695518494
4400,train,1.3843252658843994,3.992131368642737,0.570068359375,,,,1.4047415256500244,0.20416268706321716,0.1,0.5,0.9485534429550171,0.95001220703125,7.60009765625,0.95001220703125,0.04998779296875,0.11620838940143585,3.9833782587788806e-05,0.9058581590652466,0.0076142409816384315,0.9058261513710022,18026496,0.37042829208076,11057.470737432222,,0.98681640625,0.89501953125,0.95556640625,0.942138671875,0.887939453125,0.935791015625,0.99755859375,0.999267578125,0.989098072052002,0.8905688524246216,0.9520407915115356,0.9381500482559204,0.8876836895942688,0.9333057403564453,0.9979673027992249,0.9996128082275391
4420,train,1.3728106021881104,3.946426958939919,0.569091796875,,,,1.393162488937378,0.20351922512054443,0.1,0.5,0.9481815695762634,0.949127197265625,7.593017578125,0.949127197265625,0.050872802734375,0.11878017336130142,3.9195501498474075e-05,0.8375952839851379,0.006530662998557091,0.8375698328018188,18108416,0.358691334258765,11419.288978543005,,0.986572265625,0.888671875,0.9560546875,0.9365234375,0.884765625,0.9423828125,0.998291015625,0.999755859375,0.9891036748886108,0.8848904371261597,0.9511182904243469,0.9371954798698425,0.8866198062896729,0.9389060735702515,0.9979618787765503,0.9996567368507385
4440,train,1.3612303733825684,3.900990024602003,0.578369140625,,,,1.3814083337783813,0.20177990198135376,0.1,0.5,0.9478776454925537,0.946929931640625,7.575439453125,0.946929931640625,0.053070068359375,0.11962729692459106,3.857790551734975e-05,0.8673443794250488,0.006513883359730244,0.8673199415206909,18190336,0.3653947915881872,11209.793062995643,,0.98876953125,0.875244140625,0.95166015625,0.9384765625,0.88671875,0.935546875,0.9990234375,1.0,0.9890332818031311,0.8804835081100464,0.9499611258506775,0.937824547290802,0.8908898830413818,0.9372893571853638,0.9979192018508911,0.9996206164360046
4460,train,1.3601490259170532,3.8967739788419213,0.5693359375,,,,1.380531907081604,0.20382830500602722,0.1,0.5,0.9493496417999268,0.94952392578125,7.59619140625,0.94952392578125,0.05047607421875,0.11785571277141571,3.798109619117956e-05,0.8570343255996704,0.008243896998465061,0.8569946885108948,18272256,0.3540473338216543,11569.07455222723,,0.9912109375,0.888671875,0.94970703125,0.94091796875,0.889892578125,0.938232421875,0.997802734375,0.999755859375,0.9891809225082397,0.8852899074554443,0.950596272945404,0.9395571351051331,0.891145646572113,0.9412126541137695,0.9981611967086792,0.9996535778045654
4480,train,1.3798854351043701,3.97444626938918,0.579345703125,,,,1.400359034538269,0.20473584532737732,0.1,0.5,0.9497681856155396,0.95068359375,7.60546875,0.95068359375,0.04931640625,0.11498630046844482,3.74051716489305e-05,0.859158992767334,0.007469870615750551,0.8591265082359314,18354176,0.34719112515449524,11797.536582127024,,0.988525390625,0.8974609375,0.948974609375,0.941162109375,0.89013671875,0.939697265625,0.99951171875,1.0,0.9890726804733276,0.889762282371521,0.9523636102676392,0.9409103989601135,0.8896668553352356,0.9385284185409546,0.9981715679168701,0.9996689558029175
4499,validation,,,,1.5495844531059264,4.709512752520006,0.540244140625,,0.22597338438034056,,0.5,0.9457342445850372,0.9731329345703125,7.7850634765625,0.9731329345703125,0.0268670654296875,0.11720337957143784,,,,,,,,5.044427291955799,1.0,0.9999951124191284,0.9996044635772705,0.9874560832977295,0.8663574457168579,0.9316504001617432,1.0,1.0,0.989234447479248,0.8903583288192749,0.9463832974433899,0.9314447045326233,0.8810814619064331,0.9293735027313232,0.9982391595840454,0.9997590780258179
4500,train,1.408315658569336,4.089062223550383,0.556640625,,,,1.4287607669830322,0.20445150136947632,0.1,0.5,0.9496511220932007,0.95025634765625,7.60205078125,0.95025634765625,0.04974365234375,0.11795882880687714,3.685022658563817e-05,0.8790982365608215,0.005980231333523989,0.8790778517723083,18436096,0.30386754125356674,13479.557517405363,,0.9892578125,0.89111328125,0.951416015625,0.941650390625,0.887939453125,0.94287109375,0.998291015625,0.99951171875,0.9890478253364563,0.8903135061264038,0.9512850046157837,0.9383811950683594,0.891777753829956,0.9387092590332031,0.9980196356773376,0.9996744394302368
4520,train,1.3272496461868286,3.7706584681177664,0.582763671875,,,,1.3474456071853638,0.20195984840393066,0.1,0.5,0.948879063129425,0.9473876953125,7.5791015625,0.9473876953125,0.0526123046875,0.11816536635160446,3.631635224683681e-05,0.8925856351852417,0.008803989738225937,0.8925422430038452,18518016,0.395346166100353,10360.540587512081,,0.989013671875,0.882080078125,0.947998046875,0.9345703125,0.89501953125,0.9326171875,0.997802734375,1.0,0.989090085029602,0.8857613801956177,0.951686441898346,0.9395652413368225,0.8922492861747742,0.935053288936615,0.9980365633964539,0.9995905160903931
4540,train,1.3568828105926514,3.884067039053868,0.577392578125,,,,1.3773508071899414,0.20468035340309143,0.1,0.5,0.9499592781066895,0.950592041015625,7.604736328125,0.950592041015625,0.049407958984375,0.11606840789318085,3.580363641355644e-05,0.8713769912719727,0.01257422473281622,0.8712862730026245,18599936,0.3679323340766132,11132.481765375655,,0.989013671875,0.88916015625,0.950927734375,0.943359375,0.894775390625,0.93994140625,0.997802734375,0.999755859375,0.9890708327293396,0.8890191316604614,0.9521647691726685,0.9410606622695923,0.8906924724578857,0.939947783946991,0.9980850219726562,0.9996342062950134
4560,train,1.403186559677124,4.068142714007912,0.56640625,,,,1.4235621690750122,0.20375651121139526,0.1,0.5,0.9498133659362793,0.9495849609375,7.5966796875,0.9495849609375,0.0504150390625,0.11693226546049118,3.531216338788963e-05,0.8524132966995239,0.006865236908197403,0.8523856401443481,18681856,0.3827241249382496,10702.22578903503,,0.98876953125,0.88916015625,0.94873046875,0.940185546875,0.897216796875,0.935302734375,0.998046875,0.999267578125,0.9891395568847656,0.8923845291137695,0.949923038482666,0.9397460222244263,0.8928435444831848,0.9367828965187073,0.9980374574661255,0.9996500611305237
4580,train,1.4425636529922485,4.231530098192009,0.550537109375,,,,1.4629058837890625,0.20342227816581726,0.1,0.5,0.9495500326156616,0.949127197265625,7.593017578125,0.949127197265625,0.050872802734375,0.11817211657762527,3.4842013979130404e-05,0.9134647250175476,0.008948889560997486,0.9134208559989929,18763776,0.35275591583922505,11611.42823148805,,0.98974609375,0.88916015625,0.94775390625,0.933837890625,0.892333984375,0.94287109375,0.997314453125,1.0,0.9890173077583313,0.8875957727432251,0.9498527646064758,0.9381558895111084,0.8915561437606812,0.9425164461135864,0.9980388879776001,0.9996674060821533
4600,train,1.378620982170105,3.969423945057299,0.570068359375,,,,1.3990925550460815,0.2047160267829895,0.1,0.5,0.9492997527122498,0.950653076171875,7.605224609375,0.950653076171875,0.049346923828125,0.11813293397426605,3.439326549048734e-05,0.8522385358810425,0.0063736820593476295,0.8522146940231323,18845696,0.3494566669687629,11721.05267164965,,0.990478515625,0.893798828125,0.954833984375,0.930419921875,0.89599609375,0.94140625,0.998291015625,1.0,0.9891577363014221,0.8865858912467957,0.9527263045310974,0.9375336170196533,0.8906840085983276,0.9401649236679077,0.9978975057601929,0.9996474385261536
4620,train,1.3689563274383545,3.9312456204788457,0.576416015625,,,,1.389209270477295,0.20252981781959534,0.1,0.5,0.9496495127677917,0.9478759765625,7.5830078125,0.9478759765625,0.0521240234375,0.11738482117652893,3.396599170637318e-05,0.8860716223716736,0.006642505526542664,0.8860467076301575,18927616,0.35725800041109324,11465.103637390272,,0.9892578125,0.87646484375,0.954833984375,0.935546875,0.8916015625,0.9375,0.998046875,0.999755859375,0.9890656471252441,0.8866127729415894,0.9524950385093689,0.9388396739959717,0.8944726586341858,0.9381313323974609,0.9979755282402039,0.9996037483215332
4640,train,1.3096789121627808,3.7049838959365755,0.591064453125,,,,1.330066442489624,0.2038758397102356,0.1,0.5,0.9511648416519165,0.949737548828125,7.597900390625,0.949737548828125,0.050262451171875,0.11296569555997849,3.356026288027287e-05,0.8383197784423828,0.007040886674076319,0.8382902145385742,19009536,0.3764406251721084,10880.866001450591,,0.9873046875,0.89453125,0.954345703125,0.939208984375,0.8916015625,0.9345703125,0.996826171875,0.99951171875,0.9892991781234741,0.8950988054275513,0.9551041126251221,0.9417520761489868,0.8945319652557373,0.9360264539718628,0.9979339838027954,0.9995722770690918
4660,train,1.347200870513916,3.846643194770916,0.5771484375,,,,1.3676259517669678,0.20425045490264893,0.1,0.5,0.9504388570785522,0.949981689453125,7.599853515625,0.949981689453125,0.050018310546875,0.11510705947875977,3.317614572319256e-05,0.8494841456413269,0.006939470302313566,0.8494557738304138,19091456,0.36665800027549267,11171.17312842601,,0.987060546875,0.887451171875,0.9541015625,0.940185546875,0.887939453125,0.944580078125,0.99853515625,1.0,0.9891533851623535,0.890031635761261,0.9546116590499878,0.9400515556335449,0.8910484910011292,0.9407913684844971,0.9981451630592346,0.9996775984764099
4680,train,1.3651998043060303,3.916505508486217,0.575927734375,,,,1.3856637477874756,0.20463895797729492,0.1,0.5,0.9504122734069824,0.950408935546875,7.603271484375,0.950408935546875,0.049591064453125,0.11535367369651794,3.281370339269052e-05,0.8635835647583008,0.006195677910000086,0.8635613322257996,19173376,0.3465824159793556,11818.256816133398,,0.9912109375,0.889404296875,0.9541015625,0.941650390625,0.88720703125,0.942626953125,0.99755859375,0.99951171875,0.9891445636749268,0.8923519253730774,0.9533737897872925,0.9395626783370972,0.8890732526779175,0.9419986009597778,0.9981231093406677,0.9996697902679443
4700,train,1.365065097808838,3.9159779652804807,0.576904296875,,,,1.3853986263275146,0.2033357322216034,0.1,0.5,0.9490275382995605,0.948944091796875,7.591552734375,0.948944091796875,0.051055908203125,0.1160651221871376,3.2472995482492835e-05,0.8622602224349976,0.006988124921917915,0.862231969833374,19255296,0.3412375831976533,12003.367160256481,,0.989013671875,0.89697265625,0.94873046875,0.939208984375,0.879150390625,0.941162109375,0.997314453125,1.0,0.9891785383224487,0.8899012804031372,0.9529139995574951,0.938592791557312,0.882394552230835,0.9415046572685242,0.9980989098548889,0.9996360540390015
4720,train,1.3573001623153687,3.8856883994390072,0.575927734375,,,,1.3778842687606812,0.2058410942554474,0.1,0.5,0.9505213499069214,0.951934814453125,7.615478515625,0.951934814453125,0.048065185546875,0.11515012383460999,3.215407801269468e-05,0.8716989159584045,0.006017613224685192,0.8716781735420227,19337216,0.5258074579760432,7789.923740843215,,0.991943359375,0.89453125,0.950439453125,0.946533203125,0.893798828125,0.941162109375,0.99755859375,0.99951171875,0.9892886877059937,0.8930221796035767,0.9525163173675537,0.9420799016952515,0.8900953531265259,0.939490556716919,0.9980307221412659,0.9996472597122192
4740,train,1.3070147037506104,3.695126184004434,0.599365234375,,,,1.327498435974121,0.20483750104904175,0.1,0.5,0.9501872062683105,0.950653076171875,7.605224609375,0.950653076171875,0.049346923828125,0.11499668657779694,3.1857003420549485e-05,0.8465540409088135,0.006013526581227779,0.8465327024459839,19419136,0.32687508314847946,12530.780751310544,,0.990234375,0.89013671875,0.9560546875,0.94287109375,0.8896484375,0.937255859375,0.9990234375,1.0,0.9892566204071045,0.8912897109985352,0.9533926248550415,0.9413621425628662,0.8918589353561401,0.9367401003837585,0.997990071773529,0.9996077418327332
4749,validation,,,,1.5452488732337952,4.689138482874342,0.5410498046875,,0.22531953901052476,,0.5,0.9459576892852783,0.972266845703125,7.778134765625,0.972266845703125,0.027733154296875,0.11405132085084915,,,,,,,,4.416804707609117,1.0,0.9999853372573853,0.9995068311691284,0.9884863495826721,0.8616015911102295,0.9285547137260437,1.0,1.0,0.9893158078193665,0.8939064741134644,0.9488056302070618,0.9343106746673584,0.8756127953529358,0.927804172039032,0.9981705546379089,0.99973464012146
4760,train,1.3801558017730713,3.975520972462365,0.56982421875,,,,1.4007282257080078,0.20572414994239807,0.1,0.5,0.9497433304786682,0.951629638671875,7.613037109375,0.951629638671875,0.048370361328125,0.11367586255073547,3.158182055184696e-05,0.8518375754356384,0.006310351192951202,0.8518142104148865,19501056,0.33839479088783264,12104.205236887636,,0.99072265625,0.900146484375,0.956787109375,0.94580078125,0.879638671875,0.941650390625,0.998291015625,1.0,0.9892430901527405,0.8939865827560425,0.9543577432632446,0.9415057897567749,0.8806236386299133,0.9407297968864441,0.9978680610656738,0.9996320605278015
4780,train,1.378197193145752,3.9677421031546207,0.572021484375,,,,1.3984225988388062,0.20225417613983154,0.1,0.5,0.9486245512962341,0.947601318359375,7.580810546875,0.947601318359375,0.052398681640625,0.11726580560207367,3.1328574652881767e-05,0.8645168542861938,0.005948831792920828,0.8644964098930359,19582976,0.3281846670433879,12480.778084182968,,0.986083984375,0.887451171875,0.94970703125,0.942626953125,0.878662109375,0.938232421875,0.998291015625,0.999755859375,0.9892634749412537,0.8910204172134399,0.9515712857246399,0.9378620386123657,0.880441427230835,0.941402018070221,0.9977995157241821,0.9996362328529358
4800,train,1.4130208492279053,4.108347375506162,0.571044921875,,,,1.4333218336105347,0.20300988852977753,0.1,0.5,0.949840247631073,0.94842529296875,7.58740234375,0.94842529296875,0.05157470703125,0.11583367735147476,3.109730736301406e-05,0.9158593416213989,0.006225592456758022,0.9158381819725037,19664896,0.3867609999142587,10590.519729000713,,0.9912109375,0.8798828125,0.948486328125,0.940185546875,0.88818359375,0.94140625,0.998046875,1.0,0.9892131090164185,0.8871800303459167,0.9531382918357849,0.9416564702987671,0.8911833763122559,0.9386861324310303,0.9980169534683228,0.9996479153633118
4820,train,1.3452789783477783,3.8392574609143506,0.576171875,,,,1.3658111095428467,0.20532095432281494,0.1,0.5,0.950050950050354,0.95147705078125,7.61181640625,0.95147705078125,0.04852294921875,0.11427877098321915,3.088805670782293e-05,0.8033397197723389,0.00642850948497653,0.8033139705657959,19746816,0.3615506668575108,11328.979242663814,,0.989501953125,0.90234375,0.95361328125,0.94287109375,0.894775390625,0.93212890625,0.996826171875,0.999755859375,0.989263117313385,0.8969196081161499,0.9536741971969604,0.9419576525688171,0.889950156211853,0.9312821626663208,0.9977617263793945,0.9995990991592407
4840,train,1.3690706491470337,3.9316950728860105,0.5673828125,,,,1.3894628286361694,0.203921377658844,0.1,0.5,0.9495686292648315,0.94976806640625,7.59814453125,0.94976806640625,0.05023193359375,0.11690239608287811,3.070085709285425e-05,0.8844519853591919,0.006854624953120947,0.8844254016876221,19828736,0.3926846249960363,10430.762345333344,,0.98779296875,0.888916015625,0.950439453125,0.94287109375,0.8955078125,0.93603515625,0.997314453125,0.999267578125,0.9891205430030823,0.8852227330207825,0.9528407454490662,0.9417728781700134,0.892261803150177,0.937904953956604,0.9978256821632385,0.9995999932289124
4860,train,1.3821784257888794,3.983570094085882,0.568603515625,,,,1.4025764465332031,0.2039799690246582,0.1,0.5,0.9493070244789124,0.94964599609375,7.59716796875,0.94964599609375,0.05035400390625,0.11661951243877411,3.0535739297963565e-05,0.8667045831680298,0.0064017572440207005,0.866680920124054,19910656,0.3232143339700997,12672.705290288635,,0.99072265625,0.893798828125,0.947265625,0.946533203125,0.882568359375,0.937744140625,0.998779296875,0.999755859375,0.9892269968986511,0.8883956670761108,0.9507662057876587,0.9409838914871216,0.8887994885444641,0.9388964176177979,0.9978157877922058,0.9995717406272888
4880,train,1.395294427871704,4.036162756516646,0.569580078125,,,,1.4156140089035034,0.20319566130638123,0.1,0.5,0.949178159236908,0.948822021484375,7.590576171875,0.948822021484375,0.051177978515625,0.11649444699287415,3.0392730472255136e-05,0.8848366141319275,0.012167871929705143,0.8847529888153076,19992576,0.4083853750489652,10029.742126560952,,0.987548828125,0.888671875,0.94677734375,0.94482421875,0.88671875,0.93896484375,0.997802734375,0.999267578125,0.9892230033874512,0.8910722732543945,0.9515150785446167,0.9393298029899597,0.8858760595321655,0.9388622045516968,0.9979135990142822,0.9996331930160522
4900,train,1.4282399415969849,4.1713509059000735,0.557373046875,,,,1.4485957622528076,0.20355793833732605,0.1,0.5,0.9496892690658569,0.94921875,7.59375,0.94921875,0.05078125,0.11626877635717392,3.0271854129618143e-05,0.9568051695823669,0.007015475537627935,0.956779420375824,20074496,0.3429117910563946,11944.76278398482,,0.98828125,0.886962890625,0.952392578125,0.947021484375,0.887939453125,0.935546875,0.996337890625,0.999267578125,0.9891354441642761,0.8900929689407349,0.9511390924453735,0.9426980018615723,0.8886356353759766,0.9385305643081665,0.9976818561553955,0.9996006488800049
4920,train,1.4069828987121582,4.083616115548532,0.558837890625,,,,1.427207350730896,0.20224404335021973,0.1,0.5,0.9478159546852112,0.947601318359375,7.580810546875,0.947601318359375,0.052398681640625,0.1200406476855278,3.0173130144860357e-05,0.9199779033660889,0.006199344526976347,0.9199570417404175,20156416,0.3625927921384573,11296.418706624285,,0.988037109375,0.88232421875,0.950439453125,0.932861328125,0.885498046875,0.944580078125,0.997802734375,0.999267578125,0.9892421960830688,0.8843588829040527,0.9483757019042969,0.9361673593521118,0.8842249512672424,0.9426522850990295,0.9978334903717041,0.9996734857559204
4940,train,1.3924477100372314,4.024689278640115,0.56884765625,,,,1.4129220247268677,0.2047436535358429,0.1,0.5,0.9491057991981506,0.95068359375,7.60546875,0.95068359375,0.04931640625,0.11564666777849197,3.00965747504403e-05,0.8876833319664001,0.006385121960192919,0.8876603841781616,20238336,0.33414474967867136,12258.160584414085,,0.990478515625,0.8974609375,0.951171875,0.94140625,0.8896484375,0.937744140625,0.997802734375,0.999755859375,0.9892419576644897,0.8945778608322144,0.9512743949890137,0.9390099048614502,0.8859719038009644,0.9351986646652222,0.997957706451416,0.9996137022972107
4960,train,1.4047966003417969,4.074697864820805,0.563720703125,,,,1.4251333475112915,0.20336765050888062,0.1,0.5,0.9498417973518372,0.949066162109375,7.592529296875,0.949066162109375,0.050933837890625,0.11586795002222061,3.0042200533798295e-05,0.9219021201133728,0.008478553965687752,0.9218631386756897,20320256,0.38284104177728295,10698.95740797519,,0.98828125,0.89208984375,0.94873046875,0.942626953125,0.888671875,0.934326171875,0.99853515625,0.999267578125,0.9892294406890869,0.8901468515396118,0.9524154663085938,0.9425519704818726,0.8904646635055542,0.936467707157135,0.9978287816047668,0.9996290802955627
4980,train,1.3856797218322754,3.997542198257671,0.573486328125,,,,1.4063007831573486,0.20621034502983093,0.1,0.5,0.9511096477508545,0.9522705078125,7.6181640625,0.9522705078125,0.0477294921875,0.1131930947303772,3.001001643528678e-05,0.9342440366744995,0.006348822265863419,0.9342224597930908,20402176,0.354909332934767,11540.975736337856,,0.989990234375,0.893798828125,0.95556640625,0.947021484375,0.889404296875,0.944091796875,0.998779296875,0.99951171875,0.9892592430114746,0.891308069229126,0.9545290470123291,0.9441615343093872,0.8877972364425659,0.9439769983291626,0.9981826543807983,0.9996623992919922
4999,train,1.489161729812622,4.433377592642664,0.546875,,,,1.509475827217102,0.20314091444015503,0.1,0.5,0.9492379426956177,0.94854736328125,7.58837890625,0.94854736328125,0.05145263671875,0.11689867079257965,2.9999999999999997e-05,0.9563442468643188,0.006134499330073595,0.956324577331543,20480000,0.346004624851048,11837.992055057914,,0.98681640625,0.88330078125,0.957275390625,0.933349609375,0.882080078125,0.947265625,0.99853515625,0.999755859375,0.9891567826271057,0.8870822191238403,0.9513751268386841,0.9379187822341919,0.8806017637252808,0.9500249624252319,0.998093843460083,0.9996501803398132
4999,validation,,,,1.539698133468628,4.663182399808036,0.5419970703125,,0.22435142129659652,,0.5,0.9444943487644195,0.971177978515625,7.769423828125,0.971177978515625,0.028822021484375,0.11501503318548202,,,,,,,,4.7594332080334425,1.0,0.9999804496765137,0.9995947480201721,0.9836279153823853,0.8596532940864563,0.9265673756599426,1.0,1.0,0.9893819689750671,0.8944579362869263,0.946745753288269,0.9308322072029114,0.8710299134254456,0.9258220791816711,0.9979534149169922,0.9997316598892212
