step,split,train_loss,train_perplexity,train_accuracy,val_loss,val_perplexity,val_accuracy,total_loss,density_loss,lambda_density,target_density,mean_soft_gate,mean_hard_gate,layers_per_token,compute_fraction,skip_fraction,routing_entropy,learning_rate,gradient_norm,router_gradient_norm,transformer_gradient_norm,tokens_processed,seconds_per_step,tokens_per_second,validation_time_sec,layer_0_density,layer_1_density,layer_2_density,layer_3_density,layer_4_density,layer_5_density,layer_6_density,layer_7_density,layer_0_soft_probability,layer_1_soft_probability,layer_2_soft_probability,layer_3_soft_probability,layer_4_soft_probability,layer_5_soft_probability,layer_6_soft_probability,layer_7_soft_probability
0,train,4.208095073699951,67.22835269821559,0.0166015625,,,,4.208095073699951,0.15702682733535767,0.0,0.5,0.9000154733657837,0.896240234375,7.169921875,0.896240234375,0.103759765625,0.3250488042831421,2.9999999999999997e-05,6.060532569885254,0.010764732956886292,6.06052303314209,4096,0.9484172500669956,4318.774252272047,,0.89013671875,0.895751953125,0.9033203125,0.893310546875,0.890380859375,0.901611328125,0.897216796875,0.898193359375,0.8999929428100586,0.9000023007392883,0.9001510143280029,0.8999938368797302,0.8999278545379639,0.8999980688095093,0.9000354409217834,0.9000226855278015
20,train,3.4231185913085938,30.66489734082462,0.1552734375,,,,3.4231185913085938,0.16204006969928741,0.0,0.5,0.9005537033081055,0.90252685546875,7.22021484375,0.90252685546875,0.09747314453125,0.3238644599914551,6.599999999999999e-05,1.012804388999939,0.01044840645045042,1.012750506401062,86016,0.42596683325245976,9615.772121798986,,0.899169921875,0.9033203125,0.9091796875,0.90380859375,0.899169921875,0.90234375,0.89794921875,0.9052734375,0.9001761674880981,0.9003347158432007,0.9006941318511963,0.9005687832832336,0.900550365447998,0.9005669355392456,0.9006882309913635,0.9008500576019287
40,train,3.00441837310791,20.174478663590502,0.2353515625,,,,3.00441837310791,0.1602933704853058,0.0,0.5,0.901943027973175,0.900360107421875,7.202880859375,0.900360107421875,0.099639892578125,0.3207915425300598,0.00012599999999999997,1.2697421312332153,0.04874088987708092,1.2688062191009521,167936,0.30039841681718826,13635.224990192539,,0.90185546875,0.90283203125,0.903564453125,0.89794921875,0.901123046875,0.898193359375,0.900390625,0.89697265625,0.9010785818099976,0.9016032814979553,0.9021768569946289,0.902004599571228,0.9020910263061523,0.9019128680229187,0.9023245573043823,0.9023522138595581
60,train,2.786713123321533,16.227593947696295,0.246826171875,,,,2.786713123321533,0.16204190254211426,0.0,0.5,0.9057719111442566,0.902496337890625,7.219970703125,0.902496337890625,0.097503662109375,0.3121795952320099,0.000186,1.7123991250991821,0.05896410346031189,1.711383581161499,249856,0.3019496249035001,13565.176645968804,,0.900634765625,0.897216796875,0.908447265625,0.91162109375,0.893798828125,0.899658203125,0.91015625,0.8984375,0.9028283357620239,0.9040511250495911,0.9050828814506531,0.905221700668335,0.9059900045394897,0.9066201448440552,0.9079275131225586,0.9084533452987671
80,train,2.665688991546631,14.377852352859723,0.256103515625,,,,2.665688991546631,0.17150217294692993,0.0,0.5,0.9139854311943054,0.9140625,7.3125,0.9140625,0.0859375,0.29289233684539795,0.00024599999999999996,1.0575649738311768,0.046349506825208664,1.056548833847046,331776,0.3060513329692185,13383.375789485486,,0.90185546875,0.907958984375,0.915283203125,0.912841796875,0.918701171875,0.908935546875,0.920166015625,0.9267578125,0.9054213166236877,0.9083876013755798,0.9106719493865967,0.912126898765564,0.914722204208374,0.9172911047935486,0.9207962155342102,0.9224662780761719
100,train,2.5678436756134033,13.03768063954931,0.264892578125,,,,2.5678436756134033,0.18126657605171204,0.0,0.5,0.925841748714447,0.92559814453125,7.40478515625,0.92559814453125,0.07440185546875,0.26302075386047363,0.0002999999722532997,0.8155679106712341,0.026880117133259773,0.8151248097419739,413696,0.30946116615086794,13235.9095357481,,0.9091796875,0.906982421875,0.92431640625,0.922607421875,0.932373046875,0.931640625,0.93994140625,0.937744140625,0.9091217517852783,0.9151670932769775,0.9204598069190979,0.9237703680992126,0.929196834564209,0.9328997135162354,0.9377885460853577,0.9383297562599182
120,train,2.5639262199401855,12.98670601416998,0.263427734375,,,,2.5639262199401855,0.19114744663238525,0.0,0.5,0.9368246793746948,0.93701171875,7.49609375,0.93701171875,0.06298828125,0.23329243063926697,0.0002999877638895945,0.9001932740211487,0.031224409118294716,0.8996515870094299,495616,0.33815716626122594,12112.710918673378,,0.91259765625,0.9228515625,0.937744140625,0.932861328125,0.945556640625,0.94091796875,0.95361328125,0.949951171875,0.9139803647994995,0.924238383769989,0.9328094720840454,0.937267005443573,0.9437016844749451,0.9446972608566284,0.9496530294418335,0.9482500553131104
140,train,2.522991418838501,12.465831466451915,0.269287109375,,,,2.522991418838501,0.19876456260681152,0.0,0.5,0.9470332264900208,0.945709228515625,7.565673828125,0.945709228515625,0.054290771484375,0.20438292622566223,0.0002999533604809292,0.8106399178504944,0.028759298846125603,0.8101296424865723,577536,0.30958408303558826,13230.654366455732,,0.9228515625,0.936767578125,0.944091796875,0.947998046875,0.951904296875,0.952392578125,0.9560546875,0.95361328125,0.9198477268218994,0.9345415830612183,0.9451463222503662,0.9505971670150757,0.9558607935905457,0.9549950957298279,0.9581260681152344,0.9571508169174194
160,train,2.4665279388427734,11.781469771778653,0.278564453125,,,,2.4665279388427734,0.2085733413696289,0.0,0.5,0.955462634563446,0.956512451171875,7.652099609375,0.956512451171875,0.043487548828125,0.17890769243240356,0.0002998967676840031,0.8039930462837219,0.028036007657647133,0.8035040497779846,659456,0.3119705826975405,13129.443053837946,,0.928466796875,0.9423828125,0.96044921875,0.95751953125,0.96826171875,0.965576171875,0.96435546875,0.965087890625,0.9265498518943787,0.9448380470275879,0.9568104147911072,0.9626901745796204,0.9630855917930603,0.9626660346984863,0.9635483026504517,0.9635128378868103
180,train,2.455214738845825,11.648934759121623,0.278564453125,,,,2.455214738845825,0.21565181016921997,0.0,0.5,0.963973879814148,0.9642333984375,7.7138671875,0.9642333984375,0.0357666015625,0.15207155048847198,0.0002998179948039535,0.610120415687561,0.022509915754199028,0.6097050309181213,741376,0.2907054997049272,14089.860715251465,,0.936279296875,0.955322265625,0.968994140625,0.9736328125,0.97265625,0.96923828125,0.9677734375,0.969970703125,0.9338390231132507,0.9559493064880371,0.9679640531539917,0.9737197756767273,0.9718024730682373,0.968956470489502,0.9702810049057007,0.9692789316177368
200,train,2.468820571899414,11.808511345191215,0.27978515625,,,,2.468820571899414,0.2229810208082199,0.0,0.5,0.9704344272613525,0.9720458984375,7.7763671875,0.9720458984375,0.0279541015625,0.1305745542049408,0.00029971705479282546,0.9097771048545837,0.033901724964380264,0.9091452956199646,823296,0.380021917168051,10778.325709537146,,0.94140625,0.966796875,0.97705078125,0.981689453125,0.979736328125,0.98046875,0.9755859375,0.9736328125,0.9408453106880188,0.9645837545394897,0.9754767417907715,0.9791463017463684,0.9780347347259521,0.9761649370193481,0.9749016761779785,0.9743220806121826
220,train,2.4229736328125,11.279350141176804,0.27587890625,,,,2.4229736328125,0.2272249162197113,0.0,0.5,0.9757548570632935,0.9765625,7.8125,0.9765625,0.0234375,0.11163705587387085,0.00029959396424744254,0.6766631007194519,0.0242647435516119,0.6762279272079468,905216,0.3131940420717001,13078.154274283082,,0.9501953125,0.973388671875,0.981201171875,0.983642578125,0.986328125,0.981689453125,0.97900390625,0.97705078125,0.9488820433616638,0.9736180901527405,0.9818930625915527,0.9839462041854858,0.9835250377655029,0.9798421263694763,0.977999210357666,0.9763332605361938
240,train,2.443143367767334,11.50916146988199,0.2900390625,,,,2.443143367767334,0.23094341158866882,0.0,0.5,0.9805895090103149,0.98046875,7.84375,0.98046875,0.01953125,0.09329132735729218,0.0002994487434066776,0.6375756859779358,0.02680758573114872,0.6370118856430054,987136,0.3035897081717849,13491.89346590859,,0.956787109375,0.9873046875,0.9873046875,0.989013671875,0.984130859375,0.980224609375,0.978271484375,0.980712890625,0.9570375680923462,0.9828457832336426,0.98805832862854,0.9879816770553589,0.9875592589378357,0.9827611446380615,0.9793542623519897,0.9791176319122314
249,validation,,,,2.4192238569259645,11.237134305428846,0.2963134765625,,0.25,,0.5,0.9820380175113678,1.0,8.0,1.0,0.0,0.08752064421772957,,,,,,,,4.739700292237103,1.0,1.0,1.0,1.0,1.0,1.0,1.0,1.0,0.9603878855705261,0.9848000407218933,0.9889270067214966,0.9892987012863159,0.9890101552009583,0.9837704300880432,0.9802876114845276,0.9798219799995422
260,train,2.3975563049316406,10.996271985340254,0.302734375,,,,2.3975563049316406,0.23478686809539795,0.0,0.5,0.9841848611831665,0.984466552734375,7.875732421875,0.984466552734375,0.015533447265625,0.07901377975940704,0.00029928141614812506,0.8083515167236328,0.026897136121988297,0.8079038858413696,1069056,0.312774958088994,13095.677560076798,,0.963623046875,0.988037109375,0.99169921875,0.99169921875,0.99267578125,0.9833984375,0.9833984375,0.981201171875,0.9645179510116577,0.9880673885345459,0.9911384582519531,0.9908853769302368,0.9905779361724854,0.9851223230361938,0.9825175404548645,0.98065185546875
280,train,2.402893543243408,11.055118609001628,0.29541015625,,,,2.402893543243408,0.23602017760276794,0.0,0.5,0.9869531393051147,0.985748291015625,7.885986328125,0.985748291015625,0.014251708984375,0.06751790642738342,0.00029909200998417515,0.8193953633308411,0.012241438031196594,0.8193039298057556,1150976,0.3192565003409982,12829.80924624889,,0.96630859375,0.989013671875,0.9931640625,0.992431640625,0.99267578125,0.986083984375,0.983642578125,0.982666015625,0.9710620641708374,0.9914720058441162,0.9933359622955322,0.9926994442939758,0.992625892162323,0.9874188899993896,0.9849447011947632,0.9820657968521118
300,train,2.383568286895752,10.843526726760224,0.299072265625,,,,2.383568286895752,0.23979854583740234,0.0,0.5,0.9897753000259399,0.989654541015625,7.917236328125,0.989654541015625,0.010345458984375,0.05532607063651085,0.00029888055605748994,0.874980628490448,0.01631653681397438,0.8748284578323364,1232896,0.30912100011482835,13250.474728272973,,0.9755859375,0.9951171875,0.995849609375,0.99169921875,0.992919921875,0.9912109375,0.988525390625,0.986328125,0.9769343137741089,0.9944172501564026,0.9949102401733398,0.9940704107284546,0.9940794706344604,0.9902678728103638,0.9885527491569519,0.984969973564148
320,train,2.361626386642456,10.608190449244036,0.3076171875,,,,2.361626386642456,0.2422686666250229,0.0,0.5,0.9920187592506409,0.9921875,7.9375,0.9921875,0.0078125,0.045079536736011505,0.00029864708913588306,0.6737436056137085,0.018720664083957672,0.6734834909439087,1314816,0.3043256658129394,13459.265714767871,,0.982421875,0.997314453125,0.99560546875,0.996337890625,0.99365234375,0.99072265625,0.99169921875,0.98974609375,0.9819369316101074,0.9963923096656799,0.9959438443183899,0.9952487945556641,0.9954370856285095,0.9923046231269836,0.990576982498169,0.9883095026016235
340,train,2.336472988128662,10.344686312608813,0.322021484375,,,,2.336472988128662,0.2434038519859314,0.0,0.5,0.9936237335205078,0.99334716796875,7.94677734375,0.99334716796875,0.00665283203125,0.037489153444767,0.0002983916476066029,0.94205242395401,0.030323054641485214,0.9415642619132996,1396736,0.49144654208794236,8334.57894036222,,0.987060546875,0.99609375,0.99462890625,0.99755859375,0.996337890625,0.99462890625,0.991455078125,0.989013671875,0.9859523773193359,0.9972832202911377,0.9966980218887329,0.995959460735321,0.996414840221405,0.9936413764953613,0.9919342398643494,0.9911060333251953
360,train,2.286701202392578,9.842415931204561,0.32763671875,,,,2.286701202392578,0.24517947435379028,0.0,0.5,0.9948487281799316,0.995147705078125,7.961181640625,0.995147705078125,0.004852294921875,0.03139686957001686,0.0002981142734700209,0.7752007246017456,0.013177185319364071,0.7750887274742126,1478656,0.2946167499758303,13902.807631731823,,0.989990234375,0.9970703125,0.998291015625,0.9970703125,0.998291015625,0.993896484375,0.99462890625,0.991943359375,0.9890540838241577,0.9977974891662598,0.997421145439148,0.9965294599533081,0.9972211718559265,0.9948363900184631,0.9933087825775146,0.9926211833953857
380,train,2.2528622150421143,9.514930676759958,0.329833984375,,,,2.2528622150421143,0.2462378740310669,0.0,0.5,0.9959326982498169,0.9962158203125,7.9697265625,0.9962158203125,0.0037841796875,0.02580321952700615,0.0002978150123327258,0.7221648097038269,0.019048817455768585,0.7219135165214539,1560576,0.3213582909666002,12745.89800586695,,0.9912109375,0.999755859375,0.998779296875,0.99755859375,0.997802734375,0.995361328125,0.99658203125,0.99267578125,0.9915765523910522,0.9982065558433533,0.9979227185249329,0.9971657991409302,0.9977118968963623,0.9956697225570679,0.995059609413147,0.9941490888595581
400,train,2.2704763412475586,9.684012610239403,0.32861328125,,,,2.2704763412475586,0.24611501395702362,0.0,0.5,0.9967027902603149,0.99609375,7.96875,0.99609375,0.00390625,0.02168603241443634,0.0002974939134000249,0.741362452507019,0.005581499543040991,0.7413414120674133,1642496,0.3171008750796318,12917.025217831373,,0.9921875,0.998046875,0.997802734375,0.997802734375,0.998046875,0.998046875,0.99267578125,0.994140625,0.9938749670982361,0.9984346628189087,0.998353123664856,0.9975517988204956,0.9981006383895874,0.9963151216506958,0.9957617521286011,0.9952303171157837
420,train,2.190176010131836,8.936785941149685,0.351318359375,,,,2.190176010131836,0.24777930974960327,0.0,0.5,0.9973397254943848,0.997772216796875,7.982177734375,0.997772216796875,0.002227783203125,0.01808210462331772,0.0002971510294678535,0.8270220160484314,0.02683805674314499,0.8265864253044128,1724416,0.31612991681322455,12956.698439964457,,0.9951171875,0.9990234375,0.99951171875,0.998291015625,0.999267578125,0.997802734375,0.996826171875,0.996337890625,0.9951111078262329,0.9987189173698425,0.9985822439193726,0.997964084148407,0.9983972311019897,0.9969340562820435,0.996635913848877,0.9963743686676025
440,train,2.2188472747802734,9.196723458274485,0.35009765625,,,,2.2188472747802734,0.24787014722824097,0.0,0.5,0.9978020787239075,0.99786376953125,7.98291015625,0.99786376953125,0.00213623046875,0.015401629731059074,0.00029678641691409396,0.7532784342765808,0.004405290354043245,0.7532655596733093,1806336,0.30715970881283283,13335.082312165785,,0.995361328125,0.999267578125,0.9990234375,0.998779296875,0.9990234375,0.99658203125,0.996826171875,0.998046875,0.9963153600692749,0.9989060163497925,0.9987328052520752,0.9982025623321533,0.9985798597335815,0.9973450303077698,0.9973025321960449,0.997032642364502
460,train,2.2451186180114746,9.441535426198202,0.338623046875,,,,2.2451186180114746,0.24789923429489136,0.0,0.5,0.9980756044387817,0.997894287109375,7.983154296875,0.997894287109375,0.002105712890625,0.013701009564101696,0.0002964001356893063,0.8181798458099365,0.003636460518464446,0.8181717395782471,1888256,0.33967341715469956,12058.64160436945,,0.996337890625,0.99853515625,0.998291015625,0.998779296875,0.998291015625,0.997802734375,0.997802734375,0.997314453125,0.997174859046936,0.9990527629852295,0.9988225102424622,0.998437762260437,0.9986000061035156,0.9973891377449036,0.9976524114608765,0.9974750280380249
480,train,2.19999623298645,9.024979502150016,0.352783203125,,,,2.19999623298645,0.24826398491859436,0.0,0.5,0.9983896613121033,0.998260498046875,7.986083984375,0.998260498046875,0.001739501953125,0.01182039175182581,0.00029599224930687063,0.7777234315872192,0.00849465187638998,0.777677059173584,1970176,0.2989868330769241,13699.59993838983,,0.99853515625,0.99853515625,0.998291015625,0.998046875,0.99951171875,0.996826171875,0.998291015625,0.998046875,0.9977260231971741,0.9991849660873413,0.9989374876022339,0.9986534118652344,0.9988639950752258,0.997785210609436,0.998100757598877,0.9978651404380798
499,validation,,,,2.1639443254470825,8.705406987649143,0.3602783203125,,0.25,,0.5,0.9986615908145905,1.0,8.0,1.0,0.0,0.010077044088393449,,,,,,,,4.658481624908745,1.0,1.0,1.0,1.0,1.0,1.0,1.0,1.0,0.998206615447998,0.999321699142456,0.999064028263092,0.9988292455673218,0.9989680647850037,0.9981145262718201,0.9985160827636719,0.9982724785804749
500,train,2.164444923400879,8.709765987536306,0.360595703125,,,,2.164444923400879,0.24890267848968506,0.0,0.5,0.9986615180969238,0.9989013671875,7.9912109375,0.9989013671875,0.0010986328125,0.010084095411002636,0.00029556282483254393,0.7575050592422485,0.007110129110515118,0.7574716806411743,2052096,0.21115054190158844,19398.482064559583,,0.998779296875,0.9990234375,0.999267578125,0.998779296875,0.99951171875,0.998779296875,0.99853515625,0.99853515625,0.9981800317764282,0.9993152618408203,0.9990639686584473,0.998833954334259,0.9989752173423767,0.998123824596405,0.9985214471817017,0.998279333114624
520,train,2.166895627975464,8.73113722748706,0.3525390625,,,,2.167393445968628,0.24890312552452087,0.0019999999999999953,0.5,0.9988827109336853,0.9989013671875,7.9912109375,0.9989013671875,0.0010986328125,0.00863933190703392,0.00029511193287343353,0.9012040495872498,0.021493244916200638,0.9009476900100708,2134016,0.31214920803904533,13121.929815973295,,0.9970703125,0.99951171875,0.99853515625,0.999267578125,0.9990234375,0.99951171875,0.999267578125,0.9990234375,0.9986175298690796,0.9993817210197449,0.9991553425788879,0.9990474581718445,0.9991394281387329,0.9984816908836365,0.9987567663192749,0.9984819293022156
540,train,2.1299428939819336,8.414386285624557,0.371826171875,,,,2.130939483642578,0.24917694926261902,0.0039999999999999975,0.5,0.9990653395652771,0.999176025390625,7.993408203125,0.999176025390625,0.000823974609375,0.007382737472653389,0.00029463964756638725,0.7405284643173218,0.0030442310962826014,0.7405222058296204,2215936,0.3345238328911364,12244.269607340519,,0.999755859375,0.99951171875,0.99951171875,0.99951171875,0.9990234375,0.998046875,0.9990234375,0.9990234375,0.9989650249481201,0.9994211196899414,0.9993036985397339,0.9991714954376221,0.9992738962173462,0.9986334443092346,0.9989640116691589,0.9987901449203491
560,train,2.046034336090088,7.737157221482081,0.396484375,,,,2.047528028488159,0.24896353483200073,0.005999999999999999,0.5,0.9991907477378845,0.99896240234375,7.99169921875,0.99896240234375,0.00103759765625,0.00651760958135128,0.0002941460465658037,0.8238270282745361,0.002993673086166382,0.8238216042518616,2297856,0.2960109580308199,13837.325574864479,,0.998779296875,0.998779296875,0.99853515625,0.999267578125,0.999267578125,0.9990234375,0.9990234375,0.9990234375,0.9991001486778259,0.9994807839393616,0.9994282126426697,0.9992387294769287,0.9993754029273987,0.9987911581993103,0.9991177320480347,0.998993456363678
580,train,2.0892343521118164,8.078727335234781,0.37890625,,,,2.09122896194458,0.24932923913002014,0.008000000000000002,0.5,0.9992817044258118,0.99932861328125,7.99462890625,0.99932861328125,0.00067138671875,0.005877810530364513,0.00029363121103086404,0.7553940415382385,0.0024526831693947315,0.7553900480270386,2379776,0.31270104134455323,13098.773136117496,,0.999267578125,1.0,0.999755859375,0.999755859375,0.9990234375,0.998779296875,0.9990234375,0.9990234375,0.9992959499359131,0.9995154738426208,0.9994627833366394,0.9992849826812744,0.9993785619735718,0.9989897012710571,0.9992297887802124,0.9990965723991394
600,train,2.035917282104492,7.659274619724156,0.399658203125,,,,2.038411855697632,0.24945113062858582,0.009999999999999997,0.5,0.999341607093811,0.99945068359375,7.99560546875,0.99945068359375,0.00054931640625,0.0054489802569150925,0.0002930952256121879,0.8332335948944092,0.017919601872563362,0.8330408930778503,2461696,0.2997165829874575,13666.244153635665,,0.998779296875,0.999755859375,0.999755859375,0.998779296875,0.99951171875,0.999755859375,0.99951171875,0.999755859375,0.999423623085022,0.9995315074920654,0.9994986653327942,0.9993790984153748,0.9993363618850708,0.9990642070770264,0.9993270635604858,0.999171793460846
620,train,2.0606439113616943,7.851023546327226,0.401123046875,,,,2.063636541366577,0.24939018487930298,0.011999999999999999,0.5,0.9994101524353027,0.9993896484375,7.9951171875,0.9993896484375,0.0006103515625,0.004945398308336735,0.0002925381784379147,0.8071756362915039,0.002701797755435109,0.807171106338501,2543616,0.322823291644454,12688.05599228939,,0.999755859375,1.0,0.99951171875,0.99951171875,0.9990234375,0.998779296875,0.999755859375,0.998779296875,0.9995681047439575,0.9995948076248169,0.9995318651199341,0.9994335174560547,0.9993372559547424,0.9991096258163452,0.9994335174560547,0.9992725849151611
640,train,2.0383505821228027,7.677934626286654,0.395751953125,,,,2.041841506958008,0.24935966730117798,0.014,0.5,0.9994555711746216,0.999359130859375,7.994873046875,0.999359130859375,0.000640869140625,0.004601071123033762,0.0002919601610992131,0.930792510509491,0.004279353190213442,0.930782675743103,2625536,0.2782785831950605,14719.063008628631,,0.999755859375,0.999267578125,0.999755859375,0.99951171875,0.99951171875,0.998779296875,0.99951171875,0.998779296875,0.9996145963668823,0.9996302723884583,0.9995354413986206,0.9994757175445557,0.9994007349014282,0.9992014169692993,0.9994806051254272,0.9993056058883667
660,train,2.055586099624634,7.8114147985188795,0.38916015625,,,,2.059579849243164,0.2496034801006317,0.016000000000000004,0.5,0.9995142221450806,0.999603271484375,7.996826171875,0.999603271484375,0.000396728515625,0.004166071768850088,0.00029136126863522205,0.7810808420181274,0.0024854077491909266,0.7810768485069275,2707456,0.30298124998807907,13518.988386776933,,0.999755859375,0.99951171875,0.999755859375,0.999755859375,0.999267578125,0.999267578125,1.0,0.99951171875,0.9997069239616394,0.9996514320373535,0.9995511770248413,0.9995449781417847,0.9994496703147888,0.9993273615837097,0.999540388584137,0.9993417263031006
680,train,2.0514683723449707,7.779315655823234,0.401123046875,,,,2.0559606552124023,0.2495729625225067,0.018000000000000006,0.5,0.9995144009590149,0.99957275390625,7.99658203125,0.99957275390625,0.00042724609375,0.004037910141050816,0.00029074159951742346,0.8008376955986023,0.008472489193081856,0.8007928729057312,2789376,0.3142252089455724,13035.23677729331,,0.999267578125,0.999755859375,0.999267578125,0.99951171875,0.999755859375,0.99951171875,0.999755859375,0.999755859375,0.9997197389602661,0.9996901154518127,0.9995484948158264,0.9995852112770081,0.9994040727615356,0.999333381652832,0.9995297193527222,0.9993041157722473
700,train,1.9920015335083008,7.330190711560317,0.406494140625,,,,1.996989369392395,0.24939021468162537,0.020000000000000007,0.5,0.999508261680603,0.9993896484375,7.9951171875,0.9993896484375,0.0006103515625,0.003905379679054022,0.0002901012556334517,0.8044840693473816,0.00769964512437582,0.8044472336769104,2871296,0.30625158408656716,13374.624696936087,,0.999267578125,1.0,0.9990234375,0.99951171875,0.999755859375,0.999755859375,0.999267578125,0.99853515625,0.999747097492218,0.9996919631958008,0.9995510578155518,0.9995988607406616,0.9994051456451416,0.9992973208427429,0.9994421005249023,0.9993324279785156
720,train,2.0038721561431885,7.417723143714781,0.40966796875,,,,2.0093674659729004,0.24978643655776978,0.021999999999999995,0.5,0.9995883703231812,0.999786376953125,7.998291015625,0.999786376953125,0.000213623046875,0.003444146830588579,0.00028944034227034083,0.8109230399131775,0.002306378446519375,0.8109197616577148,2953216,0.30653420789167285,13362.293325016108,,0.999755859375,1.0,0.999755859375,0.999755859375,1.0,0.999755859375,0.99951171875,0.999755859375,0.9997851848602295,0.999706506729126,0.9995937347412109,0.9996561408042908,0.9994862675666809,0.9993781447410583,0.9996041059494019,0.9994962811470032
740,train,1.94722580909729,7.009215681316339,0.42724609375,,,,1.953210473060608,0.2493598461151123,0.023999999999999997,0.5,0.9994233250617981,0.999359130859375,7.994873046875,0.999359130859375,0.000640869140625,0.0037209298461675644,0.00028875896809721314,0.9879933595657349,0.005755247548222542,0.987976610660553,3035136,0.30240470822900534,13544.762659244634,,0.999755859375,0.999755859375,0.99951171875,1.0,0.99853515625,0.99853515625,0.999755859375,0.9990234375,0.9998091459274292,0.9997233748435974,0.9995989799499512,0.9996588230133057,0.9994081258773804,0.9990407228469849,0.9991030693054199,0.9990442395210266
749,validation,,,,2.0108489179611206,7.469655781489528,0.4049658203125,,0.25,,0.5,0.9994612717628479,1.0,8.0,1.0,0.0,0.003669440159574151,,,,,,,,4.820774499792606,1.0,1.0,1.0,1.0,1.0,1.0,1.0,1.0,0.9998254179954529,0.9997245073318481,0.999565601348877,0.9996465444564819,0.9994262456893921,0.9990812540054321,0.9992155432701111,0.9992049336433411
760,train,2.0203375816345215,7.540870163301801,0.393798828125,,,,2.0268280506134033,0.2496339976787567,0.026000000000000002,0.5,0.9996631741523743,0.9996337890625,7.9970703125,0.9996337890625,0.0003662109375,0.00300426478497684,0.00028805724514741114,0.7758311033248901,0.0030805838759988546,0.7758249640464783,3117056,0.32687837490811944,12530.654562729405,,0.999755859375,0.999755859375,1.0,0.999267578125,0.999267578125,0.99951171875,1.0,0.99951171875,0.9998373985290527,0.9997270107269287,0.9995660781860352,0.9997092485427856,0.999598503112793,0.9995104074478149,0.9997532963752747,0.9996030926704407
780,train,1.9314481019973755,6.899494182260592,0.42578125,,,,1.938437819480896,0.24963396787643433,0.028,0.5,0.9996690154075623,0.9996337890625,7.9970703125,0.9996337890625,0.0003662109375,0.002959138248115778,0.0002873352888000772,0.8270056843757629,0.0019306140020489693,0.8270034193992615,3198976,0.29379400005564094,13941.741489697777,,0.99951171875,0.99951171875,0.999267578125,0.999755859375,0.99951171875,0.999755859375,1.0,0.999755859375,0.9998587965965271,0.9997181296348572,0.999568521976471,0.9997336864471436,0.9995777606964111,0.9995459318161011,0.9997541904449463,0.9995953440666199
800,train,1.9733647108078003,7.194844377203665,0.408447265625,,,,1.9808564186096191,0.24972546100616455,0.030000000000000002,0.5,0.9996894001960754,0.999725341796875,7.997802734375,0.999725341796875,0.000274658203125,0.0027826933655887842,0.00028659321776118243,0.7765867114067078,0.002654683543369174,0.7765821814537048,3280896,0.3386842077597976,12093.861792649555,,0.999755859375,0.999267578125,0.999755859375,0.999755859375,0.99951171875,1.0,0.999755859375,1.0,0.9998799562454224,0.9997241497039795,0.9995836019515991,0.9997456669807434,0.9995698928833008,0.9995696544647217,0.9997864961624146,0.999656081199646
820,train,1.9287209510803223,6.8807038540504974,0.42578125,,,,1.936710238456726,0.24966463446617126,0.03200000000000001,0.5,0.9997004270553589,0.999664306640625,7.997314453125,0.999664306640625,0.000335693359375,0.002653514500707388,0.0002858311540440085,0.8527496457099915,0.0043258219957351685,0.852738618850708,3362816,0.3156859581358731,12974.919835481114,,1.0,1.0,0.99951171875,1.0,0.999755859375,0.99853515625,1.0,0.99951171875,0.9998939037322998,0.9997438788414001,0.9996020197868347,0.9997365474700928,0.9995765686035156,0.9995660185813904,0.9997750520706177,0.9997091889381409
840,train,1.8983967304229736,6.675183739491016,0.4345703125,,,,1.9068801403045654,0.24951207637786865,0.034,0.5,0.9997022151947021,0.99951171875,7.99609375,0.99951171875,0.00048828125,0.0026207829359918833,0.0002850492229490863,0.812349259853363,0.0014036870561540127,0.8123480677604675,3444736,0.30716708302497864,13334.762174587944,,1.0,0.999755859375,0.99951171875,0.99951171875,0.9990234375,0.998779296875,0.999755859375,0.999755859375,0.9998962879180908,0.999750018119812,0.9995468258857727,0.9997307062149048,0.999591588973999,0.9995934963226318,0.9997699856758118,0.9997389316558838
860,train,1.8529527187347412,6.378626032358852,0.44580078125,,,,1.8619471788406372,0.24984750151634216,0.03599999999999999,0.5,0.9997150897979736,0.999847412109375,7.998779296875,0.999847412109375,0.000152587890625,0.00256845960393548,0.00028424755304359324,0.8088571429252625,0.014173886738717556,0.8087329864501953,3526656,0.31619320809841156,12954.104943092789,,0.999755859375,1.0,0.999267578125,1.0,1.0,0.999755859375,1.0,1.0,0.9998884797096252,0.9997384548187256,0.9995057582855225,0.9997320175170898,0.9996210336685181,0.999686598777771,0.9997720718383789,0.9997763633728027
880,train,1.920760154724121,6.826145424288621,0.419677734375,,,,1.930250883102417,0.24975597858428955,0.038,0.5,0.9997227191925049,0.999755859375,7.998046875,0.999755859375,0.000244140625,0.0025188405998051167,0.00028342627614021435,0.8810983896255493,0.0016886381199583411,0.8810968399047852,3608576,0.3479751655831933,11770.954956326432,,1.0,1.0,0.999755859375,0.999267578125,1.0,0.99951171875,0.999755859375,0.999755859375,0.999906063079834,0.9997493028640747,0.9995027780532837,0.9997075796127319,0.9996125102043152,0.999721348285675,0.9997872710227966,0.9997947216033936
900,train,1.8181376457214355,6.160374959375635,0.46142578125,,,,1.8281254768371582,0.24969497323036194,0.039999999999999994,0.5,0.9997166395187378,0.99969482421875,7.99755859375,0.99969482421875,0.00030517578125,0.0025621438398957253,0.0002825855272754691,0.7986036539077759,0.0014487302396446466,0.7986023426055908,3690496,0.3127352921292186,13097.338557835617,,1.0,0.999755859375,0.99951171875,0.999267578125,0.99951171875,1.0,0.999755859375,0.999755859375,0.9999189376831055,0.9997716546058655,0.99944007396698,0.9996761083602905,0.9996002316474915,0.999706506729126,0.9998122453689575,0.9998072385787964
920,train,1.8622102737426758,6.437950690684524,0.44140625,,,,1.8727025985717773,0.24981698393821716,0.042,0.5,0.9997164607048035,0.99981689453125,7.99853515625,0.99981689453125,0.00018310546875,0.002554710255935788,0.0002817254446875081,0.9299044609069824,0.0015251048607751727,0.9299032092094421,3772416,0.3204264580272138,12782.964381961638,,1.0,1.0,0.999267578125,0.999755859375,0.999755859375,1.0,0.999755859375,1.0,0.9999276995658875,0.9997859001159668,0.9993948340415955,0.9996755719184875,0.9995870590209961,0.9997071027755737,0.99982750415802,0.9998259544372559
940,train,1.8556489944458008,6.39584777364784,0.445556640625,,,,1.8666342496871948,0.24966445565223694,0.044000000000000004,0.5,0.9997220039367676,0.999664306640625,7.997314453125,0.999664306640625,0.000335693359375,0.0025070649571716785,0.00028084616979338407,0.802334725856781,0.0013768975622951984,0.8023335337638855,3854336,0.32185912504792213,12726.06454575473,,1.0,0.99951171875,0.99951171875,0.99951171875,1.0,0.99951171875,0.99951171875,0.999755859375,0.9999345541000366,0.9998044967651367,0.999437153339386,0.9996485710144043,0.9995748996734619,0.9997149705886841,0.9998259544372559,0.9998352527618408
960,train,1.841442584991455,6.305628107481803,0.442138671875,,,,1.852929949760437,0.24972549080848694,0.046000000000000006,0.5,0.9997310638427734,0.999725341796875,7.997802734375,0.999725341796875,0.000274658203125,0.0024374532513320446,0.00027994784716579927,0.8244794607162476,0.0011754358420148492,0.8244786262512207,3936256,0.3753062500618398,10913.753765958056,,1.0,0.999755859375,0.999267578125,0.99951171875,0.99951171875,0.999755859375,1.0,1.0,0.9999316930770874,0.9998114705085754,0.9994751214981079,0.9996697902679443,0.9995647668838501,0.99971604347229,0.9998316764831543,0.9998478889465332
980,train,1.8090078830718994,6.104388160145039,0.46142578125,,,,1.8209961652755737,0.24975594878196716,0.04800000000000001,0.5,0.9997369050979614,0.999755859375,7.998046875,0.999755859375,0.000244140625,0.0023865732364356518,0.00027903062450933475,0.7941417098045349,0.0011113905347883701,0.7941408753395081,4018176,0.337092291098088,12150.974994584301,,1.0,1.0,0.99951171875,0.99951171875,0.99951171875,1.0,0.999755859375,0.999755859375,0.9999318718910217,0.9998140931129456,0.9994466304779053,0.99966961145401,0.9995861053466797,0.9997389316558838,0.9998401999473572,0.999867856502533
999,validation,,,,1.9106732273101807,6.757636693050158,0.433349609375,,0.25,,0.5,0.9997440886497497,1.0,8.0,1.0,0.0,0.0023240406205877664,,,,,,,,5.527841249946505,1.0,1.0,1.0,1.0,1.0,1.0,1.0,1.0,0.9999326467514038,0.9998282790184021,0.9994313716888428,0.9996485114097595,0.9996256828308105,0.9997591972351074,0.9998506307601929,0.999878466129303
1000,train,1.8428730964660645,6.314654835724008,0.444091796875,,,,1.855365514755249,0.24984753131866455,0.05000000000000002,0.5,0.9997377395629883,0.999847412109375,7.998779296875,0.999847412109375,0.000152587890625,0.0023369104601442814,0.0002780946526361643,0.7955536842346191,0.0021181011106818914,0.7955508828163147,4100096,0.2154199592769146,19014.022719848068,,1.0,1.0,0.9990234375,1.0,1.0,1.0,1.0,0.999755859375,0.9998776912689209,0.99982750415802,0.9994310736656189,0.99964839220047,0.9996260404586792,0.9997596144676208,0.999850869178772,0.9998807907104492
1020,train,1.8243380784988403,6.1986906142612,0.444091796875,,,,1.83730947971344,0.24945107102394104,0.052000000000000005,0.5,0.9997438788414001,0.99945068359375,7.99560546875,0.99945068359375,0.00054931640625,0.002316907746717334,0.0002771400854412573,0.890393853187561,0.0019642007537186146,0.8903916478157043,4182016,0.29827049979940057,13732.50121200297,,0.999755859375,0.99951171875,0.999267578125,0.999267578125,0.998779296875,0.999755859375,0.999755859375,0.99951171875,0.9999337196350098,0.9998344779014587,0.9993774890899658,0.9996607303619385,0.9996299743652344,0.9997603297233582,0.999855637550354,0.9998990297317505
1040,train,1.78391432762146,5.953113307207392,0.473388671875,,,,1.797396183013916,0.2496645450592041,0.054,0.5,0.999744176864624,0.999664306640625,7.997314453125,0.999664306640625,0.000335693359375,0.0023063868284225464,0.00027616707987707535,0.9587082862854004,0.0075990124605596066,0.9586781859397888,4263936,0.30313050001859665,13512.332146546507,,0.99951171875,1.0,0.9990234375,0.999755859375,0.999267578125,1.0,0.999755859375,1.0,0.9999387860298157,0.9998382329940796,0.999331533908844,0.999664306640625,0.9996333122253418,0.9997702836990356,0.9998612403869629,0.9999158382415771
1060,train,1.8397537469863892,6.294987910401654,0.4580078125,,,,1.8537384271621704,0.2497255504131317,0.056,0.5,0.9997503161430359,0.999725341796875,7.997802734375,0.999725341796875,0.000274658203125,0.0022534325253218412,0.00027517579592776516,0.9035059213638306,0.010908051393926144,0.9034400582313538,4345856,0.30637645814567804,13369.173417535903,,0.999755859375,1.0,0.9990234375,0.999755859375,0.999267578125,1.0,1.0,1.0,0.9999493956565857,0.9998437166213989,0.9993322491645813,0.9996654391288757,0.9996411800384521,0.999774694442749,0.9998788237571716,0.9999164342880249
1080,train,1.830857276916504,6.2392331170274655,0.460205078125,,,,1.8453449010849,0.24978649616241455,0.058,0.5,0.9997498393058777,0.999786376953125,7.998291015625,0.999786376953125,0.000213623046875,0.002245296724140644,0.00027416639658285407,0.7926273345947266,0.0015023128362372518,0.792625904083252,4427776,0.30244191689416766,13543.096281304477,,1.0,1.0,0.999755859375,1.0,0.999267578125,0.99951171875,1.0,0.999755859375,0.9999575018882751,0.9998499155044556,0.9992905855178833,0.9996688961982727,0.9996419548988342,0.9997677206993103,0.9998961091041565,0.9999262094497681
1100,train,1.8023967742919922,6.064164494003471,0.453857421875,,,,1.817387580871582,0.24984747171401978,0.060000000000000005,0.5,0.9997658133506775,0.999847412109375,7.998779296875,0.999847412109375,0.000152587890625,0.0021165134385228157,0.00027313904781045063,0.7708861231803894,0.0010746321640908718,0.7708854079246521,4509696,0.3038435000926256,13480.624067164013,,1.0,0.999755859375,0.99951171875,0.999755859375,1.0,1.0,1.0,0.999755859375,0.9999558925628662,0.9998541474342346,0.9993183612823486,0.9997081756591797,0.9996703863143921,0.9997756481170654,0.9999104738235474,0.9999338388442993
1120,train,1.829267978668213,6.229324990333645,0.45703125,,,,1.8447566032409668,0.24981698393821716,0.06200000000000001,0.5,0.9997689723968506,0.99981689453125,7.99853515625,0.99981689453125,0.00018310546875,0.002082102932035923,0.00027209391852995554,0.875940203666687,0.001305245328694582,0.8759392499923706,4591616,0.31911829207092524,12835.365761764759,,1.0,0.999755859375,0.999267578125,0.999755859375,1.0,1.0,1.0,0.999755859375,0.9999605417251587,0.9998607635498047,0.999273955821991,0.999736487865448,0.9996694922447205,0.9997958540916443,0.9999151825904846,0.9999394416809082
1140,train,1.7299439907073975,5.64033798824041,0.48291015625,,,,1.7459303140640259,0.24978652596473694,0.06400000000000002,0.5,0.9997682571411133,0.999786376953125,7.998291015625,0.999786376953125,0.000213623046875,0.002083247760310769,0.00027103118058428784,0.8599591255187988,0.0007985266274772584,0.8599587082862854,4673536,0.3187015000730753,12852.151618554746,,1.0,1.0,0.9990234375,0.999755859375,0.999755859375,0.999755859375,1.0,1.0,0.9999622702598572,0.9998671412467957,0.9992483258247375,0.9997364282608032,0.9996718764305115,0.9998011589050293,0.9999158382415771,0.9999428987503052
1160,train,1.809591293334961,6.107950561917212,0.456787109375,,,,1.826073169708252,0.24972552061080933,0.06600000000000002,0.5,0.9997813701629639,0.999725341796875,7.997802734375,0.999725341796875,0.000274658203125,0.0019774972461163998,0.00026995100871162977,0.8133639097213745,0.0011196257546544075,0.8133631348609924,4755456,0.29792654188349843,13748.355464085187,,1.0,1.0,0.9990234375,0.99951171875,0.99951171875,1.0,0.999755859375,1.0,0.999963104724884,0.9998785853385925,0.9992915391921997,0.9997280240058899,0.999703049659729,0.9998167157173157,0.9999216794967651,0.999948263168335
1180,train,1.7287269830703735,5.633477829113069,0.475830078125,,,,1.7457165718078613,0.24984753131866455,0.068,0.5,0.9997808933258057,0.999847412109375,7.998779296875,0.999847412109375,0.000152587890625,0.001979976426810026,0.0002688535805166958,0.8477278351783752,0.0011247198563069105,0.8477271199226379,4837376,0.30147104198113084,13586.711257847346,,1.0,1.0,0.9990234375,1.0,0.999755859375,1.0,1.0,1.0,0.9999639987945557,0.9998871088027954,0.9992938041687012,0.9997067451477051,0.9997134208679199,0.999806821346283,0.9999233484268188,0.9999517798423767
1200,train,1.751542329788208,5.763485019122662,0.474853515625,,,,1.769023060798645,0.24972549080848694,0.06999999999999999,0.5,0.9997713565826416,0.999725341796875,7.997802734375,0.999725341796875,0.000274658203125,0.0020539448596537113,0.00026773907644153075,0.9642846584320068,0.0007746873307041824,0.9642843008041382,4919296,0.3176974169909954,12892.770859752045,,1.0,0.999755859375,0.99951171875,0.999755859375,0.999267578125,0.99951171875,1.0,1.0,0.9999666213989258,0.999885618686676,0.9992892146110535,0.9996360540390015,0.9996954798698425,0.9998237490653992,0.9999275803565979,0.9999472498893738
1220,train,1.7209148406982422,5.589639755847957,0.47265625,,,,1.7388906478881836,0.2496645152568817,0.07200000000000001,0.5,0.9997668266296387,0.999664306640625,7.997314453125,0.999664306640625,0.000335693359375,0.0020863015670329332,0.00026660767973584067,0.7567852735519409,0.0015969652449712157,0.7567836046218872,5001216,0.310440625064075,13194.14944211823,,1.0,1.0,0.9990234375,0.999267578125,0.99951171875,0.999755859375,0.999755859375,1.0,0.999971866607666,0.9998884797096252,0.999273419380188,0.9996163845062256,0.9996758103370667,0.9998303055763245,0.999931275844574,0.9999470710754395
1240,train,1.7914118766784668,5.9979148071222195,0.46435546875,,,,1.809889316558838,0.24969497323036194,0.07400000000000001,0.5,0.9997615814208984,0.99969482421875,7.99755859375,0.99969482421875,0.00030517578125,0.0021244799718260765,0.00026545957642686263,0.8249667286872864,0.0016153526958078146,0.8249651789665222,5083136,0.29607666563242674,13834.254689577941,,1.0,0.999755859375,0.999267578125,0.999267578125,0.999755859375,1.0,0.999755859375,0.999755859375,0.9999722242355347,0.9998859167098999,0.9992358088493347,0.9996163845062256,0.9996775388717651,0.9998244643211365,0.9999328851699829,0.9999474287033081
1249,validation,,,,1.8327710843086242,6.251185240871431,0.45353515625,,0.25,,0.5,0.9997562074661255,1.0,8.0,1.0,0.0,0.002164751081727445,,,,,,,,5.164145541377366,1.0,1.0,1.0,1.0,1.0,1.0,1.0,1.0,0.9999744892120361,0.9998827576637268,0.9991990923881531,0.9996067881584167,0.9996917843818665,0.9998172521591187,0.999931275844574,0.9999462366104126
1260,train,1.6919389963150024,5.429999252664581,0.48974609375,,,,1.7109158039093018,0.24969501793384552,0.07600000000000001,0.5,0.9997556209564209,0.99969482421875,7.99755859375,0.99969482421875,0.00030517578125,0.002167248399928212,0.0002642949552887775,0.8581151962280273,0.0009351964108645916,0.8581147193908691,5165056,0.3134572496637702,13067.172650795515,,1.0,1.0,0.999267578125,0.999267578125,0.99951171875,0.99951171875,1.0,1.0,0.9999746084213257,0.9998799562454224,0.9991819858551025,0.999613881111145,0.9996988773345947,0.9998166561126709,0.9999305009841919,0.9999485015869141
1280,train,1.691419243812561,5.427177730274933,0.50146484375,,,,1.710883617401123,0.24954265356063843,0.07800000000000001,0.5,0.9997422099113464,0.999542236328125,7.996337890625,0.999542236328125,0.000457763671875,0.002267786068841815,0.0002631140078116713,0.7844870090484619,0.0011018108343705535,0.7844862341880798,5246976,0.30403766594827175,13472.01501243232,,1.0,0.999755859375,0.9990234375,0.999267578125,0.99951171875,0.998779296875,1.0,1.0,0.9999755620956421,0.9998788833618164,0.999099850654602,0.9996283054351807,0.9996742606163025,0.999808669090271,0.9999240636825562,0.9999479055404663
1300,train,1.6441930532455444,5.176830794206797,0.507080078125,,,,1.664156436920166,0.2495427429676056,0.08,0.5,0.9997210502624512,0.999542236328125,7.996337890625,0.999542236328125,0.000457763671875,0.0024247379042208195,0.0002619169281700499,0.7290665507316589,0.002913773525506258,0.729060709476471,5328896,0.3041335828602314,13467.766241001971,,1.0,1.0,0.99853515625,0.9990234375,0.9990234375,0.999755859375,1.0,1.0,0.9999767541885376,0.9998593926429749,0.9989796280860901,0.9996297359466553,0.999664306640625,0.9997891187667847,0.9999185800552368,0.999950647354126
1320,train,1.7525042295455933,5.769031581154923,0.4736328125,,,,1.7729867696762085,0.24978649616241455,0.08200000000000002,0.5,0.9997125864028931,0.999786376953125,7.998291015625,0.999786376953125,0.000213623046875,0.002484760247170925,0.00026070391319091236,0.8499260544776917,0.0011074705980718136,0.8499253392219543,5410816,0.3099918751977384,13213.249532386077,,1.0,0.999755859375,0.999267578125,0.99951171875,1.0,1.0,0.999755859375,1.0,0.9999796152114868,0.999862790107727,0.9989264011383057,0.999614953994751,0.9996823072433472,0.9997749924659729,0.9999051094055176,0.9999545812606812
1340,train,1.711744785308838,5.538616749121782,0.48486328125,,,,1.7327064275741577,0.24954283237457275,0.08400000000000002,0.5,0.9996953010559082,0.999542236328125,7.996337890625,0.999542236328125,0.000457763671875,0.0026017860509455204,0.00025947516232138784,0.7796900272369385,0.0018391399644315243,0.7796878218650818,5492736,0.32942125014960766,12433.927678131842,,1.0,0.99951171875,0.998046875,0.999755859375,0.999755859375,0.999267578125,1.0,1.0,0.9999801516532898,0.9998689889907837,0.9988027811050415,0.9995969533920288,0.9996695518493652,0.9997783899307251,0.9999074935913086,0.9999581575393677
1360,train,1.6852061748504639,5.393562834733333,0.493408203125,,,,1.7066878080368042,0.24978646636009216,0.08600000000000002,0.5,0.9996951818466187,0.999786376953125,7.998291015625,0.999786376953125,0.000213623046875,0.0026086471043527126,0.00025823087759594256,0.7603197693824768,0.0008344801608473063,0.7603193521499634,5574656,0.3141473331488669,13038.468157420275,,1.0,1.0,0.999755859375,0.99951171875,0.99951171875,0.99951171875,1.0,1.0,0.999981164932251,0.9998635053634644,0.9988479614257812,0.9995630979537964,0.9996592402458191,0.99977707862854,0.9999104738235474,0.9999591112136841
1380,train,1.6975257396697998,5.460420162690438,0.48388671875,,,,1.7195042371749878,0.24975597858428955,0.08800000000000001,0.5,0.9996762275695801,0.999755859375,7.998046875,0.999755859375,0.000244140625,0.0027389756869524717,0.0002569712636031599,0.7698960304260254,0.0005075345397926867,0.7698958516120911,5656576,0.30144245782867074,13587.999611945912,,1.0,0.999755859375,0.999267578125,0.999755859375,1.0,0.99951171875,1.0,0.999755859375,0.999983012676239,0.9998639225959778,0.9987343549728394,0.9995173811912537,0.9996645450592041,0.9997687339782715,0.9999171495437622,0.9999603629112244
1400,train,1.7087185382843018,5.5218808629001535,0.488037109375,,,,1.7311773300170898,0.2495427131652832,0.09000000000000002,0.5,0.9996598958969116,0.999542236328125,7.996337890625,0.999542236328125,0.000457763671875,0.0028348034247756004,0.0002556965274521024,0.7876988053321838,0.0018843717407435179,0.7876965403556824,5738496,0.5580756249837577,7339.507078667359,,1.0,0.999755859375,0.99853515625,0.998779296875,0.999755859375,0.999755859375,1.0,0.999755859375,0.9999837875366211,0.9998651742935181,0.9985474348068237,0.9995296001434326,0.999692440032959,0.9997751712799072,0.9999231100082397,0.9999620914459229
1420,train,1.6724274158477783,5.325078300719117,0.4951171875,,,,1.6953938007354736,0.2496340572834015,0.09199999999999998,0.5,0.9996412992477417,0.9996337890625,7.9970703125,0.9996337890625,0.0003662109375,0.0029560220427811146,0.0002544068787382575,0.8152511119842529,0.002100980607792735,0.8152483701705933,5820416,0.3285406669601798,12467.254169470742,,1.0,1.0,0.9990234375,0.999267578125,0.99951171875,0.999267578125,1.0,1.0,0.9999853372573853,0.9998614192008972,0.9983951449394226,0.9995514154434204,0.9996896982192993,0.9997649192810059,0.9999203681945801,0.9999620914459229
1440,train,1.714082956314087,5.551582133950344,0.487548828125,,,,1.7375543117523193,0.2496950477361679,0.094,0.5,0.9996297955513,0.99969482421875,7.99755859375,0.99969482421875,0.00030517578125,0.003026477061212063,0.00025310252950907575,0.8407662510871887,0.0019209536258131266,0.840764045715332,5902336,0.319969916716218,12801.203444487412,,1.0,1.0,0.999267578125,0.9990234375,0.999755859375,0.99951171875,1.0,1.0,0.9999868273735046,0.9998682141304016,0.998301088809967,0.999552309513092,0.9996569156646729,0.9997898936271667,0.9999216794967651,0.9999619126319885
1460,train,1.6342359781265259,5.125540475644943,0.5029296875,,,,1.6581950187683105,0.24957352876663208,0.096,0.5,0.999612033367157,0.99957275390625,7.99658203125,0.99957275390625,0.00042724609375,0.0031319353729486465,0.0002517836942291053,0.8515688180923462,0.0024985428899526596,0.8515651822090149,5984256,0.3122178753837943,13119.043856681767,,1.0,0.999755859375,0.99755859375,1.0,0.999755859375,0.999755859375,0.999755859375,1.0,0.9999865889549255,0.99986732006073,0.9981344938278198,0.9995555281639099,0.9996591210365295,0.9998025298118591,0.9999285340309143,0.9999624490737915
1480,train,1.6837791204452515,5.385871416471682,0.48681640625,,,,1.7082343101501465,0.24954336881637573,0.098,0.5,0.9995938539505005,0.999542236328125,7.996337890625,0.999542236328125,0.000457763671875,0.00322618056088686,0.000250450589744729,0.7770704030990601,0.0014261892065405846,0.777069091796875,6066176,0.3141569592989981,13038.068642947495,,1.0,1.0,0.9970703125,0.999267578125,1.0,1.0,1.0,1.0,0.9999875426292419,0.9998732805252075,0.9979314208030701,0.9995520114898682,0.9996869564056396,0.999832034111023,0.999933123588562,0.9999542832374573
1499,validation,,,,1.7733585929870606,5.890604317455342,0.4743115234375,,0.25,,0.5,0.9995698797702789,1.0,8.0,1.0,0.0,0.003384629050269723,,,,,,,,4.728807458188385,1.0,1.0,1.0,1.0,1.0,1.0,1.0,1.0,0.9999887347221375,0.9998703002929688,0.9977983832359314,0.9995056390762329,0.9996485710144043,0.9998471140861511,0.9999374151229858,0.9999630451202393
1500,train,1.6213459968566895,5.059896339661835,0.50439453125,,,,1.6462881565093994,0.24942174553871155,0.1,0.5,0.9995702505111694,0.999420166015625,7.995361328125,0.999420166015625,0.000579833984375,0.003381642047315836,0.00024910343524851006,0.80967777967453,0.002118421718478203,0.8096750378608704,6148096,0.23722958331927657,17265.974768784967,,1.0,1.0,0.99658203125,0.9990234375,0.999755859375,1.0,1.0,1.0,0.9999886751174927,0.9998701810836792,0.9977986812591553,0.9995067119598389,0.9996492862701416,0.9998476505279541,0.9999374151229858,0.9999635219573975
1520,train,1.6725884675979614,5.3259359829630695,0.490234375,,,,1.6975396871566772,0.2495124340057373,0.1,0.5,0.9995419383049011,0.99951171875,7.99609375,0.99951171875,0.00048828125,0.0035804943181574345,0.0002477424522431518,0.809402346611023,0.0016737767728045583,0.8094006180763245,6230016,0.3024988751858473,13540.54621685296,,1.0,0.99951171875,0.997802734375,0.999267578125,0.999755859375,0.999755859375,1.0,1.0,0.9999902248382568,0.9998728632926941,0.9977123737335205,0.999387800693512,0.9996320009231567,0.9998401403427124,0.9999357461929321,0.9999642372131348
1540,train,1.6427077054977417,5.169147108131452,0.505126953125,,,,1.667680263519287,0.2497255504131317,0.1,0.5,0.999523937702179,0.999725341796875,7.997802734375,0.999725341796875,0.000274658203125,0.0037034873384982347,0.00024636786450507755,0.869638204574585,0.0023493333719670773,0.8696350455284119,6311936,0.3150855000130832,12999.646127257278,,1.0,0.999755859375,0.9990234375,0.999267578125,0.999755859375,1.0,1.0,1.0,0.999990701675415,0.9998691082000732,0.9976474046707153,0.999352753162384,0.9995846152305603,0.9998464584350586,0.9999338388442993,0.999967098236084
1560,train,1.6459118127822876,5.185736172414,0.509033203125,,,,1.6708753108978271,0.24963456392288208,0.1,0.5,0.9995062351226807,0.9996337890625,7.9970703125,0.9996337890625,0.0003662109375,0.0038262109737843275,0.0002449798980476366,0.7808875441551208,0.0025217507500201464,0.7808834910392761,6393856,0.2989008747972548,13703.539686119442,,1.0,1.0,0.99755859375,1.0,0.99951171875,1.0,1.0,1.0,0.9999909400939941,0.9998658299446106,0.9975985884666443,0.9993028044700623,0.9995378255844116,0.9998504519462585,0.9999353885650635,0.9999687075614929
1580,train,1.610323190689087,5.004428351147206,0.509765625,,,,1.635271430015564,0.24948221445083618,0.1,0.5,0.9995018839836121,0.999481201171875,7.995849609375,0.999481201171875,0.000518798828125,0.0038716786075383425,0.00024357878108394293,0.8476388454437256,0.00272543728351593,0.8476344347000122,6475776,0.3621092918328941,11311.502058583514,,1.0,1.0,0.99755859375,0.99853515625,0.999755859375,1.0,1.0,1.0,0.9999911785125732,0.9998652935028076,0.9976747035980225,0.9992266893386841,0.9995064735412598,0.9998462200164795,0.9999399781227112,0.9999644160270691
1600,train,1.613771677017212,5.021715844606653,0.514404296875,,,,1.6387290954589844,0.2495736926794052,0.1,0.5,0.9994509220123291,0.99957275390625,7.99658203125,0.99957275390625,0.00042724609375,0.004189403261989355,0.00024216474398935134,0.8054982423782349,0.0009949022205546498,0.8054975867271423,6557696,0.31532241590321064,12989.878909393115,,1.0,1.0,0.997314453125,0.99951171875,0.999755859375,1.0,1.0,1.0,0.9999918937683105,0.9998639822006226,0.9973543882369995,0.9991379976272583,0.9995078444480896,0.9998453855514526,0.9999443292617798,0.9999614953994751
1620,train,1.613267421722412,5.019184256140117,0.51025390625,,,,1.6382005214691162,0.24933063983917236,0.1,0.5,0.9994255900382996,0.99932861328125,7.99462890625,0.99932861328125,0.00067138671875,0.004339293576776981,0.00024073801926357869,0.775316596031189,0.0014639976434409618,0.7753152251243591,6639616,0.3230585418641567,12678.816589602302,,1.0,1.0,0.99609375,1.0,0.9990234375,0.999755859375,0.999755859375,1.0,0.9999919533729553,0.999863862991333,0.9971691966056824,0.9990960359573364,0.9995344877243042,0.999840497970581,0.9999479055404663,0.9999607801437378
1640,train,1.6110608577728271,5.008121315136311,0.507080078125,,,,1.636003017425537,0.24942171573638916,0.1,0.5,0.9994021654129028,0.999420166015625,7.995361328125,0.999420166015625,0.000579833984375,0.00447652954608202,0.00023929884149247573,0.9813590049743652,0.002144474070519209,0.981356680393219,6721536,0.3524523749947548,11621.428285341975,,1.0,1.0,0.99658203125,0.999267578125,0.999755859375,1.0,1.0,0.999755859375,0.9999920129776001,0.9998711347579956,0.997011661529541,0.9990407228469849,0.9995596408843994,0.9998313188552856,0.9999486207962036,0.9999627470970154
1660,train,1.6104209423065186,5.004917566023234,0.515869140625,,,,1.6353631019592285,0.2494221031665802,0.1,0.5,0.9993438124656677,0.999420166015625,7.995361328125,0.999420166015625,0.000579833984375,0.004820433910936117,0.00023784744730945588,0.8753361701965332,0.0023640142753720284,0.8753329515457153,6803456,0.3656722907908261,11201.286242229979,,1.0,1.0,0.99609375,0.999755859375,0.999755859375,0.999755859375,1.0,1.0,0.9999926090240479,0.9998724460601807,0.9966131448745728,0.9989651441574097,0.9995653033256531,0.9998283386230469,0.9999475479125977,0.9999662041664124
1680,train,1.6123120784759521,5.014391502085406,0.49853515625,,,,1.637233018875122,0.24920885264873505,0.1,0.5,0.9993006587028503,0.99920654296875,7.99365234375,0.99920654296875,0.00079345703125,0.005065456964075565,0.0002363840753565873,0.7216796278953552,0.00072838383493945,0.7216792702674866,6885376,0.32046516612172127,12781.420363310966,,1.0,1.0,0.996337890625,0.997802734375,0.99951171875,1.0,1.0,1.0,0.9999929666519165,0.9998695850372314,0.9962562322616577,0.9990013837814331,0.999547004699707,0.9998264908790588,0.9999425411224365,0.9999688267707825
1700,train,1.5801565647125244,4.855715985505018,0.5244140625,,,,1.605089545249939,0.24933037161827087,0.1,0.5,0.9992890954017639,0.99932861328125,7.99462890625,0.99932861328125,0.00067138671875,0.0051252348348498344,0.00023490896624535468,0.773186206817627,0.0023780770134180784,0.7731826305389404,6967296,0.3023051670752466,13549.22259393756,,1.0,1.0,0.99658203125,0.99853515625,0.99951171875,1.0,1.0,1.0,0.9999935626983643,0.99986732006073,0.9961358308792114,0.9990231990814209,0.9995623826980591,0.9998194575309753,0.9999420642852783,0.9999690055847168
1720,train,1.5871169567108154,4.889631568145781,0.515625,,,,1.6120530366897583,0.2493607997894287,0.1,0.5,0.9992536306381226,0.999359130859375,7.994873046875,0.999359130859375,0.000640869140625,0.005313988775014877,0.00023342236251709726,0.8199033737182617,0.0010413818527013063,0.8199027180671692,7049216,0.30760362511500716,13315.83786916875,,1.0,1.0,0.99658203125,0.998779296875,0.999755859375,0.999755859375,1.0,1.0,0.9999940395355225,0.9998713731765747,0.9958259463310242,0.9990437030792236,0.999554455280304,0.9998242855072021,0.9999440908432007,0.9999707341194153
1740,train,1.654179334640503,5.228787076498262,0.4892578125,,,,1.6790729761123657,0.24893680214881897,0.1,0.5,0.9991827011108398,0.998931884765625,7.991455078125,0.998931884765625,0.001068115234375,0.005703150760382414,0.00023192450860312982,0.7924216389656067,0.002052897587418556,0.7924190163612366,7131136,0.3035977086983621,13491.537922209944,,1.0,1.0,0.993896484375,0.9990234375,0.999267578125,0.999267578125,1.0,1.0,0.9999943375587463,0.9998613595962524,0.995294988155365,0.9990139603614807,0.9995450973510742,0.9998312592506409,0.9999486804008484,0.9999724626541138
1749,validation,,,,1.7159480714797974,5.5619461360063704,0.489013671875,,0.25,,0.5,0.9991637277603149,1.0,8.0,1.0,0.0,0.005812316816300154,,,,,,,,5.422443832736462,1.0,1.0,1.0,1.0,1.0,1.0,1.0,1.0,0.9999942183494568,0.9998638033866882,0.9951839447021484,0.9989866018295288,0.999518632888794,0.9998413324356079,0.9999477863311768,0.9999731183052063
1760,train,1.6327751874923706,5.118058600180409,0.506591796875,,,,1.6576718091964722,0.24896639585494995,0.1,0.5,0.999118447303772,0.99896240234375,7.99169921875,0.99896240234375,0.00103759765625,0.006059995386749506,0.00023041565078455215,0.8623989820480347,0.003895692527294159,0.8623901605606079,7213056,0.3330887081101537,12297.024487078792,,1.0,1.0,0.99462890625,0.998779296875,0.998779296875,0.999755859375,1.0,0.999755859375,0.9999943971633911,0.9998622536659241,0.9948612451553345,0.9989560842514038,0.9995030164718628,0.999848484992981,0.9999486207962036,0.9999733567237854
1780,train,1.5929665565490723,4.918317775795516,0.516357421875,,,,1.6178815364837646,0.2491498738527298,0.1,0.5,0.9990537762641907,0.9991455078125,7.9931640625,0.9991455078125,0.0008544921875,0.006423994433134794,0.0002288960371517553,0.7726531028747559,0.0022868041414767504,0.7726497054100037,7294976,0.3065950833261013,13359.64019893758,,1.0,1.0,0.994140625,0.999267578125,0.999755859375,1.0,1.0,1.0,0.9999948143959045,0.9998682141304016,0.9944523572921753,0.9988913536071777,0.9994618892669678,0.999839723110199,0.9999479055404663,0.9999736547470093
1800,train,1.573559284210205,4.823786903471214,0.5126953125,,,,1.5984379053115845,0.24878595769405365,0.1,0.5,0.99896240234375,0.998779296875,7.990234375,0.998779296875,0.001220703125,0.006904176902025938,0.00022736591756362958,0.8139438033103943,0.0027059486601501703,0.8139393329620361,7376896,0.3007784578949213,13617.996543592099,,1.0,0.999755859375,0.992919921875,0.99853515625,0.9990234375,1.0,1.0,1.0,0.9999949336051941,0.9998612403869629,0.9937486052513123,0.9988983869552612,0.9994462728500366,0.99982750415802,0.9999505281448364,0.9999716281890869
1820,train,1.5645959377288818,4.780742827770936,0.526123046875,,,,1.5894745588302612,0.2487863004207611,0.1,0.5,0.9989687204360962,0.998779296875,7.990234375,0.998779296875,0.001220703125,0.00687854178249836,0.00022582554360648242,0.8171181082725525,0.0014385570539161563,0.8171167969703674,7458816,0.30521091585978866,13420.22774140119,,1.0,1.0,0.99267578125,0.9990234375,0.998779296875,1.0,0.999755859375,1.0,0.9999949932098389,0.9998515844345093,0.9938226342201233,0.9988702535629272,0.9994689226150513,0.9998157024383545,0.9999538660049438,0.999971866607666
1840,train,1.600127935409546,4.953666133162855,0.518798828125,,,,1.6250123977661133,0.24884477257728577,0.1,0.5,0.9989429712295532,0.99884033203125,7.99072265625,0.99884033203125,0.00115966796875,0.0070186336524784565,0.00022427516855267162,0.8380457162857056,0.0030444683507084846,0.8380401134490967,7540736,0.3290360411629081,12448.484322640028,,1.0,0.99951171875,0.994384765625,0.998291015625,0.99951171875,0.999267578125,0.999755859375,1.0,0.9999951124191284,0.9998469948768616,0.9936671257019043,0.9988185167312622,0.9994721412658691,0.9998137354850769,0.9999563694000244,0.999974250793457
1860,train,1.561808705329895,4.767436339222618,0.520263671875,,,,1.5866813659667969,0.2487262785434723,0.1,0.5,0.9989129304885864,0.99871826171875,7.98974609375,0.99871826171875,0.00128173828125,0.007205893751233816,0.00022271504731896164,0.786888599395752,0.0022837866563349962,0.7868852615356445,7622656,0.301895750220865,13567.597414019217,,1.0,0.999755859375,0.9921875,0.998291015625,0.999755859375,0.999755859375,1.0,1.0,0.9999950528144836,0.9998475909233093,0.9936188459396362,0.9986240863800049,0.9994551539421082,0.9998329281806946,0.9999567866325378,0.9999730587005615
1880,train,1.5884299278259277,4.896055729604634,0.50927734375,,,,1.6132906675338745,0.2486073225736618,0.1,0.5,0.9988366365432739,0.99859619140625,7.98876953125,0.99859619140625,0.00140380859375,0.007629359140992165,0.00022114543642460973,0.7688758969306946,0.003101435024291277,0.7688696384429932,7704576,0.3226454579271376,12695.049316097893,,1.0,0.999755859375,0.99072265625,0.998291015625,1.0,1.0,1.0,1.0,0.9999948740005493,0.9998449087142944,0.9932249784469604,0.9983980059623718,0.999467134475708,0.9998329281806946,0.9999531507492065,0.9999768733978271
1900,train,1.631321907043457,5.110626027794587,0.5009765625,,,,1.6561914682388306,0.24869540333747864,0.1,0.5,0.9987481832504272,0.998687744140625,7.989501953125,0.998687744140625,0.001312255859375,0.008111121132969856,0.00021956659394918823,0.8959284424781799,0.003873357316479087,0.8959200978279114,7786496,0.3096949593164027,13225.917557848541,,1.0,1.0,0.992431640625,0.998291015625,0.9990234375,0.999755859375,1.0,1.0,0.9999948740005493,0.9998352527618408,0.9927211999893188,0.9982370138168335,0.999434232711792,0.9998297095298767,0.9999555349349976,0.9999772310256958
1920,train,1.5486369132995605,4.705052415225693,0.525634765625,,,,1.5734823942184448,0.2484542727470398,0.1,0.5,0.9986933469772339,0.998443603515625,7.987548828125,0.998443603515625,0.001556396484375,0.00842860247939825,0.00021797877949015037,0.7872478365898132,0.0032254846300929785,0.7872412204742432,7868416,0.4422527076676488,9261.67308641585,,0.999755859375,0.999755859375,0.990966796875,0.998779296875,0.99853515625,1.0,0.999755859375,1.0,0.9999943971633911,0.9998312592506409,0.9925233721733093,0.9980438947677612,0.9993894696235657,0.9998300075531006,0.9999567270278931,0.9999773502349854
1940,train,1.5898693799972534,4.903108442459179,0.51220703125,,,,1.6147509813308716,0.24881628155708313,0.1,0.5,0.9986564517021179,0.998809814453125,7.990478515625,0.998809814453125,0.001190185546875,0.008666971698403358,0.00021638225412014663,0.7831312417984009,0.001592477667145431,0.7831296324729919,7950336,0.3581782910041511,11435.645606876073,,1.0,0.999755859375,0.992919921875,0.9990234375,0.999267578125,0.999755859375,1.0,0.999755859375,0.9999946355819702,0.9998209476470947,0.9924851655960083,0.997883141040802,0.9993126392364502,0.9998197555541992,0.9999580383300781,0.9999776482582092
1960,train,1.5618382692337036,4.767577285335412,0.527587890625,,,,1.5866745710372925,0.248363196849823,0.1,0.5,0.998623251914978,0.99835205078125,7.98681640625,0.99835205078125,0.00164794921875,0.008855221793055534,0.00021477728034409866,0.9066306352615356,0.003512210678309202,0.9066238403320312,8032256,0.2996046249754727,13671.351035837051,,1.0,1.0,0.9912109375,0.99658203125,0.99951171875,0.999755859375,1.0,0.999755859375,0.9999942779541016,0.9998260140419006,0.99238121509552,0.9977440237998962,0.9992764592170715,0.9998264908790588,0.99996018409729,0.9999770522117615
1980,train,1.5767556428909302,4.839230124502655,0.517333984375,,,,1.60161292552948,0.24857276678085327,0.1,0.5,0.998544454574585,0.998565673828125,7.988525390625,0.998565673828125,0.001434326171875,0.00925237312912941,0.00021316412205603713,0.741306722164154,0.0011507597519084811,0.7413058876991272,8114176,0.3184178750962019,12863.599440711352,,1.0,1.0,0.993408203125,0.99658203125,0.998779296875,0.999755859375,1.0,1.0,0.9999942779541016,0.9998171329498291,0.9918999671936035,0.997567892074585,0.9992978572845459,0.9998390674591064,0.9999618530273438,0.9999781847000122
1999,validation,,,,1.6693690133094787,5.30881694728535,0.50091796875,,0.25,,0.5,0.9985348498821258,1.0,8.0,1.0,0.0,0.009276921320706606,,,,,,,,4.82444770867005,1.0,1.0,1.0,1.0,1.0,1.0,1.0,1.0,0.9999935030937195,0.9997959733009338,0.9917119741439819,0.9976343512535095,0.9993561506271362,0.9998465180397034,0.999961793422699,0.9999780058860779
2000,train,1.5806529521942139,4.85812690045936,0.52099609375,,,,1.6054507493972778,0.2479783594608307,0.1,0.5,0.9985358715057373,0.997955322265625,7.983642578125,0.997955322265625,0.002044677734375,0.009270472452044487,0.00021154304449571196,0.8051609992980957,0.006549354642629623,0.8051344156265259,8196096,0.20858612516894937,19636.972481666005,,1.0,0.999755859375,0.986572265625,0.998291015625,0.9990234375,1.0,1.0,1.0,0.9999939799308777,0.9997957944869995,0.9917153120040894,0.9976373910903931,0.9993578195571899,0.9998470544815063,0.9999619126319885,0.9999783039093018
2020,train,1.5660978555679321,4.787928505505903,0.522216796875,,,,1.5909552574157715,0.2485739290714264,0.1,0.5,0.9985392093658447,0.998565673828125,7.988525390625,0.998565673828125,0.001434326171875,0.0092885447666049,0.0002099143142049807,0.8092471361160278,0.0028834515251219273,0.8092420101165771,8278016,0.31506525026634336,13000.481635272085,,1.0,1.0,0.992431640625,0.997314453125,0.998779296875,1.0,1.0,1.0,0.9999937415122986,0.999783992767334,0.991955041885376,0.9974352121353149,0.9993446469306946,0.9998615384101868,0.9999599456787109,0.9999791383743286
2040,train,1.5285159349441528,4.611328230590874,0.533203125,,,,1.553385615348816,0.24869674444198608,0.1,0.5,0.998462975025177,0.998687744140625,7.989501953125,0.998687744140625,0.001312255859375,0.009686006233096123,0.00020827819898398313,0.7443768978118896,0.00730708846822381,0.7443410158157349,8359936,0.33912979206070304,12077.971608188378,,1.0,1.0,0.99169921875,0.998291015625,0.99951171875,1.0,1.0,1.0,0.9999933838844299,0.9997522830963135,0.9914579391479492,0.9973950386047363,0.9993016719818115,0.999864935874939,0.9999579191207886,0.9999803304672241
2060,train,1.5132324695587158,4.541386988897084,0.53759765625,,,,1.5380568504333496,0.2482432723045349,0.1,0.5,0.9984457492828369,0.99822998046875,7.98583984375,0.99822998046875,0.00177001953125,0.009763813577592373,0.0002066349678471086,0.7998543381690979,0.0051163071766495705,0.7998380064964294,8441856,0.2997481250204146,13664.806075837967,,1.0,1.0,0.990234375,0.996826171875,0.9990234375,0.999755859375,1.0,1.0,0.9999934434890747,0.9997693300247192,0.9912718534469604,0.9974786043167114,0.9992682337760925,0.999855637550354,0.9999556541442871,0.9999739527702332
2080,train,1.5271239280700684,4.604913695569431,0.530517578125,,,,1.552005410194397,0.24881520867347717,0.1,0.5,0.9984931945800781,0.998809814453125,7.990478515625,0.998809814453125,0.001190185546875,0.009534360840916634,0.00020498489097876447,0.8555315136909485,0.00255002174526453,0.8555276989936829,8523776,0.3086632080376148,13270.127094321026,,1.0,0.999755859375,0.993896484375,0.997802734375,0.9990234375,1.0,1.0,1.0,0.9999933838844299,0.9997766613960266,0.9915919899940491,0.9975562691688538,0.9992506504058838,0.9998419284820557,0.9999558329582214,0.9999797344207764
2100,train,1.4757381677627563,4.374263521790703,0.551513671875,,,,1.5005717277526855,0.24833500385284424,0.1,0.5,0.9984570145606995,0.998321533203125,7.986572265625,0.998321533203125,0.001678466796875,0.00971539318561554,0.00020332823968895105,0.7783385515213013,0.0036828452721238136,0.7783297896385193,8605696,0.3252794169820845,12592.2508039468,,1.0,0.99951171875,0.989990234375,0.997314453125,1.0,1.0,1.0,0.999755859375,0.999994158744812,0.9997755289077759,0.9913653135299683,0.9974790811538696,0.9992692470550537,0.9998351335525513,0.9999572038650513,0.9999804496765137
2120,train,1.5574201345443726,4.746559949644989,0.523681640625,,,,1.5822594165802002,0.2483927309513092,0.1,0.5,0.9983646869659424,0.998382568359375,7.987060546875,0.998382568359375,0.001617431640625,0.010162772610783577,0.00020166528636865257,0.8079950213432312,0.0031746767926961184,0.8079888224601746,8687616,0.3377047497779131,12128.938081841248,,1.0,0.999755859375,0.99169921875,0.99658203125,0.999267578125,0.999755859375,1.0,1.0,0.9999942779541016,0.9997704029083252,0.9907491207122803,0.9973142147064209,0.9993205070495605,0.9998296499252319,0.9999585151672363,0.9999810457229614
2140,train,1.547265887260437,4.698606085901428,0.533447265625,,,,1.5720633268356323,0.24797403812408447,0.1,0.5,0.9982707500457764,0.997955322265625,7.983642578125,0.997955322265625,0.002044677734375,0.010596904903650284,0.0001999963044450498,0.8738323450088501,0.0015581536572426558,0.8738309144973755,8769536,0.3175296247936785,12899.583787375623,,1.0,0.999267578125,0.98828125,0.99658203125,0.99951171875,1.0,1.0,1.0,0.9999945163726807,0.9997724294662476,0.9900537729263306,0.9972012042999268,0.9993695020675659,0.9998352527618408,0.999957799911499,0.9999809265136719
2160,train,1.5520037412643433,4.7209202143588165,0.52197265625,,,,1.5767921209335327,0.24788369238376617,0.1,0.5,0.998200535774231,0.99786376953125,7.98291015625,0.99786376953125,0.00213623046875,0.010942766442894936,0.00019832156833656225,0.7811833620071411,0.003306866390630603,0.7811763286590576,8851456,0.3153754170052707,12987.695867022969,,1.0,1.0,0.98828125,0.995361328125,0.999267578125,1.0,1.0,1.0,0.9999947547912598,0.999782145023346,0.9897035360336304,0.9969642162322998,0.9993741512298584,0.999846875667572,0.9999576807022095,0.9999808073043823
2180,train,1.5756359100341797,4.8338145121162786,0.516357421875,,,,1.600466251373291,0.24830329418182373,0.1,0.5,0.9982126951217651,0.998291015625,7.986328125,0.998291015625,0.001708984375,0.010890325531363487,0.00019664135340772784,0.8901805877685547,0.0026854127645492554,0.89017653465271,8933376,0.3220629580318928,12718.01024566876,,1.0,1.0,0.990478515625,0.99755859375,0.998779296875,0.999755859375,0.999755859375,1.0,0.9999949932098389,0.9997881650924683,0.9897474050521851,0.9970778822898865,0.9993090033531189,0.9998487234115601,0.9999550580978394,0.9999802112579346
2200,train,1.4952645301818848,4.460516337994746,0.54736328125,,,,1.5201009511947632,0.24836477637290955,0.1,0.5,0.99810391664505,0.99835205078125,7.98681640625,0.99835205078125,0.00164794921875,0.011383237317204475,0.00019495593592392662,0.7692349553108215,0.0037198015488684177,0.7692259550094604,9015296,0.2964952909387648,13814.721937172173,,1.0,1.0,0.990234375,0.99755859375,0.999267578125,0.999755859375,1.0,1.0,0.9999949932098389,0.9997822046279907,0.9888733625411987,0.9970777630805969,0.9993237853050232,0.9998470544815063,0.9999533891677856,0.9999790191650391
2220,train,1.4994020462036133,4.479010028395705,0.541748046875,,,,1.5242172479629517,0.2481522560119629,0.1,0.5,0.9980013966560364,0.998138427734375,7.985107421875,0.998138427734375,0.001861572265625,0.011870317161083221,0.00019326559300595635,0.7536953687667847,0.000856348080560565,0.7536948323249817,9097216,0.3194170002825558,12823.36255232716,,1.0,0.99951171875,0.989990234375,0.9970703125,0.998779296875,0.999755859375,1.0,1.0,0.9999952912330627,0.9997754096984863,0.9881917238235474,0.9969654679298401,0.9993075132369995,0.999847948551178,0.9999500513076782,0.9999781847000122
2240,train,1.520674467086792,4.575310050749528,0.532958984375,,,,1.5454567670822144,0.2478235810995102,0.1,0.5,0.9979400038719177,0.997802734375,7.982421875,0.997802734375,0.002197265625,0.012154948897659779,0.00019157060258446796,0.8276929259300232,0.0016245932783931494,0.8276913166046143,9179136,0.3056503748521209,13400.932362611098,,1.0,1.0,0.98779296875,0.995849609375,0.999755859375,0.99951171875,0.99951171875,1.0,0.9999953508377075,0.9997748136520386,0.9877099990844727,0.9970069527626038,0.9992712736129761,0.9998337626457214,0.9999504089355469,0.9999774694442749
2249,validation,,,,1.6454722094535827,5.18345700653198,0.5072021484375,,0.25,,0.5,0.9978644609451294,1.0,8.0,1.0,0.0,0.012504578679800033,,,,,,,,4.795611041132361,1.0,1.0,1.0,1.0,1.0,1.0,1.0,1.0,0.9999958872795105,0.999765157699585,0.9871626496315002,0.9969943165779114,0.9992411732673645,0.9998259544372559,0.999953031539917,0.9999774098396301
2260,train,1.5039608478546143,4.499475560414559,0.53076171875,,,,1.528764247894287,0.24803420901298523,0.1,0.5,0.99787437915802,0.998016357421875,7.984130859375,0.998016357421875,0.001983642578125,0.012474721297621727,0.0001898712433542669,0.8261619210243225,0.003673102241009474,0.8261537551879883,9261056,0.34246016619727015,11960.515132263725,,1.0,1.0,0.988525390625,0.996826171875,0.9990234375,0.999755859375,1.0,1.0,0.9999953508377075,0.9997550249099731,0.9872586727142334,0.99703049659729,0.9992008209228516,0.9998212456703186,0.9999544620513916,0.9999790191650391
2280,train,1.5000900030136108,4.482092454013063,0.544921875,,,,1.524896502494812,0.24806532263755798,0.1,0.5,0.9977760314941406,0.998046875,7.984375,0.998046875,0.001953125,0.012943102046847343,0.00018816779472848982,0.7624123692512512,0.002299668500199914,0.7624088525772095,9342976,0.31298745796084404,13086.786373760784,,1.0,1.0,0.98828125,0.996826171875,0.99951171875,1.0,0.999755859375,1.0,0.9999953508377075,0.9997537136077881,0.9866265058517456,0.996944010257721,0.9991511106491089,0.9998044967651367,0.9999537467956543,0.9999793767929077
2300,train,1.4923884868621826,4.447706129965149,0.55078125,,,,1.5171624422073364,0.24773898720741272,0.1,0.5,0.9976929426193237,0.997711181640625,7.981689453125,0.997711181640625,0.002288818359375,0.013346756808459759,0.00018646053679266265,0.8683373332023621,0.0022146368864923716,0.8683345317840576,9424896,0.3083276245743036,13284.570286737016,,1.0,0.999755859375,0.9853515625,0.997314453125,0.999267578125,1.0,1.0,1.0,0.9999953508377075,0.9997638463973999,0.9861721992492676,0.9967888593673706,0.9990942478179932,0.9997984170913696,0.9999522566795349,0.9999784231185913
2320,train,1.4774434566497803,4.381729268581639,0.541748046875,,,,1.5022348165512085,0.24791350960731506,0.1,0.5,0.997663140296936,0.997894287109375,7.983154296875,0.997894287109375,0.002105712890625,0.013548813760280609,0.0001847497502586481,0.7811988592147827,0.004111504182219505,0.7811880707740784,9506816,0.3179701673798263,12881.711620157079,,1.0,1.0,0.988525390625,0.995361328125,0.999267578125,1.0,1.0,1.0,0.9999954104423523,0.9997722506523132,0.986298680305481,0.9964794516563416,0.9990463852882385,0.9997841119766235,0.9999504685401917,0.99997878074646
2340,train,1.4886391162872314,4.4310612548770285,0.537109375,,,,1.5133652687072754,0.247261643409729,0.1,0.5,0.9974766969680786,0.997222900390625,7.977783203125,0.997222900390625,0.002777099609375,0.014350682497024536,0.00018303571641849022,0.7713867425918579,0.0011202966561540961,0.7713859677314758,9588736,0.3101231250911951,13207.657438623857,,1.0,0.999755859375,0.98291015625,0.995849609375,0.999267578125,1.0,1.0,1.0,0.9999953508377075,0.9997634887695312,0.9848202466964722,0.9965235590934753,0.9990016222000122,0.9997806549072266,0.9999493956565857,0.9999791383743286
2360,train,1.4965784549713135,4.466380972985812,0.542724609375,,,,1.5213228464126587,0.24744337797164917,0.1,0.5,0.9975359439849854,0.997406005859375,7.979248046875,0.997406005859375,0.002593994140625,0.014048069715499878,0.00018131871709816394,0.7927671670913696,0.004636193625628948,0.7927535772323608,9670656,0.34156516613438725,11991.855160044182,,1.0,1.0,0.98291015625,0.99755859375,0.9990234375,0.999755859375,1.0,1.0,0.9999951720237732,0.9997575879096985,0.9850404262542725,0.996747612953186,0.9990200996398926,0.9997962117195129,0.9999490976333618,0.9999813437461853
2380,train,1.5358668565750122,4.645350637849943,0.527099609375,,,,1.5605963468551636,0.24729536473751068,0.1,0.5,0.9975698590278625,0.99725341796875,7.97802734375,0.99725341796875,0.00274658203125,0.013942713849246502,0.00017959903461123612,0.8335279226303101,0.0020842156372964382,0.8335253596305847,9752576,0.31537879118695855,12987.556913971,,1.0,0.999755859375,0.98193359375,0.9970703125,0.999267578125,1.0,1.0,1.0,0.9999954104423523,0.9997401833534241,0.9855165481567383,0.9965254068374634,0.9990481734275818,0.9998044967651367,0.9999467134475708,0.999981701374054
2400,train,1.5221399068832397,4.582019807350383,0.52978515625,,,,1.5468683242797852,0.24728381633758545,0.1,0.5,0.997509241104126,0.99725341796875,7.97802734375,0.99725341796875,0.00274658203125,0.014238415285944939,0.00017787695171244696,0.8065473437309265,0.0024957486893981695,0.8065434694290161,9834496,0.330784291960299,12382.691982518943,,1.0,0.999755859375,0.9853515625,0.994873046875,0.99853515625,0.999755859375,0.999755859375,1.0,0.9999955296516418,0.9997353553771973,0.9852192401885986,0.9963616728782654,0.9990392923355103,0.9998006224632263,0.999941349029541,0.9999809265136719
2420,train,1.5343295335769653,4.6382147199911,0.531005859375,,,,1.55910325050354,0.2477373480796814,0.1,0.5,0.9975020885467529,0.997711181640625,7.981689453125,0.997711181640625,0.002288818359375,0.014264768920838833,0.0001761527515512188,0.8117319941520691,0.0049265599809587,0.8117170333862305,9916416,0.3070684168487787,13339.046854881033,,1.0,0.999755859375,0.98583984375,0.997314453125,0.998779296875,1.0,1.0,1.0,0.9999954700469971,0.9997013807296753,0.9851164221763611,0.9963967800140381,0.9990861415863037,0.9998037815093994,0.9999357461929321,0.9999812245368958
2440,train,1.481323480606079,4.398763508372705,0.54150390625,,,,1.5060704946517944,0.2474697232246399,0.1,0.5,0.9973925352096558,0.9974365234375,7.9794921875,0.9974365234375,0.0025634765625,0.014779511839151382,0.00017442671762509987,0.7967751622200012,0.003635205328464508,0.7967668175697327,9998336,0.32296895887702703,12682.333355632434,,1.0,0.999755859375,0.984130859375,0.996337890625,0.999755859375,0.99951171875,1.0,1.0,0.9999952912330627,0.9996934533119202,0.984492838382721,0.9962003827095032,0.9990487098693848,0.9997931122779846,0.999935507774353,0.9999810457229614
2460,train,1.5205061435699463,4.574539983283176,0.5380859375,,,,1.5452258586883545,0.24719730019569397,0.1,0.5,0.9973328113555908,0.997161865234375,7.977294921875,0.997161865234375,0.002838134765625,0.015029234811663628,0.0001726991337331508,0.8071240782737732,0.004188121762126684,0.8071132302284241,10080256,0.3098047920502722,13221.228674007532,,1.0,0.99951171875,0.98388671875,0.995361328125,0.99853515625,1.0,1.0,1.0,0.9999949932098389,0.9996761083602905,0.9840409755706787,0.996147096157074,0.9990918636322021,0.9997959136962891,0.9999338388442993,0.9999814033508301
2480,train,1.4765992164611816,4.378031597718341,0.544921875,,,,1.5013526678085327,0.24753396213054657,0.1,0.5,0.9972927570343018,0.99749755859375,7.97998046875,0.99749755859375,0.00250244140625,0.01520702987909317,0.00017097028392928167,0.7698928117752075,0.00380341662093997,0.7698834538459778,10162176,0.3042552499100566,13462.380685989321,,1.0,1.0,0.983154296875,0.997314453125,0.99951171875,1.0,1.0,1.0,0.9999946355819702,0.9996699094772339,0.983796238899231,0.9960604906082153,0.9991163015365601,0.9997898936271667,0.9999329447746277,0.9999816417694092
2499,validation,,,,1.6213113284111023,5.059720923961619,0.515693359375,,0.25,,0.5,0.9972246432304382,1.0,8.0,1.0,0.0,0.015525410994887351,,,,,,,,5.051981125026941,1.0,1.0,1.0,1.0,1.0,1.0,1.0,1.0,0.9999956488609314,0.9996528029441833,0.9834641814231873,0.9958513379096985,0.9991262555122375,0.9997949004173279,0.999931275844574,0.9999809265136719
2500,train,1.4843716621398926,4.412192194209016,0.55224609375,,,,1.5091155767440796,0.2474387288093567,0.1,0.5,0.9972295761108398,0.997406005859375,7.979248046875,0.997406005859375,0.002593994140625,0.015500510111451149,0.0001692404524755473,0.8543282151222229,0.00483741657808423,0.8543145060539246,10244096,0.21658999985083938,18911.307090912887,,1.0,1.0,0.984375,0.995849609375,0.99951171875,0.99951171875,1.0,1.0,0.9999949932098389,0.999652087688446,0.9834849834442139,0.9958639740943909,0.9991306066513062,0.999796986579895,0.9999318718910217,0.9999812841415405
2520,train,1.467057466506958,4.336456181469907,0.5478515625,,,,1.4917532205581665,0.24695709347724915,0.1,0.5,0.9971489906311035,0.996917724609375,7.975341796875,0.996917724609375,0.003082275390625,0.01589643955230713,0.0001675099237954079,0.8057044744491577,0.0014397025806829333,0.8057031631469727,10326016,0.3171738749369979,12914.05227121437,,1.0,0.999267578125,0.983154296875,0.99462890625,0.998779296875,0.99951171875,1.0,1.0,0.9999951124191284,0.9996288418769836,0.9832367897033691,0.9954675436019897,0.9991415739059448,0.9998087882995605,0.9999318718910217,0.9999816417694092
2540,train,1.4685235023498535,4.342818244029483,0.558349609375,,,,1.4932165145874023,0.24692991375923157,0.1,0.5,0.9970211982727051,0.99688720703125,7.97509765625,0.99688720703125,0.00311279296875,0.01644345000386238,0.00016577898242696335,0.8240157961845398,0.006645644549280405,0.8239889740943909,10407936,0.3158299592323601,12969.003985421537,,1.0,0.99951171875,0.982421875,0.994384765625,0.9990234375,0.999755859375,1.0,1.0,0.9999949932098389,0.9996273517608643,0.9823209047317505,0.9954050779342651,0.9991116523742676,0.9998031854629517,0.9999259114265442,0.999980628490448
2560,train,1.5516380071640015,4.719193928551468,0.527099609375,,,,1.5762965679168701,0.24658584594726562,0.1,0.5,0.9969536066055298,0.99652099609375,7.97216796875,0.99652099609375,0.00347900390625,0.01670685037970543,0.00016404791297616904,0.8425900340080261,0.004903628025203943,0.8425757884979248,10489856,0.32496341690421104,12604.495727614076,,1.0,0.99951171875,0.9775390625,0.996337890625,0.999267578125,0.999755859375,0.999755859375,1.0,0.999994695186615,0.9996432065963745,0.9817571043968201,0.995414137840271,0.9991186857223511,0.9997968077659607,0.999923586845398,0.9999806880950928
2580,train,1.4758248329162598,4.374642634437974,0.5361328125,,,,1.5004881620407104,0.24663366377353668,0.1,0.5,0.9968218803405762,0.99658203125,7.97265625,0.99658203125,0.00341796875,0.01724129728972912,0.00016231700007004,0.814997673034668,0.0014308227691799402,0.8149964213371277,10571776,0.3326844577677548,12311.966803268566,,1.0,1.0,0.980712890625,0.993896484375,0.998046875,1.0,1.0,1.0,0.9999945759773254,0.9996387362480164,0.9807614088058472,0.9953671097755432,0.9991157054901123,0.9997915029525757,0.9999246597290039,0.9999814033508301
2600,train,1.4769543409347534,4.37958661998165,0.553955078125,,,,1.5016533136367798,0.2469901740550995,0.1,0.5,0.996921181678772,0.9969482421875,7.9755859375,0.9969482421875,0.0030517578125,0.016850009560585022,0.00016058652830985143,0.7978994250297546,0.003011218970641494,0.797893762588501,10653696,0.31209258269518614,13124.310628043575,,1.0,0.999755859375,0.982666015625,0.994140625,0.999267578125,1.0,0.999755859375,1.0,0.9999949932098389,0.9996294975280762,0.9815893173217773,0.9953193664550781,0.999130129814148,0.9997966289520264,0.9999270439147949,0.9999825954437256
2620,train,1.4966304302215576,4.466613120287473,0.544921875,,,,1.5213593244552612,0.24728909134864807,0.1,0.5,0.9970406293869019,0.99725341796875,7.97802734375,0.99725341796875,0.00274658203125,0.01642516627907753,0.00015885678222434468,0.8593044877052307,0.004310532473027706,0.8592936396598816,10735616,0.3630284168757498,11282.863295525149,,1.0,0.99951171875,0.983642578125,0.995849609375,0.999755859375,0.999755859375,0.99951171875,1.0,0.9999948143959045,0.9996311664581299,0.9828455448150635,0.9950500726699829,0.9990901947021484,0.9998021721839905,0.9999289512634277,0.9999821186065674
2640,train,1.4815841913223267,4.399910462662717,0.545166015625,,,,1.5063070058822632,0.24722790718078613,0.1,0.5,0.9970042705535889,0.9971923828125,7.9775390625,0.9971923828125,0.0028076171875,0.016626134514808655,0.00015712804622294328,0.806789219379425,0.004569763317704201,0.806776225566864,10817536,0.30975770810618997,13223.238333736072,,1.0,0.999267578125,0.98388671875,0.9951171875,0.99951171875,0.999755859375,1.0,1.0,0.9999946355819702,0.9996085166931152,0.98283851146698,0.9948041439056396,0.9990726709365845,0.9998060464859009,0.9999275207519531,0.9999823570251465
2660,train,1.5160185098648071,4.554057117642913,0.53173828125,,,,1.5407856702804565,0.24767190217971802,0.1,0.5,0.9969671368598938,0.997650146484375,7.981201171875,0.997650146484375,0.002349853515625,0.016745880246162415,0.00015540060454899033,0.7864392399787903,0.003492221236228943,0.7864314317703247,10899456,0.3126896251924336,13099.251366204631,,1.0,0.9990234375,0.987548828125,0.995849609375,0.999267578125,0.99951171875,1.0,1.0,0.999993622303009,0.9995959997177124,0.9823774099349976,0.9949501752853394,0.9990884065628052,0.9998162984848022,0.999932587146759,0.9999821782112122
2680,train,1.470851182937622,4.352938711791019,0.558349609375,,,,1.4955319166183472,0.24680769443511963,0.1,0.5,0.9968798160552979,0.99676513671875,7.97412109375,0.99676513671875,0.00323486328125,0.01714114286005497,0.0001536747412330121,0.8008790016174316,0.009028639644384384,0.8008280992507935,10981376,0.3113877079449594,13154.019556622978,,1.0,0.99951171875,0.98291015625,0.9931640625,0.998779296875,1.0,0.999755859375,1.0,0.9999943971633911,0.9995993375778198,0.9819085597991943,0.9947689771652222,0.999037504196167,0.9998143911361694,0.9999335408210754,0.9999817609786987
2700,train,1.540640115737915,4.667577104489088,0.528076171875,,,,1.5652685165405273,0.24628449976444244,0.1,0.5,0.996694803237915,0.9962158203125,7.9697265625,0.9962158203125,0.0037841796875,0.017879292368888855,0.0001519507400460171,0.8139356374740601,0.0030659111216664314,0.8139298558235168,11063296,0.3463084171526134,11827.607407517758,,1.0,0.99951171875,0.977294921875,0.994384765625,0.99853515625,1.0,1.0,1.0,0.9999942779541016,0.9995941519737244,0.9805070161819458,0.9946792721748352,0.9990370273590088,0.9998289346694946,0.9999363422393799,0.9999816417694092
2720,train,1.449406623840332,4.26058563501238,0.546630859375,,,,1.4740164279937744,0.2460976243019104,0.1,0.5,0.9966703653335571,0.99603271484375,7.96826171875,0.99603271484375,0.00396728515625,0.017980441451072693,0.00015022888445283768,0.8371200561523438,0.003369227983057499,0.8371132612228394,11145216,0.3296602498739958,12424.913229804295,,1.0,0.99951171875,0.97900390625,0.9912109375,0.9990234375,0.999755859375,0.999755859375,1.0,0.9999943971633911,0.9995954036712646,0.9804162979125977,0.99452805519104,0.9990785121917725,0.9998314380645752,0.9999372959136963,0.9999819993972778
2740,train,1.4608627557754517,4.309676122823286,0.547119140625,,,,1.4855172634124756,0.2465445101261139,0.1,0.5,0.9966707825660706,0.996490478515625,7.971923828125,0.996490478515625,0.003509521484375,0.018012691289186478,0.0001485094575655219,0.8380081057548523,0.0023407551925629377,0.8380048871040344,11227136,0.31603812519460917,12960.46164518213,,1.0,0.999755859375,0.98046875,0.992919921875,0.999267578125,0.999755859375,0.999755859375,1.0,0.9999948143959045,0.9995821714401245,0.9805189371109009,0.9944974780082703,0.9990299940109253,0.9998254179954529,0.9999362826347351,0.9999814629554749
2749,validation,,,,1.6029213500022887,4.96752312157293,0.521708984375,,0.25,,0.5,0.9966883647441864,1.0,8.0,1.0,0.0,0.017945911176502703,,,,,,,,4.927561250049621,1.0,1.0,1.0,1.0,1.0,1.0,1.0,1.0,0.9999950528144836,0.9995640516281128,0.9806687235832214,0.9944909811019897,0.9990368485450745,0.9998319745063782,0.9999381303787231,0.9999812245368958
2760,train,1.4838987588882446,4.410106147461501,0.54296875,,,,1.508553385734558,0.24654611945152283,0.1,0.5,0.9967445135116577,0.996490478515625,7.971923828125,0.996490478515625,0.003509521484375,0.01773250848054886,0.00014679274209678368,0.8198702931404114,0.005703258328139782,0.819850504398346,11309056,0.36489791702479124,11225.057225310817,,1.0,0.999755859375,0.980224609375,0.99267578125,0.999755859375,0.99951171875,1.0,1.0,0.9999945163726807,0.9995467662811279,0.98111891746521,0.9945172667503357,0.9990288019180298,0.9998294115066528,0.9999390840530396,0.9999816417694092
2780,train,1.4769227504730225,4.379448269003431,0.544921875,,,,1.5015923976898193,0.24669599533081055,0.1,0.5,0.9968221187591553,0.99664306640625,7.97314453125,0.99664306640625,0.00335693359375,0.017394807189702988,0.00014507902031351823,0.8277601003646851,0.001185327535495162,0.8277592658996582,11390976,0.3113807919435203,13154.311717284576,,1.0,0.999267578125,0.980224609375,0.994384765625,0.99951171875,0.999755859375,1.0,1.0,0.999994158744812,0.9995247721672058,0.9815511703491211,0.9947072267532349,0.9990366101264954,0.9998388290405273,0.9999426603317261,0.9999814033508301
2800,train,1.4752081632614136,4.371945756701315,0.55126953125,,,,1.499871850013733,0.24663639068603516,0.1,0.5,0.9966293573379517,0.99658203125,7.97265625,0.99658203125,0.00341796875,0.018204132094979286,0.0001433685739903912,0.7831130027770996,0.00306247198022902,0.7831069827079773,11472896,0.31361120799556375,13060.7577011659,,1.0,0.999755859375,0.980224609375,0.993408203125,0.99951171875,0.999755859375,1.0,1.0,0.9999942779541016,0.9995220899581909,0.9803134799003601,0.9944062232971191,0.999039888381958,0.9998371601104736,0.9999420642852783,0.999980092048645
2820,train,1.468808889389038,4.3440578049387595,0.54345703125,,,,1.493430733680725,0.2462189942598343,0.1,0.5,0.9964997172355652,0.99615478515625,7.96923828125,0.99615478515625,0.00384521484375,0.018767649307847023,0.00014166168436350834,0.8087506890296936,0.003387200180441141,0.8087435960769653,11554816,0.32384587498381734,12647.991888748555,,1.0,0.9990234375,0.978759765625,0.9921875,0.999267578125,1.0,1.0,1.0,0.9999947547912598,0.9995021820068359,0.9795761108398438,0.9941596388816833,0.998999297618866,0.9998429417610168,0.9999427795410156,0.9999798536300659
2840,train,1.4307345151901245,4.181769637461073,0.558349609375,,,,1.455428123474121,0.24693600833415985,0.1,0.5,0.9964056015014648,0.99688720703125,7.97509765625,0.99688720703125,0.00311279296875,0.01918400637805462,0.00013995863208417401,0.8475536704063416,0.007726998534053564,0.8475184440612793,11636736,0.3088450417853892,13262.314254169689,,1.0,0.99951171875,0.980712890625,0.995849609375,0.9990234375,1.0,1.0,1.0,0.9999945163726807,0.9994853138923645,0.9790497422218323,0.9940094351768494,0.9989391565322876,0.9998450875282288,0.9999406337738037,0.9999811053276062
2860,train,1.46470308303833,4.326258510048908,0.549072265625,,,,1.4894108772277832,0.24707776308059692,0.1,0.5,0.9964488744735718,0.997039794921875,7.976318359375,0.997039794921875,0.002960205078125,0.0189970675855875,0.00013825969717274586,0.9319974780082703,0.0038539983797818422,0.9319895505905151,11718656,0.30374233378097415,13485.114007695709,,1.0,1.0,0.98388671875,0.993408203125,0.999267578125,0.999755859375,1.0,1.0,0.9999495148658752,0.9994872808456421,0.9793672561645508,0.9940711259841919,0.9989519119262695,0.9998438358306885,0.9999384880065918,0.9999816417694092
2880,train,1.4787043333053589,4.3872575732501975,0.544921875,,,,1.5033743381500244,0.24669945240020752,0.1,0.5,0.9965152144432068,0.99664306640625,7.97314453125,0.99664306640625,0.00335693359375,0.01871672086417675,0.0001365651589725928,0.8454872369766235,0.006452605593949556,0.8454626202583313,11800576,0.4992433749139309,8204.415332914827,,1.0,0.9990234375,0.979248046875,0.99560546875,0.99951171875,1.0,0.999755859375,1.0,0.999994158744812,0.9994875192642212,0.9796647429466248,0.9942561984062195,0.9989544749259949,0.9998475313186646,0.9999358654022217,0.9999814629554749
2900,train,1.4633796215057373,4.320536660489875,0.546630859375,,,,1.4879813194274902,0.2460164725780487,0.1,0.5,0.9964987635612488,0.995941162109375,7.967529296875,0.995941162109375,0.004058837890625,0.018733378499746323,0.00013487529610416507,0.8432567715644836,0.005624116864055395,0.8432379961013794,11882496,0.31480620754882693,13011.17926451531,,1.0,0.999755859375,0.9765625,0.992919921875,0.998291015625,1.0,1.0,1.0,0.9999943971633911,0.999489426612854,0.9792910814285278,0.9944578409194946,0.9989980459213257,0.99984210729599,0.9999356865882874,0.9999814033508301
2920,train,1.4580745697021484,4.2976766799904995,0.55029296875,,,,1.4827622175216675,0.24687619507312775,0.1,0.5,0.9965156316757202,0.996826171875,7.974609375,0.996826171875,0.003173828125,0.0187187809497118,0.00013319038641918237,0.8746134638786316,0.005523154977709055,0.8745959997177124,11964416,0.32198883313685656,12720.93805271519,,1.0,0.999267578125,0.98046875,0.995849609375,0.9990234375,1.0,1.0,1.0,0.9999946355819702,0.999485969543457,0.9797325134277344,0.9941483736038208,0.9990090727806091,0.9998396635055542,0.9999336004257202,0.9999806880950928
2940,train,1.4207268953323364,4.1401287870328805,0.56103515625,,,,1.4453604221343994,0.24633528292179108,0.1,0.5,0.9966328740119934,0.99627685546875,7.97021484375,0.99627685546875,0.00372314453125,0.018216554075479507,0.00013151070695494892,0.8267747759819031,0.00372564815916121,0.8267663717269897,12046336,0.32355641573667526,12659.307004233564,,1.0,0.998291015625,0.979736328125,0.99267578125,0.99951171875,1.0,1.0,1.0,0.9999938011169434,0.9994744062423706,0.9804250001907349,0.9943742752075195,0.9990266561508179,0.9998527765274048,0.9999352693557739,0.9999808073043823
2960,train,1.438326120376587,4.213636789900874,0.556640625,,,,1.4630255699157715,0.24699459969997406,0.1,0.5,0.9966579079627991,0.9969482421875,7.9755859375,0.9969482421875,0.0030517578125,0.018088189885020256,0.0001298365338888022,0.7671487927436829,0.004396851174533367,0.7671362161636353,12128256,0.6072358330711722,6745.319984303233,,0.999755859375,1.0,0.981201171875,0.99609375,0.99853515625,1.0,1.0,1.0,0.999994158744812,0.9994993805885315,0.9804606437683105,0.9945346117019653,0.9990026950836182,0.9998533725738525,0.9999372959136963,0.9999812245368958
2980,train,1.476280689239502,4.376637297550162,0.53955078125,,,,1.500976800918579,0.24696144461631775,0.1,0.5,0.9965962767601013,0.996917724609375,7.975341796875,0.996917724609375,0.003082275390625,0.018329717218875885,0.00012816814249270328,0.8269346356391907,0.0036434317007660866,0.826926589012146,12210176,0.31194191705435514,13130.649573094344,,1.0,0.9990234375,0.98193359375,0.995361328125,0.9990234375,1.0,1.0,1.0,0.9999938607215881,0.9994972944259644,0.9799347519874573,0.9946002960205078,0.9989712238311768,0.9998508095741272,0.9999403953552246,0.9999815225601196
2999,validation,,,,1.5876707768440246,4.892340294556571,0.528603515625,,0.25,,0.5,0.9964892458915711,1.0,8.0,1.0,0.0,0.01880231883376837,,,,,,,,4.861766083166003,1.0,1.0,1.0,1.0,1.0,1.0,1.0,1.0,0.9999933838844299,0.9994964003562927,0.9793794751167297,0.9943313598632812,0.998949408531189,0.9998425245285034,0.9999392032623291,0.9999812245368958
3000,train,1.4767398834228516,4.378647485437798,0.54443359375,,,,1.5014452934265137,0.2470545619726181,0.1,0.5,0.996502161026001,0.99700927734375,7.97607421875,0.99700927734375,0.00299072265625,0.018743135035037994,0.00012650580708797562,0.8110901117324829,0.002211632439866662,0.8110870718955994,12292096,0.2391951670870185,17124.091802866096,,1.0,0.99951171875,0.9814453125,0.995849609375,0.999267578125,1.0,1.0,1.0,0.999993085861206,0.9994953870773315,0.9794406294822693,0.9943651556968689,0.9989568591117859,0.9998440742492676,0.9999403953552246,0.9999819993972778
3020,train,1.4589476585388184,4.30143057202557,0.556884765625,,,,1.4836176633834839,0.246699720621109,0.1,0.5,0.9965179562568665,0.99664306640625,7.97314453125,0.99664306640625,0.00335693359375,0.01867416687309742,0.0001248498010002006,0.8736544847488403,0.0039426060393452644,0.8736456036567688,12374016,0.30919199995696545,13247.432018196128,,1.0,0.9990234375,0.979248046875,0.995361328125,0.999755859375,1.0,0.999755859375,1.0,0.9999932050704956,0.9995009899139404,0.9795604944229126,0.9943481683731079,0.998969316482544,0.999846875667572,0.9999421834945679,0.9999822378158569
3040,train,1.444586157798767,4.240097048583426,0.545166015625,,,,1.469241738319397,0.24655628204345703,0.1,0.5,0.9965375065803528,0.996490478515625,7.971923828125,0.996490478515625,0.003509521484375,0.018582917749881744,0.00012320039651427672,0.7844595313072205,0.0021876832470297813,0.7844564914703369,12455936,0.3064157501794398,13367.459073501757,,1.0,0.99951171875,0.9775390625,0.995361328125,0.999755859375,1.0,0.999755859375,1.0,0.9999932050704956,0.9994979500770569,0.9796619415283203,0.9943885207176208,0.9989727735519409,0.9998573660850525,0.9999452829360962,0.9999827146530151
3060,train,1.45296311378479,4.27576534221863,0.551513671875,,,,1.4776121377944946,0.24649006128311157,0.1,0.5,0.9964999556541443,0.996429443359375,7.971435546875,0.996429443359375,0.003570556640625,0.01874707266688347,0.0001215578648296493,0.8757290244102478,0.002888471819460392,0.8757243156433105,12537856,0.3151519582606852,12996.90480302172,,1.0,0.9990234375,0.978515625,0.995361328125,0.9990234375,0.999755859375,1.0,0.999755859375,0.9999935626983643,0.9994944334030151,0.9794643521308899,0.9943028688430786,0.9989590644836426,0.999856173992157,0.9999462962150574,0.9999833703041077
3080,train,1.415910243988037,4.1202351788936165,0.564697265625,,,,1.4406037330627441,0.24693450331687927,0.1,0.5,0.9965921640396118,0.99688720703125,7.97509765625,0.99688720703125,0.00311279296875,0.018375791609287262,0.00011992247601571996,0.914126992225647,0.0026354140136390924,0.9141231775283813,12619776,0.304002792108804,13473.560461688203,,1.0,0.999755859375,0.98095703125,0.996337890625,0.99853515625,0.999755859375,0.999755859375,1.0,0.9999938011169434,0.9994971752166748,0.9801695346832275,0.9943086504936218,0.9989748001098633,0.9998632669448853,0.9999467134475708,0.9999834299087524
3100,train,1.4783562421798706,4.385730673589245,0.548583984375,,,,1.5029833316802979,0.2462707757949829,0.1,0.5,0.9965988397598267,0.9962158203125,7.9697265625,0.9962158203125,0.0037841796875,0.01831641234457493,0.0001182944989674402,0.8083561658859253,0.0016521975630894303,0.8083544969558716,12701696,0.30167924985289574,13577.334211740726,,1.0,0.99951171875,0.98095703125,0.991455078125,0.998046875,1.0,0.999755859375,1.0,0.9999938607215881,0.9995045065879822,0.9800897836685181,0.9944000244140625,0.9990024566650391,0.9998690485954285,0.9999479055404663,0.9999834299087524
3120,train,1.4249979257583618,4.157849218363089,0.560302734375,,,,1.449629545211792,0.24631592631340027,0.1,0.5,0.9964691400527954,0.996246337890625,7.969970703125,0.996246337890625,0.003753662109375,0.018823305144906044,0.00011667420136109982,0.8630333542823792,0.004076087847352028,0.8630237579345703,12783616,0.35592616675421596,11508.004700391932,,1.0,0.999267578125,0.97705078125,0.99462890625,0.999267578125,0.999755859375,1.0,1.0,0.9999939203262329,0.9994940757751465,0.9790343642234802,0.9944459795951843,0.9989858865737915,0.9998666048049927,0.9999488592147827,0.9999831318855286
3140,train,1.3847367763519287,3.993774510550545,0.56591796875,,,,1.4093787670135498,0.24642041325569153,0.1,0.5,0.9964607954025269,0.996368408203125,7.970947265625,0.996368408203125,0.003631591796875,0.01882404461503029,0.00011506184961031415,0.7634216547012329,0.007278526667505503,0.7633869647979736,12865536,0.3070920826867223,13338.018890504918,,0.999755859375,0.9990234375,0.98095703125,0.992919921875,0.99853515625,0.999755859375,1.0,1.0,0.9999942779541016,0.999507486820221,0.9788097739219666,0.9945952296257019,0.9989801049232483,0.9998698830604553,0.9999476671218872,0.9999821186065674
3160,train,1.4811594486236572,4.398042029648631,0.54248046875,,,,1.5058026313781738,0.24643155932426453,0.1,0.5,0.9964845180511475,0.996368408203125,7.970947265625,0.996368408203125,0.003631591796875,0.018724747002124786,0.00011345770882222015,0.871742844581604,0.003801747690886259,0.8717345595359802,12947456,0.3079517502337694,13300.784934297932,,1.0,0.999267578125,0.978271484375,0.994384765625,0.9990234375,1.0,1.0,1.0,0.999994695186615,0.9995101690292358,0.9789555072784424,0.994645357131958,0.9989635944366455,0.9998762607574463,0.9999483227729797,0.9999819993972778
3180,train,1.406221628189087,4.080508561966774,0.566650390625,,,,1.4309210777282715,0.24699446558952332,0.1,0.5,0.9966127872467041,0.9969482421875,7.9755859375,0.9969482421875,0.0030517578125,0.01818735897541046,0.00011186204275388654,0.8000411987304688,0.0026069029700011015,0.8000369668006897,13029376,0.30741516686975956,13324.001029966501,,1.0,0.999755859375,0.981201171875,0.996337890625,0.998291015625,1.0,1.0,1.0,0.9999942779541016,0.9994982481002808,0.979719877243042,0.9949222803115845,0.9989579319953918,0.9998797178268433,0.9999473094940186,0.9999829530715942
3200,train,1.4498815536499023,4.26260959471803,0.556884765625,,,,1.4745570421218872,0.24675434827804565,0.1,0.5,0.9965608716011047,0.9967041015625,7.9736328125,0.9967041015625,0.0032958984375,0.0184214748442173,0.00011027511376894614,0.8061929941177368,0.002777116373181343,0.8061882257461548,13111296,0.3339291252195835,12266.075914482068,,1.0,0.999755859375,0.980712890625,0.99462890625,0.9990234375,0.999755859375,0.999755859375,1.0,0.9999947547912598,0.9995054602622986,0.9794632196426392,0.9947981238365173,0.9989137649536133,0.9998826384544373,0.9999451637268066,0.9999836683273315
3220,train,1.4416576623916626,4.227698107832689,0.550537109375,,,,1.4662837982177734,0.2462611198425293,0.1,0.5,0.9964868426322937,0.996185302734375,7.969482421875,0.996185302734375,0.003814697265625,0.01873626559972763,0.00010869718279445753,0.825680136680603,0.007501162122935057,0.8256460428237915,13193216,0.29951712489128113,13675.344945591234,,1.0,1.0,0.975830078125,0.99560546875,0.998291015625,0.999755859375,1.0,1.0,0.9999943971633911,0.9994922876358032,0.9789851903915405,0.9947237372398376,0.9988888502120972,0.9998835921287537,0.9999427795410156,0.9999836683273315
3240,train,1.3696191310882568,3.9338521281307326,0.575927734375,,,,1.3942335844039917,0.24614447355270386,0.1,0.5,0.9964267611503601,0.996063232421875,7.968505859375,0.996063232421875,0.003936767578125,0.018998054787516594,0.00010712850927800251,0.8116847276687622,0.001040492788888514,0.8116840720176697,13275136,0.33075062511488795,12383.952406974991,,1.0,1.0,0.97509765625,0.99462890625,0.9990234375,0.999755859375,1.0,1.0,0.9999946355819702,0.9994938969612122,0.9786601066589355,0.994576096534729,0.9988906383514404,0.9998744130134583,0.9999405145645142,0.9999834299087524
3249,validation,,,,1.5730875730514526,4.821512005950859,0.5315625,,0.25,,0.5,0.9963784086704254,1.0,8.0,1.0,0.0,0.019211705438792706,,,,,,,,4.830171708017588,1.0,1.0,1.0,1.0,1.0,1.0,1.0,1.0,0.9999950528144836,0.9994860291481018,0.9784010052680969,0.994478702545166,0.998870849609375,0.9998733401298523,0.9999390244483948,0.9999836087226868
3260,train,1.3727962970733643,3.946370505253223,0.586669921875,,,,1.39740788936615,0.24611583352088928,0.1,0.5,0.9963846802711487,0.99603271484375,7.96826171875,0.99603271484375,0.00396728515625,0.019161924719810486,0.00010556935114502734,0.8018733859062195,0.0031741620041429996,0.8018671274185181,13357056,0.32846379186958075,12470.17205971473,,1.0,1.0,0.974609375,0.995849609375,0.998291015625,0.999755859375,0.999755859375,1.0,0.9999936819076538,0.999472975730896,0.9783140420913696,0.9946047067642212,0.998892068862915,0.9998770356178284,0.9999394416809082,0.9999836683273315
3280,train,1.3851566314697266,3.99545166927533,0.57470703125,,,,1.4097901582717896,0.2463352382183075,0.1,0.5,0.9964007139205933,0.99627685546875,7.97021484375,0.99627685546875,0.00372314453125,0.01910584419965744,0.00010401996475643345,0.8012981414794922,0.004418033640831709,0.801285982131958,13438976,0.3090942921116948,13251.619666013965,,1.0,1.0,0.9794921875,0.99365234375,0.99755859375,0.99951171875,1.0,1.0,0.9999942779541016,0.9994601011276245,0.9785336256027222,0.9944735765457153,0.998932957649231,0.9998835325241089,0.9999436140060425,0.9999839663505554
3300,train,1.433503270149231,4.1933639764175235,0.5576171875,,,,1.4581702947616577,0.2466702163219452,0.1,0.5,0.9964300394058228,0.996612548828125,7.972900390625,0.996612548828125,0.003387451171875,0.019002765417099,0.00010248060486642674,0.8133546113967896,0.004583293106406927,0.8133417367935181,13520896,0.31976879201829433,12809.255006241081,,1.0,0.999755859375,0.97900390625,0.99560546875,0.9990234375,1.0,0.99951171875,1.0,0.999994695186615,0.9994498491287231,0.9787583947181702,0.9945327639579773,0.9988932609558105,0.999882698059082,0.9999444484710693,0.999983549118042
3320,train,1.4327330589294434,4.1901354439198135,0.55419921875,,,,1.4574084281921387,0.2467532455921173,0.1,0.5,0.9964388608932495,0.9967041015625,7.9736328125,0.9967041015625,0.0032958984375,0.01895907148718834,0.00010095152458062921,0.7996885180473328,0.0029413208831101656,0.799683153629303,13602816,0.31480475002899766,13011.239505193947,,1.0,0.99951171875,0.98095703125,0.99462890625,0.998779296875,0.999755859375,1.0,1.0,0.9999947547912598,0.9994187355041504,0.9787253737449646,0.9946697950363159,0.9988890290260315,0.999884843826294,0.9999450445175171,0.9999834299087524
3340,train,1.406984806060791,4.083623904435575,0.56884765625,,,,1.4316458702087402,0.24661004543304443,0.1,0.5,0.9964230060577393,0.996551513671875,7.972412109375,0.996551513671875,0.003448486328125,0.019032644107937813,9.943297531446337e-05,0.8088894486427307,0.0022386983036994934,0.8088863492012024,13684736,0.3161242501810193,12956.930693088383,,1.0,0.999755859375,0.979248046875,0.993896484375,0.99951171875,1.0,1.0,1.0,0.9999949932098389,0.9994235038757324,0.9786440134048462,0.9946575164794922,0.9988489151000977,0.9998851418495178,0.9999459981918335,0.9999839067459106
3360,train,1.3678491115570068,3.9268952917153532,0.576904296875,,,,1.3924800157546997,0.2463090419769287,0.1,0.5,0.9963289499282837,0.996246337890625,7.969970703125,0.996246337890625,0.003753662109375,0.01943044736981392,9.792520675181373e-05,0.8317545056343079,0.0060950592160224915,0.8317321538925171,13766656,0.3143635829910636,13029.499031115309,,1.0,1.0,0.978515625,0.994384765625,0.9970703125,1.0,1.0,1.0,0.9999939203262329,0.9994276762008667,0.9780833721160889,0.9944949150085449,0.9988182187080383,0.9998854994773865,0.9999440312385559,0.9999839067459106
3380,train,1.417320728302002,4.126050806444844,0.56103515625,,,,1.4419341087341309,0.24613356590270996,0.1,0.5,0.9962610006332397,0.996063232421875,7.968505859375,0.996063232421875,0.003936767578125,0.019678130745887756,9.642846680397283e-05,0.7835457921028137,0.003859720192849636,0.7835363149642944,13848576,0.31816141586750746,12873.968356067742,,1.0,0.998779296875,0.97705078125,0.994384765625,0.998291015625,1.0,1.0,1.0,0.9999949932098389,0.9994099736213684,0.9774842262268066,0.9945455193519592,0.9988411664962769,0.999885082244873,0.9999431371688843,0.9999840259552002
3400,train,1.3828047513961792,3.986065887552373,0.572265625,,,,1.4074738025665283,0.24669061601161957,0.1,0.5,0.9962640404701233,0.99664306640625,7.97314453125,0.99664306640625,0.00335693359375,0.01967996172606945,9.494300156887937e-05,0.8202579021453857,0.005820592865347862,0.8202372193336487,13930496,0.30978458328172565,13222.091159633332,,1.0,1.0,0.981689453125,0.99365234375,0.997802734375,1.0,1.0,1.0,0.9999948143959045,0.9994134902954102,0.9775771498680115,0.9944821000099182,0.998832643032074,0.9998857975006104,0.9999420046806335,0.9999842643737793
3420,train,1.3942683935165405,4.032023638667105,0.56787109375,,,,1.4188737869262695,0.2460535168647766,0.1,0.5,0.996268630027771,0.9959716796875,7.9677734375,0.9959716796875,0.0040283203125,0.019674966111779213,9.346905529065394e-05,0.8110179305076599,0.004344712011516094,0.8110063672065735,14012416,0.30195108288899064,13565.111145853563,,1.0,0.998779296875,0.974853515625,0.99560546875,0.998779296875,1.0,0.999755859375,1.0,0.9999946355819702,0.9994153380393982,0.9776561260223389,0.9944664239883423,0.998805820941925,0.9998865127563477,0.9999399781227112,0.9999843835830688
3440,train,1.4107773303985596,4.099140552513876,0.5634765625,,,,1.4354170560836792,0.2463967651128769,0.1,0.5,0.9962772727012634,0.996337890625,7.970703125,0.996337890625,0.003662109375,0.019644325599074364,9.200687031943982e-05,0.8394951820373535,0.0017520692199468613,0.8394933342933655,14094336,0.30951954098418355,13233.413266819576,,1.0,0.99853515625,0.979248046875,0.993896484375,0.9990234375,1.0,1.0,1.0,0.999995231628418,0.9994296431541443,0.9777239561080933,0.9944850206375122,0.9987760782241821,0.9998866319656372,0.9999376535415649,0.9999843239784241
3460,train,1.4449478387832642,4.241630888421951,0.550537109375,,,,1.4696093797683716,0.24661549925804138,0.1,0.5,0.9963613152503967,0.996551513671875,7.972412109375,0.996551513671875,0.003448486328125,0.019312668591737747,9.055668707155493e-05,0.8452101349830627,0.004406233783811331,0.8451986312866211,14176256,0.3094882080331445,13234.753033179672,,1.0,0.999755859375,0.977783203125,0.995849609375,0.9990234375,1.0,1.0,1.0,0.9999945759773254,0.9994239211082458,0.9783625602722168,0.9944784641265869,0.9988219738006592,0.9998862743377686,0.9999382495880127,0.999984085559845
3480,train,1.3879350423812866,4.006568111661091,0.568603515625,,,,1.412539005279541,0.24603992700576782,0.1,0.5,0.9963447451591492,0.9959716796875,7.9677734375,0.9959716796875,0.0040283203125,0.019383922219276428,8.91187439899624e-05,0.7972855567932129,0.0020709584932774305,0.7972828149795532,14258176,0.3313706670887768,12360.78025850927,,1.0,0.999267578125,0.97802734375,0.9921875,0.998779296875,0.999755859375,0.999755859375,1.0,0.9999953508377075,0.9994151592254639,0.9782861471176147,0.9944203495979309,0.9988282322883606,0.9998894929885864,0.9999390840530396,0.9999841451644897
3499,validation,,,,1.5558018803596496,4.73888502081118,0.53533203125,,0.25,,0.5,0.996255761384964,1.0,8.0,1.0,0.0,0.01978355150669813,,,,,,,,4.894737250171602,1.0,1.0,1.0,1.0,1.0,1.0,1.0,1.0,0.9999954104423523,0.9994168281555176,0.9779123067855835,0.9941005706787109,0.9988119602203369,0.9998891949653625,0.9999353885650635,0.9999845027923584
3500,train,1.3506836891174316,3.8600637122988766,0.58154296875,,,,1.3753361701965332,0.24652427434921265,0.1,0.5,0.9962660670280457,0.9964599609375,7.9716796875,0.9964599609375,0.0035400390625,0.019737478345632553,8.769327750506457e-05,0.8034751415252686,0.003941113594919443,0.8034654855728149,14340096,0.21022083330899477,19484.272493485274,,1.0,0.999755859375,0.977783203125,0.99560546875,0.998779296875,0.999755859375,1.0,1.0,0.9999947547912598,0.999416708946228,0.9779630899429321,0.9941258430480957,0.9988178014755249,0.9998899698257446,0.9999363422393799,0.9999842643737793
3520,train,1.4111430644989014,4.100640022182905,0.557373046875,,,,1.4358396530151367,0.24696534872055054,0.1,0.5,0.9963316917419434,0.996917724609375,7.975341796875,0.996917724609375,0.003082275390625,0.01950383186340332,8.628052199582897e-05,0.8541550040245056,0.0028151110745966434,0.8541504144668579,14422016,0.29773820796981454,13757.0519683361,,1.0,0.99951171875,0.98095703125,0.995849609375,0.9990234375,1.0,1.0,1.0,0.9999948740005493,0.9993996620178223,0.9785996079444885,0.99400395154953,0.9988404512405396,0.9998925924301147,0.9999373555183411,0.999984860420227
3540,train,1.4364540576934814,4.2057559766961,0.55908203125,,,,1.4611116647720337,0.2465759664773941,0.1,0.5,0.9961847066879272,0.99652099609375,7.97216796875,0.99652099609375,0.00347900390625,0.0201231949031353,8.488070975125088e-05,0.8122564554214478,0.0034531501587480307,0.8122491240501404,14503936,0.35444416711106896,11556.121894697377,,1.0,0.99951171875,0.97998046875,0.993896484375,0.998779296875,1.0,1.0,1.0,0.9999948740005493,0.9993915557861328,0.977789044380188,0.9936429262161255,0.9988495707511902,0.9998868703842163,0.9999381303787231,0.999984860420227
3560,train,1.3534704446792603,3.8708357688911277,0.58203125,,,,1.3780779838562012,0.2460748553276062,0.1,0.5,0.9961695075035095,0.996002197265625,7.968017578125,0.996002197265625,0.003997802734375,0.020158085972070694,8.349407093215969e-05,0.8221227526664734,0.004413550719618797,0.8221108913421631,14585856,0.3150502499192953,13001.100621406425,,1.0,0.999267578125,0.977294921875,0.991943359375,0.99951171875,1.0,1.0,1.0,0.9999947547912598,0.9993847608566284,0.9775599837303162,0.9937279224395752,0.9988768696784973,0.9998859167098999,0.9999409914016724,0.999984860420227
3580,train,1.4218080043792725,4.144607138076746,0.56103515625,,,,1.4464778900146484,0.24669867753982544,0.1,0.5,0.9962152242660522,0.99664306640625,7.97314453125,0.99664306640625,0.00335693359375,0.019955454394221306,8.212083353337553e-05,0.8368070721626282,0.00214695674367249,0.8368043303489685,14667776,0.311811082996428,13136.159114802607,,1.0,0.99951171875,0.9794921875,0.9951171875,0.99951171875,0.999755859375,1.0,0.999755859375,0.9999951124191284,0.9993729591369629,0.9777376055717468,0.993914008140564,0.9988903999328613,0.9998849034309387,0.999941349029541,0.9999850988388062
3600,train,1.3804831504821777,3.976822567146773,0.57080078125,,,,1.4051463603973389,0.24663260579109192,0.1,0.5,0.9962279200553894,0.99658203125,7.97265625,0.99658203125,0.00341796875,0.019891684874892235,8.076122334622138e-05,0.8201389908790588,0.003354818094521761,0.8201321363449097,14749696,0.31486229225993156,13008.861653775251,,1.0,0.999267578125,0.981201171875,0.992919921875,0.999267578125,1.0,1.0,1.0,0.9999940395355225,0.9993786811828613,0.9777454137802124,0.9940122961997986,0.9988821148872375,0.9998847842216492,0.9999403953552246,0.9999855756759644
3620,train,1.427267074584961,4.167294709597859,0.549072265625,,,,1.4518895149230957,0.24622437357902527,0.1,0.5,0.996112585067749,0.99615478515625,7.96923828125,0.99615478515625,0.00384521484375,0.020357202738523483,7.94154639213982e-05,0.9052607417106628,0.0051264213398098946,0.9052461981773376,14831616,0.3301099166274071,12407.988350810827,,1.0,0.99951171875,0.977294921875,0.99365234375,0.999267578125,0.999755859375,0.999755859375,1.0,0.9999951124191284,0.9993757009506226,0.9769210815429688,0.9939818382263184,0.9988217353820801,0.9998801946640015,0.9999393820762634,0.9999856948852539
3640,train,1.3862462043762207,3.99980737766339,0.567138671875,,,,1.4108307361602783,0.24584540724754333,0.1,0.5,0.9960432052612305,0.995758056640625,7.966064453125,0.995758056640625,0.004241943359375,0.02062937244772911,7.808377653222793e-05,0.843622624874115,0.0045551881194114685,0.8436103463172913,14913536,0.3287439593113959,12459.544529973095,,1.0,0.99951171875,0.974365234375,0.99365234375,0.9990234375,1.0,0.99951171875,1.0,0.999995231628418,0.9993724822998047,0.9764537811279297,0.9938819408416748,0.9988359212875366,0.9998812675476074,0.9999393224716187,0.9999854564666748
3660,train,1.4284899234771729,4.172393798389137,0.557861328125,,,,1.4530744552612305,0.24584555625915527,0.1,0.5,0.996069610118866,0.995758056640625,7.966064453125,0.995758056640625,0.004241943359375,0.020501332357525826,7.67663801382712e-05,0.8683046102523804,0.002444504527375102,0.8683012127876282,14995456,0.29671020805835724,13804.715472392494,,1.0,0.9990234375,0.97412109375,0.994873046875,0.998291015625,1.0,0.999755859375,1.0,0.9999948740005493,0.999381422996521,0.976574182510376,0.9939212203025818,0.9988720417022705,0.9998853802680969,0.9999418258666992,0.9999855160713196
3680,train,1.3414877653121948,3.8247295745388046,0.578369140625,,,,1.3660866022109985,0.24598804116249084,0.1,0.5,0.9960412383079529,0.99591064453125,7.96728515625,0.99591064453125,0.00408935546875,0.02064184844493866,7.546349134932549e-05,0.785047173500061,0.004793682135641575,0.7850325107574463,15077376,0.30431895796209574,13459.56238621905,,1.0,0.999267578125,0.976318359375,0.992431640625,0.999267578125,1.0,1.0,1.0,0.9999946355819702,0.999380350112915,0.9765735864639282,0.9936797022819519,0.9988906383514404,0.9998831152915955,0.9999424815177917,0.9999852180480957
3700,train,1.3412342071533203,3.82375990608856,0.583251953125,,,,1.3658746480941772,0.24640390276908875,0.1,0.5,0.9959880709648132,0.996337890625,7.970703125,0.996337890625,0.003662109375,0.02085179090499878,7.417532438980949e-05,0.792360246181488,0.002439282601699233,0.7923564910888672,15159296,0.31505512492731214,13000.899448771092,,1.0,0.999267578125,0.9775390625,0.995361328125,0.998779296875,0.999755859375,1.0,1.0,0.9999393224716187,0.9993609189987183,0.9762831926345825,0.9936290979385376,0.998883843421936,0.9998801946640015,0.9999426007270813,0.99998539686203
3720,train,1.4370169639587402,4.2081240895357785,0.55712890625,,,,1.4615864753723145,0.2456952929496765,0.1,0.5,0.9959495067596436,0.99560546875,7.96484375,0.99560546875,0.00439453125,0.021021626889705658,7.290209106353981e-05,0.8843246698379517,0.00293731945566833,0.8843197822570801,15241216,0.31255045905709267,13105.083935428793,,1.0,1.0,0.974853515625,0.99072265625,0.99951171875,0.999755859375,1.0,1.0,0.9999940395355225,0.9993363618850708,0.9759773015975952,0.9936056733131409,0.9988745450973511,0.9998790621757507,0.9999440312385559,0.9999854564666748
3740,train,1.374900221824646,3.954682112268872,0.57421875,,,,1.399478554725647,0.24578335881233215,0.1,0.5,0.9958786368370056,0.995697021484375,7.965576171875,0.995697021484375,0.004302978515625,0.02129717357456684,7.164400071890549e-05,0.8104134798049927,0.0023933437187224627,0.8104099631309509,15323136,0.3057852080091834,13395.023345527517,,1.0,0.9990234375,0.974609375,0.993408203125,0.998779296875,0.999755859375,1.0,1.0,0.9999953508377075,0.9993550777435303,0.97550368309021,0.9935105443000793,0.9988579750061035,0.9998776316642761,0.9999441504478455,0.9999851584434509
3749,validation,,,,1.5462670040130615,4.693915070274711,0.5392919921875,,0.25,,0.5,0.995896977186203,1.0,8.0,1.0,0.0,0.021223284304142,,,,,,,,5.408242749981582,1.0,1.0,1.0,1.0,1.0,1.0,1.0,1.0,0.9999956488609314,0.9993594884872437,0.9756172895431519,0.993540346622467,0.9988569021224976,0.9998774528503418,0.9999438524246216,0.9999847412109375
3760,train,1.4028143882751465,4.066628949338028,0.57568359375,,,,1.4274429082870483,0.24628473818302155,0.1,0.5,0.9959176778793335,0.9962158203125,7.9697265625,0.9962158203125,0.0037841796875,0.021135248243808746,7.040126021444665e-05,0.8504883646965027,0.004303769674152136,0.8504774570465088,15405056,0.3112057917751372,13161.70877359371,,1.0,0.999267578125,0.97705078125,0.99560546875,0.997802734375,1.0,1.0,1.0,0.9999952912330627,0.9993505477905273,0.9757171273231506,0.9936032295227051,0.9988654255867004,0.9998795986175537,0.9999450445175171,0.9999850988388062
3780,train,1.3866112232208252,4.001267649228131,0.57373046875,,,,1.4112548828125,0.24643650650978088,0.1,0.5,0.995853841304779,0.996368408203125,7.970947265625,0.996368408203125,0.003631591796875,0.02139604464173317,6.9174073884842e-05,0.9736823439598083,0.00508375559002161,0.9736691117286682,15486976,0.3047334589064121,13441.254579327104,,1.0,0.99951171875,0.977294921875,0.99462890625,0.99951171875,1.0,1.0,1.0,0.9999949932098389,0.9993168115615845,0.9752923250198364,0.9935570955276489,0.9988617897033691,0.9998781681060791,0.9999446272850037,0.9999850988388062
3800,train,1.3616650104522705,3.9026859079954304,0.572265625,,,,1.3862513303756714,0.24586302042007446,0.1,0.5,0.9958102703094482,0.99578857421875,7.96630859375,0.99578857421875,0.00421142578125,0.02156456559896469,6.796264350731174e-05,0.8142734169960022,0.004645037930458784,0.8142601847648621,15568896,0.42067195754498243,9736.803051727105,,1.0,0.998291015625,0.976806640625,0.99267578125,0.9990234375,0.999755859375,0.999755859375,1.0,0.9999951124191284,0.9993062019348145,0.9749475717544556,0.9935886263847351,0.9988383054733276,0.9998767971992493,0.9999443292617798,0.9999852180480957
3820,train,1.3644300699234009,3.9134919994861126,0.57958984375,,,,1.3889824151992798,0.24552297592163086,0.1,0.5,0.9957445859909058,0.99542236328125,7.96337890625,0.99542236328125,0.00457763671875,0.021812010556459427,6.676716826844083e-05,0.8299654126167297,0.00428226450458169,0.8299543857574463,15650816,0.3233551662415266,12667.185892247466,,1.0,0.999267578125,0.972412109375,0.99365234375,0.998291015625,1.0,0.999755859375,1.0,0.9999948740005493,0.9993144273757935,0.9744536280632019,0.9935713410377502,0.9988166689872742,0.9998761415481567,0.9999440312385559,0.9999854564666748
3840,train,1.4060311317443848,4.079731313627015,0.55615234375,,,,1.4305951595306396,0.24564070999622345,0.1,0.5,0.9957119226455688,0.99554443359375,7.96435546875,0.99554443359375,0.00445556640625,0.021919449791312218,6.558784473142812e-05,0.8546081185340881,0.005203605629503727,0.8545922636985779,15732736,0.36185762472450733,11319.369056043528,,1.0,0.999755859375,0.973388671875,0.9921875,0.9990234375,1.0,1.0,1.0,0.9999940991401672,0.9993165135383606,0.9741389751434326,0.9936257004737854,0.9988120794296265,0.9998766183853149,0.9999462366104126,0.99998539686203
3860,train,1.3818035125732422,3.9820768809423535,0.578125,,,,1.406348705291748,0.24545222520828247,0.1,0.5,0.9956235289573669,0.995361328125,7.962890625,0.995361328125,0.004638671875,0.022223491221666336,6.442486680376695e-05,0.8107014298439026,0.002482644049450755,0.8106976747512817,15814656,0.303551624994725,13493.586140648,,1.0,0.99853515625,0.974365234375,0.991943359375,0.998291015625,0.999755859375,1.0,1.0,0.9999947547912598,0.9993142485618591,0.9733686447143555,0.9936752319335938,0.9988245964050293,0.999876856803894,0.999948263168335,0.9999852180480957
3880,train,1.4448999166488647,4.241427625286884,0.546630859375,,,,1.4694679975509644,0.24568027257919312,0.1,0.5,0.9956015944480896,0.995574951171875,7.964599609375,0.995574951171875,0.004425048828125,0.022326316684484482,6.327842570536232e-05,0.8462448716163635,0.003907126374542713,0.8462358713150024,15896576,0.32380716735497117,12649.503818764428,,1.0,1.0,0.9716796875,0.99365234375,0.99951171875,1.0,0.999755859375,1.0,0.9999947547912598,0.9993124008178711,0.9733210802078247,0.9935500621795654,0.9988265633583069,0.9998747110366821,0.9999483823776245,0.999984622001648
3900,train,1.4486074447631836,4.257182024344849,0.548095703125,,,,1.4732125997543335,0.24605128169059753,0.1,0.5,0.9956002235412598,0.9959716796875,7.9677734375,0.9959716796875,0.0040283203125,0.022342834621667862,6.214870993709013e-05,0.885897696018219,0.001461649895645678,0.8858965039253235,15978496,0.32083520805463195,12766.678647383773,,1.0,0.99951171875,0.9755859375,0.99365234375,0.99951171875,0.999755859375,1.0,0.999755859375,0.9999950528144836,0.9992939829826355,0.9733381271362305,0.9935398697853088,0.9988310933113098,0.9998701810836792,0.999948263168335,0.9999846816062927
3920,train,1.3414748907089233,3.824680332979895,0.590087890625,,,,1.3660262823104858,0.24551381170749664,0.1,0.5,0.9955971240997314,0.99542236328125,7.96337890625,0.99542236328125,0.00457763671875,0.022328762337565422,6.10359052498032e-05,0.8373535871505737,0.0028281507547944784,0.8373488187789917,16060416,0.3353939997032285,12212.502321521324,,1.0,0.998291015625,0.973876953125,0.99365234375,0.99755859375,1.0,1.0,1.0,0.9999946355819702,0.9992915391921997,0.9732144474983215,0.993614137172699,0.9988536834716797,0.9998735785484314,0.9999496936798096,0.9999849200248718
3940,train,1.3293704986572266,3.7786639646827473,0.5830078125,,,,1.353905200958252,0.245347261428833,0.1,0.5,0.9955579042434692,0.9952392578125,7.9619140625,0.9952392578125,0.0047607421875,0.022472258657217026,5.994019461378977e-05,0.8416094779968262,0.007449062541127205,0.8415765166282654,16142336,0.3164048339240253,12945.44065336096,,1.0,0.997802734375,0.97119140625,0.994873046875,0.998291015625,1.0,0.999755859375,1.0,0.999994695186615,0.9993020296096802,0.9729118347167969,0.9936069250106812,0.9988412261009216,0.9998719692230225,0.9999493360519409,0.9999846816062927
3960,train,1.3230913877487183,3.7550116500280613,0.593017578125,,,,1.3477199077606201,0.24628472328186035,0.1,0.5,0.9955386519432068,0.9962158203125,7.9697265625,0.9962158203125,0.0037841796875,0.022581111639738083,5.8861758188688994e-05,0.8160364031791687,0.001824554638005793,0.8160343170166016,16224256,0.31490154191851616,13007.240215609614,,1.0,0.9990234375,0.97705078125,0.995361328125,0.99853515625,0.999755859375,1.0,1.0,0.9999955892562866,0.9992905855178833,0.9729430079460144,0.9934488534927368,0.9988303184509277,0.9998684525489807,0.999948263168335,0.9999842047691345
3980,train,1.3962123394012451,4.039869297724162,0.5634765625,,,,1.4208205938339233,0.24608200788497925,0.1,0.5,0.9955915212631226,0.996002197265625,7.968017578125,0.996002197265625,0.003997802734375,0.022393928840756416,5.780077329386861e-05,0.8398297429084778,0.0033606283832341433,0.8398230075836182,16306176,0.31682620802894235,12928.223411447789,,1.0,0.999267578125,0.975341796875,0.99462890625,0.9990234375,0.999755859375,1.0,1.0,0.9999944567680359,0.9992760419845581,0.9733614921569824,0.9934632778167725,0.9988363981246948,0.9998690485954285,0.9999477863311768,0.9999837875366211
3999,validation,,,,1.5418776774406433,4.673357094967865,0.54044921875,,0.25,,0.5,0.9955748438835144,1.0,8.0,1.0,0.0,0.022438024915754796,,,,,,,,4.9742319588549435,1.0,1.0,1.0,1.0,1.0,1.0,1.0,1.0,0.9999960064888,0.9992786645889282,0.9731777310371399,0.9934894442558289,0.9988566637039185,0.9998692870140076,0.999949038028717,0.9999837279319763
4000,train,1.344717264175415,3.8371015011604657,0.57470703125,,,,1.3692928552627563,0.24575643241405487,0.1,0.5,0.9955818057060242,0.99566650390625,7.96533203125,0.99566650390625,0.00433349609375,0.022408615797758102,5.6757414379269524e-05,0.854682445526123,0.0026829526759684086,0.854678213596344,16388096,0.23503420827910304,17427.250398954697,,1.0,0.999755859375,0.97412109375,0.9931640625,0.998291015625,1.0,1.0,1.0,0.9999956488609314,0.9992780089378357,0.9732122421264648,0.9935078620910645,0.9988585710525513,0.9998698234558105,0.9999492168426514,0.9999834299087524
4020,train,1.4097682237625122,4.095006168948025,0.563720703125,,,,1.4343091249465942,0.24540913105010986,0.1,0.5,0.9955138564109802,0.99530029296875,7.96240234375,0.99530029296875,0.00469970703125,0.022647209465503693,5.573185299672248e-05,0.9038378596305847,0.0019442056072875857,0.9038357734680176,16470016,0.32430520793423057,12630.077777938963,,1.0,0.998291015625,0.97119140625,0.993896484375,0.999267578125,0.999755859375,1.0,1.0,0.9999938011169434,0.9992787837982178,0.9726481437683105,0.9935257434844971,0.9988623857498169,0.9998695850372314,0.9999488592147827,0.9999836087226868
4040,train,1.3835859298706055,3.9891809329661756,0.562744140625,,,,1.40811026096344,0.24524299800395966,0.1,0.5,0.9954793453216553,0.9951171875,7.9609375,0.9951171875,0.0048828125,0.022764014080166817,5.472425777174096e-05,0.8610577583312988,0.005658723879605532,0.8610392212867737,16551936,0.31472712522372603,13014.448618269966,,1.0,0.998779296875,0.96875,0.994873046875,0.99853515625,1.0,1.0,1.0,0.9999954104423523,0.9992692470550537,0.9723313450813293,0.9935705661773682,0.9988653659820557,0.9998692274093628,0.9999496936798096,0.9999837875366211
4060,train,1.3697688579559326,3.934441175584792,0.581787109375,,,,1.3942959308624268,0.24527126550674438,0.1,0.5,0.995439887046814,0.995147705078125,7.961181640625,0.995147705078125,0.004852294921875,0.02291150391101837,5.3734794375795196e-05,0.8516578078269958,0.006063792388886213,0.8516361713409424,16633856,0.6160991252399981,6648.280823973619,,1.0,0.99853515625,0.968994140625,0.9951171875,0.9990234375,0.99951171875,1.0,1.0,0.9999367594718933,0.9992608428001404,0.972150981426239,0.9935064315795898,0.9988635182380676,0.9998674392700195,0.9999496936798096,0.9999840259552002
4080,train,1.3351402282714844,3.8005288506457298,0.582763671875,,,,1.3596926927566528,0.2455243468284607,0.1,0.5,0.9953663349151611,0.99542236328125,7.96337890625,0.99542236328125,0.00457763671875,0.023211808875203133,5.276362549907239e-05,0.8149513602256775,0.0029495246708393097,0.8149461150169373,16715776,0.3193830410018563,12824.726031637332,,1.0,0.9990234375,0.972412109375,0.99267578125,0.99951171875,1.0,0.999755859375,1.0,0.9999957084655762,0.9992626309394836,0.9716638922691345,0.9933528900146484,0.9988542795181274,0.9998681545257568,0.9999492764472961,0.9999839067459106
4100,train,1.3980149030685425,4.047157986530126,0.5703125,,,,1.4224998950958252,0.24485036730766296,0.1,0.5,0.9954379796981812,0.994720458984375,7.957763671875,0.994720458984375,0.005279541015625,0.022944284602999687,5.181091082372629e-05,0.8538672924041748,0.00398966995999217,0.8538579344749451,16797696,0.3133445419371128,13071.872816671092,,1.0,0.99951171875,0.96923828125,0.990478515625,0.99853515625,1.0,1.0,1.0,0.9999954700469971,0.9992600679397583,0.9721618890762329,0.9934292435646057,0.9988515973091125,0.9998710751533508,0.9999502897262573,0.9999837875366211
4120,train,1.3794026374816895,3.9725278793131946,0.575927734375,,,,1.4039509296417236,0.24548247456550598,0.1,0.5,0.9954479932785034,0.995391845703125,7.963134765625,0.995391845703125,0.004608154296875,0.02291928417980671,5.087680699762229e-05,0.8623451590538025,0.0017957681557163596,0.8623433113098145,16879616,0.3161858753301203,12954.405365905379,,1.0,0.9990234375,0.974609375,0.9912109375,0.99853515625,0.999755859375,1.0,1.0,0.9999939799308777,0.9992502927780151,0.9722934365272522,0.993384838104248,0.99885493516922,0.9998725056648254,0.9999502897262573,0.999983549118042
4140,train,1.3968404531478882,4.042407592250094,0.56689453125,,,,1.4213640689849854,0.2452358603477478,0.1,0.5,0.9954760074615479,0.9951171875,7.9609375,0.9951171875,0.0048828125,0.02282925695180893,4.996146760858055e-05,0.876137375831604,0.00836693961173296,0.8760974407196045,16961536,0.3141663749702275,13037.677887673894,,1.0,0.9990234375,0.9697265625,0.99462890625,0.998291015625,0.999755859375,0.99951171875,1.0,0.9999958872795105,0.9992362260818481,0.97259521484375,0.9932926297187805,0.9988781213760376,0.9998753666877747,0.9999511241912842,0.9999836683273315
4160,train,1.3966891765594482,4.041796116872575,0.56103515625,,,,1.4212446212768555,0.24555447697639465,0.1,0.5,0.995471179485321,0.995452880859375,7.963623046875,0.995452880859375,0.004547119140625,0.022848114371299744,4.9065043159123064e-05,0.8285620808601379,0.00418684259057045,0.8285514712333679,17043456,0.30096720810979605,13609.456079034815,,1.0,0.9990234375,0.972412109375,0.992919921875,0.999267578125,1.0,1.0,1.0,0.9999955892562866,0.9992421865463257,0.972586452960968,0.9932457208633423,0.9988911151885986,0.9998745918273926,0.999950647354126,0.9999834299087524
4180,train,1.3426671028137207,3.829242882392751,0.587158203125,,,,1.3672364950180054,0.24569419026374817,0.1,0.5,0.9954813122749329,0.99560546875,7.96484375,0.99560546875,0.00439453125,0.02281409129500389,4.81876810417273e-05,0.8339146375656128,0.0046613262966275215,0.833901584148407,17125376,0.33558395877480507,12205.589370106445,,1.0,0.998779296875,0.974365234375,0.992919921875,0.9990234375,0.999755859375,1.0,1.0,0.9999955296516418,0.999241828918457,0.9727131128311157,0.9931766390800476,0.9989132881164551,0.9998751878738403,0.9999507069587708,0.9999839067459106
4200,train,1.3770984411239624,3.9633849326601367,0.577392578125,,,,1.4016741514205933,0.2457568347454071,0.1,0.5,0.9954451322555542,0.99566650390625,7.96533203125,0.99566650390625,0.00433349609375,0.0229497030377388,4.7329525514591865e-05,0.8396357297897339,0.0020129489712417126,0.8396332859992981,17207296,0.31524866726249456,12992.917735602763,,1.0,0.998779296875,0.973876953125,0.993896484375,0.998779296875,1.0,1.0,1.0,0.999995768070221,0.9992339611053467,0.9724521040916443,0.9931521415710449,0.9989175796508789,0.9998754262924194,0.9999499917030334,0.9999840259552002
4220,train,1.3743767738342285,3.952612583557041,0.5693359375,,,,1.398934006690979,0.24557211995124817,0.1,0.5,0.9954317808151245,0.995452880859375,7.963623046875,0.995452880859375,0.004547119140625,0.02298809215426445,4.6490717677916956e-05,0.8523837327957153,0.004593983292579651,0.852371335029602,17289216,0.3396972920745611,12057.794087746091,,1.0,1.0,0.969482421875,0.995361328125,0.9990234375,1.0,0.999755859375,1.0,0.9999955296516418,0.9992382526397705,0.972283124923706,0.9932239055633545,0.9989042282104492,0.9998757839202881,0.9999491572380066,0.9999840259552002
4240,train,1.3769381046295166,3.9627495083561084,0.573974609375,,,,1.4014174938201904,0.24479421973228455,0.1,0.5,0.9954600930213928,0.994659423828125,7.957275390625,0.994659423828125,0.005340576171875,0.02287307381629944,4.5671395450704284e-05,0.8284846544265747,0.0009908219799399376,0.828484058380127,17371136,0.3279444999061525,12489.918267182855,,1.0,0.99951171875,0.96826171875,0.991943359375,0.99755859375,1.0,1.0,1.0,0.9999954700469971,0.9992285966873169,0.972443699836731,0.9932863712310791,0.9989128112792969,0.9998791813850403,0.9999496340751648,0.999984622001648
4249,validation,,,,1.5308419728279115,4.622066839113067,0.543291015625,,0.25,,0.5,0.9954162609577178,1.0,8.0,1.0,0.0,0.023044955618679523,,,,,,,,4.946047749835998,1.0,1.0,1.0,1.0,1.0,1.0,1.0,1.0,0.9999961256980896,0.9992294907569885,0.972175121307373,0.9932138919830322,0.998903751373291,0.9998779892921448,0.9999493956565857,0.9999846816062927
4260,train,1.3811606168746948,3.9795176435937996,0.571533203125,,,,1.4056869745254517,0.24526381492614746,0.1,0.5,0.9953777194023132,0.995147705078125,7.961181640625,0.995147705078125,0.004852294921875,0.023192930966615677,4.487169354808029e-05,0.8041456341743469,0.00553068658336997,0.8041266202926636,17453056,0.32699058298021555,12526.354620578866,,1.0,0.998291015625,0.97021484375,0.993896484375,0.998779296875,1.0,1.0,1.0,0.9999945163726807,0.9992295503616333,0.971910834312439,0.9931766390800476,0.998898983001709,0.9998773336410522,0.999949038028717,0.999984622001648
4280,train,1.3589521646499634,3.8921128709062276,0.582763671875,,,,1.3835424184799194,0.24590227007865906,0.1,0.5,0.9953337907791138,0.995819091796875,7.966552734375,0.995819091796875,0.004180908203125,0.023377232253551483,4.4091743459145615e-05,0.840214192867279,0.00422574020922184,0.840203583240509,17534976,0.3082482907921076,13287.989333126496,,1.0,0.9990234375,0.97509765625,0.993408203125,0.9990234375,1.0,1.0,1.0,0.9999951720237732,0.9992214441299438,0.9717268347740173,0.9930079579353333,0.9989089965820312,0.9998771548271179,0.9999487400054932,0.999984622001648
4300,train,1.3707473278045654,3.938292791684136,0.566650390625,,,,1.3952209949493408,0.2447367012500763,0.1,0.5,0.9953574538230896,0.994598388671875,7.956787109375,0.994598388671875,0.005401611328125,0.02329247258603573,4.333167342535562e-05,0.8781972527503967,0.00286560389213264,0.8781926035881042,17616896,0.30009137513116,13649.176015837755,,1.0,0.998779296875,0.968017578125,0.990966796875,0.999267578125,1.0,0.999755859375,1.0,0.9999958276748657,0.999214768409729,0.9719205498695374,0.9930006265640259,0.9989126920700073,0.9998800754547119,0.9999499320983887,0.9999848008155823
4320,train,1.3623046875,3.905183165229186,0.576171875,,,,1.386801838874817,0.2449711263179779,0.1,0.5,0.995298445224762,0.994842529296875,7.958740234375,0.994842529296875,0.005157470703125,0.023518050089478493,4.2591608419434414e-05,0.8622704148292542,0.004505313467234373,0.8622586727142334,17698816,0.3051327080465853,13423.667446934774,,1.0,0.99951171875,0.96923828125,0.990966796875,0.999267578125,0.999755859375,1.0,1.0,0.9999958872795105,0.9992125034332275,0.9715511798858643,0.9928932189941406,0.9989205598831177,0.9998792409896851,0.9999499320983887,0.999984622001648
4340,train,1.4028961658477783,4.0669615219806055,0.564697265625,,,,1.4274224042892456,0.2452627718448639,0.1,0.5,0.9952271580696106,0.995147705078125,7.961181640625,0.995147705078125,0.004852294921875,0.023799465969204903,4.18716701248265e-05,0.8622065782546997,0.0037251838948577642,0.862198531627655,17780736,0.3184662088751793,12861.647125662239,,1.0,0.99951171875,0.970703125,0.9921875,0.9990234375,0.999755859375,1.0,1.0,0.9999961256980896,0.9992176294326782,0.9711578488349915,0.9927175045013428,0.9989131093025208,0.9998801350593567,0.9999499320983887,0.9999847412109375
4360,train,1.3766793012619019,3.961724068137747,0.578369140625,,,,1.4012341499328613,0.24554798007011414,0.1,0.5,0.995242714881897,0.995452880859375,7.963623046875,0.995452880859375,0.004547119140625,0.0237433984875679,4.1171976915689365e-05,0.8624851107597351,0.005213369615375996,0.8624693751335144,17862656,0.3117017080076039,13140.768544970819,,1.0,0.999755859375,0.97412109375,0.990478515625,0.99951171875,0.999755859375,1.0,1.0,0.9999961853027344,0.9992061853408813,0.9712662696838379,0.9927442073822021,0.9989120960235596,0.9998817443847656,0.9999501705169678,0.9999849796295166
4380,train,1.346601963043213,3.8443401011632634,0.584228515625,,,,1.3711479902267456,0.24546071887016296,0.1,0.5,0.9952690601348877,0.995361328125,7.962890625,0.995361328125,0.004638671875,0.02363833785057068,4.049264383742998e-05,0.8590846657752991,0.0037838781718164682,0.8590763211250305,17944576,0.32657454209402204,12542.312617928272,,1.0,0.9990234375,0.97265625,0.993408203125,0.998291015625,0.999755859375,0.999755859375,1.0,0.9999960064888,0.9991990327835083,0.9713983535766602,0.9928305149078369,0.9989126324653625,0.9998800754547119,0.9999508261680603,0.9999850392341614
4400,train,1.3266232013702393,3.7682970983764257,0.5849609375,,,,1.3511474132537842,0.24524225294589996,0.1,0.5,0.995302677154541,0.9951171875,7.9609375,0.9951171875,0.0048828125,0.023510577157139778,3.9833782587788806e-05,0.8262715339660645,0.004064906854182482,0.8262615203857422,18026496,0.31697262497618794,12922.251567647854,,1.0,0.9990234375,0.968994140625,0.993896484375,0.9990234375,1.0,1.0,1.0,0.9999961256980896,0.9992011785507202,0.9716127514839172,0.9928905963897705,0.9989059567451477,0.9998804330825806,0.9999501705169678,0.999984860420227
4420,train,1.3535188436508179,3.871023117895123,0.573974609375,,,,1.3780118227005005,0.24493014812469482,0.1,0.5,0.9953441619873047,0.994781494140625,7.958251953125,0.994781494140625,0.005218505859375,0.02336227335035801,3.9195501498474075e-05,0.8898047804832458,0.002498599933460355,0.8898012638092041,18108416,0.37053820909932256,11054.190632475555,,1.0,1.0,0.96630859375,0.99267578125,0.999267578125,1.0,1.0,1.0,0.9999961853027344,0.9992014765739441,0.9719228148460388,0.9929170608520508,0.9989011883735657,0.9998809099197388,0.9999492168426514,0.9999847412109375
4440,train,1.3119583129882812,3.7134386715379986,0.589599609375,,,,1.33650803565979,0.24549701809883118,0.1,0.5,0.9953294992446899,0.995391845703125,7.963134765625,0.995391845703125,0.004608154296875,0.023405959829688072,3.857790551734975e-05,0.8733111023902893,0.009738387539982796,0.8732568025588989,18190336,0.30308495834469795,13514.362515284005,,1.0,0.9990234375,0.9716796875,0.993896484375,0.9990234375,0.99951171875,1.0,1.0,0.9999962449073792,0.9992029070854187,0.9717670679092407,0.992952823638916,0.9989020824432373,0.9998810291290283,0.9999492764472961,0.9999849796295166
4460,train,1.3432912826538086,3.831633764695383,0.58544921875,,,,1.3678843975067139,0.24593135714530945,0.1,0.5,0.9952875375747681,0.995849609375,7.966796875,0.995849609375,0.004150390625,0.023530542850494385,3.798109619117956e-05,0.8605200052261353,0.007407643832266331,0.8604881763458252,18272256,0.33244812535122037,12320.719196935499,,1.0,0.999755859375,0.9755859375,0.992431640625,0.999267578125,0.999755859375,1.0,1.0,0.9999946355819702,0.9992023706436157,0.9713276624679565,0.9930366277694702,0.9989224672317505,0.9998821020126343,0.9999493360519409,0.999984860420227
4480,train,1.3371305465698242,3.808100645401811,0.58056640625,,,,1.3616782426834106,0.2454763799905777,0.1,0.5,0.9951810240745544,0.995361328125,7.962890625,0.995361328125,0.004638671875,0.023957975208759308,3.74051716489305e-05,0.8402514457702637,0.002893647411838174,0.8402464389801025,18354176,0.30319820810109377,13509.314667962326,,1.0,0.99951171875,0.97021484375,0.994384765625,0.998779296875,1.0,1.0,1.0,0.9999963641166687,0.9991902112960815,0.9707369208335876,0.9927989840507507,0.998912513256073,0.9998806715011597,0.9999481439590454,0.9999843835830688
4499,validation,,,,1.5320102167129517,4.627469695746738,0.544677734375,,0.25,,0.5,0.9950821280479432,1.0,8.0,1.0,0.0,0.024338763393461704,,,,,,,,5.289398249704391,1.0,1.0,1.0,1.0,1.0,1.0,1.0,1.0,0.9999961853027344,0.9991874098777771,0.9701404571533203,0.9926100969314575,0.9989116191864014,0.9998796582221985,0.9999467730522156,0.9999845623970032
4500,train,1.3679792881011963,3.927406514647718,0.584716796875,,,,1.3924745321273804,0.2449520379304886,0.1,0.5,0.9950815439224243,0.99481201171875,7.95849609375,0.99481201171875,0.00518798828125,0.0243392214179039,3.685022658563817e-05,0.8524417281150818,0.0029592164792120457,0.8524366021156311,18436096,0.2628780831582844,15581.3674186513,,1.0,1.0,0.967529296875,0.991943359375,0.9990234375,1.0,1.0,1.0,0.9999955296516418,0.9991875290870667,0.9701226949691772,0.9926226139068604,0.9989120960235596,0.9998802542686462,0.9999474287033081,0.9999843835830688
4520,train,1.3111464977264404,3.7104252686792463,0.583251953125,,,,1.3356821537017822,0.24535685777664185,0.1,0.5,0.9951144456863403,0.9952392578125,7.9619140625,0.9952392578125,0.0047607421875,0.024197060614824295,3.631635224683681e-05,0.8314657807350159,0.005955873988568783,0.8314444422721863,18518016,0.3330685421824455,12297.769021237458,,1.0,0.99951171875,0.969970703125,0.993896484375,0.998779296875,1.0,1.0,0.999755859375,0.9999951124191284,0.9991894364356995,0.9702557325363159,0.9927422404289246,0.9989202618598938,0.999880313873291,0.9999480247497559,0.9999845027923584
4540,train,1.3996284008026123,4.053693337740168,0.5703125,,,,1.424091100692749,0.2446274757385254,0.1,0.5,0.9951503276824951,0.994476318359375,7.955810546875,0.994476318359375,0.005523681640625,0.024043457582592964,3.580363641355644e-05,0.8572964072227478,0.0033245605882257223,0.8572899699211121,18599936,0.3010897501371801,13603.917098253307,,1.0,0.9990234375,0.96630859375,0.991455078125,0.99951171875,0.999755859375,0.999755859375,1.0,0.9999963045120239,0.9991855621337891,0.9703930616378784,0.992887020111084,0.9989261627197266,0.9998811483383179,0.9999487400054932,0.9999848008155823
4560,train,1.3850712776184082,3.9951106566411787,0.568115234375,,,,1.4096447229385376,0.24573495984077454,0.1,0.5,0.9951504468917847,0.995635986328125,7.965087890625,0.995635986328125,0.004364013671875,0.0240505188703537,3.531216338788963e-05,0.9091434478759766,0.004590359982103109,0.9091318845748901,18681856,0.3014796250499785,13586.324446705066,,1.0,0.9990234375,0.972412109375,0.99462890625,0.9990234375,1.0,1.0,1.0,0.9999960660934448,0.9991871118545532,0.9704523682594299,0.992812991142273,0.9989407062530518,0.999880313873291,0.9999486804008484,0.9999850392341614
4580,train,1.3554039001464844,3.878327097212362,0.5791015625,,,,1.37990403175354,0.2450014054775238,0.1,0.5,0.9951404333114624,0.994873046875,7.958984375,0.994873046875,0.005126953125,0.02404548041522503,3.4842013979130404e-05,0.8970815539360046,0.0030656701419502497,0.8970763683319092,18763776,0.33934829104691744,12070.194864879097,,1.0,0.998779296875,0.96875,0.9931640625,0.99853515625,0.999755859375,1.0,1.0,0.9998732805252075,0.9991742372512817,0.9704635143280029,0.9928404092788696,0.9989569187164307,0.999880313873291,0.9999492764472961,0.9999850988388062
4600,train,1.3435871601104736,3.8327676264823523,0.578369140625,,,,1.368186354637146,0.24599218368530273,0.1,0.5,0.9951016306877136,0.99591064453125,7.96728515625,0.99591064453125,0.00408935546875,0.024231862276792526,3.439326549048734e-05,0.8692618608474731,0.006325685419142246,0.8692388534545898,18845696,0.3551958748139441,11531.66545682867,,1.0,0.99951171875,0.975341796875,0.993408203125,0.999267578125,0.999755859375,1.0,1.0,0.9999961853027344,0.9991711974143982,0.9701155424118042,0.992764949798584,0.9989533424377441,0.9998791217803955,0.9999481439590454,0.9999847412109375
4620,train,1.3392016887664795,3.81599593665072,0.590087890625,,,,1.363742709159851,0.24541041254997253,0.1,0.5,0.9951233863830566,0.99530029296875,7.96240234375,0.99530029296875,0.00469970703125,0.024152124300599098,3.396599170637318e-05,0.8494323492050171,0.003836066462099552,0.8494237065315247,18927616,0.3059505829587579,13387.782956282652,,1.0,0.99951171875,0.97119140625,0.992919921875,0.999267578125,0.999755859375,1.0,0.999755859375,0.9999957084655762,0.9991607069969177,0.9702906012535095,0.9927511215209961,0.9989748001098633,0.9998807311058044,0.9999483823776245,0.9999847412109375
4640,train,1.3569409847259521,3.884292997859962,0.574951171875,,,,1.3814303874969482,0.24489451944828033,0.1,0.5,0.9951416850090027,0.9947509765625,7.9580078125,0.9947509765625,0.0052490234375,0.024098891764879227,3.356026288027287e-05,0.8848268985748291,0.003081010654568672,0.8848215341567993,19009536,0.3087492501363158,13266.428981419635,,1.0,0.999755859375,0.967041015625,0.9921875,0.9990234375,1.0,1.0,1.0,0.9999960660934448,0.9991559982299805,0.9705028533935547,0.9926843047142029,0.9989800453186035,0.9998805522918701,0.9999486207962036,0.9999850392341614
4660,train,1.3451592922210693,3.838797982556556,0.57177734375,,,,1.3696390390396118,0.24479719996452332,0.1,0.5,0.9951045513153076,0.994659423828125,7.957275390625,0.994659423828125,0.005340576171875,0.024243753403425217,3.317614572319256e-05,0.8542295694351196,0.005581672769039869,0.8542113304138184,19091456,0.3097827909514308,13222.167659539842,,1.0,0.999267578125,0.968017578125,0.9912109375,0.998779296875,1.0,1.0,1.0,0.9999960660934448,0.9991512298583984,0.9702762365341187,0.9926249980926514,0.9989733099937439,0.9998800754547119,0.9999489188194275,0.9999849796295166
4680,train,1.3108677864074707,3.7093912752582026,0.59375,,,,1.3354254961013794,0.24557767808437347,0.1,0.5,0.9951342344284058,0.9954833984375,7.9638671875,0.9954833984375,0.0045166015625,0.024131685495376587,3.281370339269052e-05,0.9118853211402893,0.005568136926740408,0.9118683338165283,19173376,0.3090001670643687,13255.656263599205,,1.0,0.999267578125,0.9736328125,0.992431640625,0.9990234375,1.0,0.99951171875,1.0,0.9999960660934448,0.9991399645805359,0.9704481363296509,0.9927057027816772,0.998969316482544,0.9998807907104492,0.999949038028717,0.9999849796295166
4700,train,1.3280813694000244,3.773795916858343,0.578857421875,,,,1.352675437927246,0.24594105780124664,0.1,0.5,0.9950927495956421,0.995849609375,7.966796875,0.995849609375,0.004150390625,0.02431360073387623,3.2472995482492835e-05,0.8403974175453186,0.001431334880180657,0.8403962254524231,19255296,0.30212108325213194,13557.478200161644,,1.0,0.9990234375,0.973388671875,0.995361328125,0.9990234375,1.0,1.0,1.0,0.9999960660934448,0.9991505146026611,0.9703011512756348,0.9925335645675659,0.998949408531189,0.9998780488967896,0.999948263168335,0.999984860420227
4720,train,1.3936116695404053,4.029376581359385,0.56689453125,,,,1.4180878400802612,0.24476119875907898,0.1,0.5,0.9951428174972534,0.99462890625,7.95703125,0.99462890625,0.00537109375,0.024111565202474594,3.215407801269468e-05,0.9211708903312683,0.0051193395629525185,0.921156644821167,19337216,0.3050675829872489,13426.533097655292,,1.0,0.9970703125,0.968505859375,0.992431640625,0.999267578125,1.0,0.999755859375,1.0,0.9999958872795105,0.9991464614868164,0.9705855250358582,0.9926262497901917,0.99897301197052,0.9998800754547119,0.9999499917030334,0.9999851584434509
4740,train,1.333595633506775,3.7946631049461392,0.591552734375,,,,1.3581656217575073,0.24569997191429138,0.1,0.5,0.9951300024986267,0.99560546875,7.96484375,0.99560546875,0.00439453125,0.024147415533661842,3.1857003420549485e-05,0.8825473785400391,0.006509323604404926,0.8825233578681946,19419136,0.32616820791736245,12557.937593469433,,1.0,0.99951171875,0.973388671875,0.9931640625,0.9990234375,0.999755859375,1.0,1.0,0.9999957084655762,0.9991490244865417,0.9704380035400391,0.9926724433898926,0.9989713430404663,0.9998791217803955,0.9999496340751648,0.9999850392341614
4749,validation,,,,1.5226340365409852,4.584284478704133,0.546318359375,,0.25,,0.5,0.9951165175437927,1.0,8.0,1.0,0.0,0.024196386337280273,,,,,,,,4.956025874707848,1.0,1.0,1.0,1.0,1.0,1.0,1.0,1.0,0.9999961256980896,0.9991533756256104,0.9703333973884583,0.992676854133606,0.9989603161811829,0.9998779892921448,0.9999493360519409,0.9999848008155823
4760,train,1.361091136932373,3.9004469024108106,0.57958984375,,,,1.3856005668640137,0.24509397149085999,0.1,0.5,0.9951154589653015,0.994964599609375,7.959716796875,0.994964599609375,0.005035400390625,0.02420688234269619,3.158182055184696e-05,0.8457379937171936,0.0038223820738494396,0.8457293510437012,19501056,0.3328386661596596,12306.262512286317,,1.0,0.9990234375,0.96875,0.992431640625,0.99951171875,1.0,1.0,1.0,0.9999929666519165,0.9991538524627686,0.9703443050384521,0.9926655888557434,0.9989553689956665,0.9998774528503418,0.9999489784240723,0.9999851584434509
4780,train,1.335213303565979,3.800806585558383,0.57373046875,,,,1.359743356704712,0.2453005462884903,0.1,0.5,0.9951546788215637,0.99517822265625,7.96142578125,0.99517822265625,0.00482177734375,0.024048050865530968,3.1328574652881767e-05,0.8866539597511292,0.005561991594731808,0.8866365551948547,19582976,0.3103587911464274,13197.628412167342,,1.0,0.999267578125,0.96923828125,0.99462890625,0.998291015625,1.0,1.0,1.0,0.9999927282333374,0.9991471767425537,0.9705467820167542,0.9927732348442078,0.998964250087738,0.9998786449432373,0.9999494552612305,0.9999852180480957
4800,train,1.3200576305389404,3.743637118868908,0.590576171875,,,,1.3446868658065796,0.24629279971122742,0.1,0.5,0.9951152801513672,0.9962158203125,7.9697265625,0.9962158203125,0.0037841796875,0.02420339547097683,3.109730736301406e-05,0.8739022016525269,0.007428993005305529,0.8738706111907959,19664896,0.35905137518420815,11407.838217855546,,1.0,0.999755859375,0.975830078125,0.994384765625,1.0,0.999755859375,1.0,1.0,0.9999938607215881,0.9991487860679626,0.970314621925354,0.9926971197128296,0.99895840883255,0.9998757839202881,0.9999484419822693,0.999984622001648
4820,train,1.3434498310089111,3.832241312087678,0.57763671875,,,,1.3679397106170654,0.24489843845367432,0.1,0.5,0.9951045513153076,0.994781494140625,7.958251953125,0.994781494140625,0.005218505859375,0.02423347532749176,3.088805670782293e-05,0.8946202397346497,0.004501023795455694,0.8946089148521423,19746816,0.3169234171509743,12924.257970021728,,1.0,0.998779296875,0.970947265625,0.99072265625,0.998046875,0.999755859375,1.0,1.0,0.9999960064888,0.9991399049758911,0.9701765775680542,0.9927591681480408,0.9989537000656128,0.9998770952224731,0.9999488592147827,0.999984860420227
4840,train,1.363312005996704,3.9091189104061996,0.57373046875,,,,1.3878434896469116,0.24531447887420654,0.1,0.5,0.9951134324073792,0.995208740234375,7.961669921875,0.995208740234375,0.004791259765625,0.024211112409830093,3.070085709285425e-05,0.8831672072410583,0.01024662610143423,0.8831077814102173,19828736,0.3002141662873328,13643.593340894342,,0.999755859375,0.999755859375,0.97216796875,0.99169921875,0.99853515625,0.999755859375,1.0,1.0,0.9999958872795105,0.9991405606269836,0.9702926874160767,0.9927171468734741,0.9989506006240845,0.9998775124549866,0.9999485015869141,0.999984622001648
4860,train,1.3405396938323975,3.821105175877227,0.58251953125,,,,1.3651212453842163,0.24581530690193176,0.1,0.5,0.9950923919677734,0.9957275390625,7.9658203125,0.9957275390625,0.0042724609375,0.024291764944791794,3.0535739297963565e-05,0.8858065009117126,0.004396882373839617,0.8857955932617188,19910656,0.3019954590126872,13563.117847503534,,1.0,0.999267578125,0.974365234375,0.993408203125,0.9990234375,0.999755859375,1.0,1.0,0.9999924898147583,0.9991394877433777,0.9701662063598633,0.9926794767379761,0.9989511966705322,0.9998766779899597,0.9999490976333618,0.999984622001648
4880,train,1.3254663944244385,3.763940426519158,0.590087890625,,,,1.3499493598937988,0.2448292374610901,0.1,0.5,0.9951072931289673,0.99468994140625,7.95751953125,0.99468994140625,0.00531005859375,0.024235470220446587,3.0392730472255136e-05,0.846924364566803,0.004072063136845827,0.8469145894050598,19992576,0.3101848750375211,13205.028128803935,,1.0,0.999267578125,0.967529296875,0.992431640625,0.99853515625,0.999755859375,1.0,1.0,0.9999958276748657,0.9991388320922852,0.9702891111373901,0.9926590323448181,0.9989629983901978,0.9998779296875,0.9999497532844543,0.9999846816062927
4900,train,1.3388550281524658,3.814673310420703,0.57568359375,,,,1.3633581399917603,0.24503067135810852,0.1,0.5,0.9950898885726929,0.994903564453125,7.959228515625,0.994903564453125,0.005096435546875,0.0243094302713871,3.0271854129618143e-05,0.8862730264663696,0.0028226743452250957,0.8862685561180115,20074496,0.33530508261173964,12215.740865290993,,1.0,0.999267578125,0.968994140625,0.99267578125,0.9990234375,0.999755859375,0.99951171875,1.0,0.9999953508377075,0.9991283416748047,0.9701789617538452,0.9926555156707764,0.9989526271820068,0.9998748302459717,0.9999490976333618,0.9999844431877136
4920,train,1.2798831462860107,3.596219469414192,0.59521484375,,,,1.3044278621673584,0.24544718861579895,0.1,0.5,0.9950818419456482,0.995330810546875,7.962646484375,0.995330810546875,0.004669189453125,0.024321462959051132,3.0173130144860357e-05,0.844681441783905,0.0027458970434963703,0.8446769714355469,20156416,0.32868787506595254,12461.670510900718,,1.0,0.99951171875,0.97021484375,0.993408203125,0.99951171875,1.0,1.0,1.0,0.9999960660934448,0.9991287589073181,0.9700481295585632,0.9927077293395996,0.9989649057388306,0.9998748898506165,0.9999498128890991,0.9999844431877136
4940,train,1.3037664890289307,3.6831430930972644,0.592529296875,,,,1.3282607793807983,0.24494335055351257,0.1,0.5,0.9951035380363464,0.99481201171875,7.95849609375,0.99481201171875,0.00518798828125,0.024259159341454506,3.00965747504403e-05,0.9241936802864075,0.003383026923984289,0.9241874814033508,20238336,0.30941908387467265,13237.709674232787,,1.0,0.999267578125,0.96875,0.991455078125,0.999267578125,0.999755859375,1.0,1.0,0.9999958276748657,0.9991226196289062,0.9702746272087097,0.9926687479019165,0.998958170413971,0.9998745918273926,0.9999492764472961,0.9999843835830688
4960,train,1.3125522136688232,3.715644740320208,0.590576171875,,,,1.337023138999939,0.24470974504947662,0.1,0.5,0.995040774345398,0.99456787109375,7.95654296875,0.99456787109375,0.00543212890625,0.024486806243658066,3.0042200533798295e-05,0.9192652702331543,0.004109727218747139,0.9192560911178589,20320256,0.30918204225599766,13247.858672880424,,1.0,0.999267578125,0.9677734375,0.990234375,0.999267578125,1.0,1.0,1.0,0.9999957084655762,0.9991199970245361,0.9698083996772766,0.9926448464393616,0.9989502429962158,0.9998738765716553,0.9999488592147827,0.9999841451644897
4980,train,1.3410652875900269,3.8231140527852494,0.5859375,,,,1.3655179738998413,0.24452725052833557,0.1,0.5,0.9950491786003113,0.994384765625,7.955078125,0.994384765625,0.005615234375,0.024446114897727966,3.001001643528678e-05,0.8323834538459778,0.0025306979659944773,0.8323796391487122,20402176,0.3135574581101537,13062.996570667003,,1.0,0.999755859375,0.96826171875,0.988525390625,0.999267578125,0.99951171875,0.999755859375,1.0,0.9999955892562866,0.9991186857223511,0.9698190689086914,0.9926943182945251,0.9989603757858276,0.9998726844787598,0.9999485015869141,0.999984085559845
4999,train,1.3342690467834473,3.797219342066915,0.579833984375,,,,1.3587692975997925,0.24500292539596558,0.1,0.5,0.9950836300849915,0.994873046875,7.958984375,0.994873046875,0.005126953125,0.024303115904331207,2.9999999999999997e-05,0.9141494035720825,0.002616479527205229,0.9141457080841064,20480000,0.31681987503543496,12928.481837011897,,1.0,0.9990234375,0.96875,0.9921875,0.999267578125,0.999755859375,1.0,1.0,0.9999961853027344,0.9991180896759033,0.96998530626297,0.9927888512611389,0.9989749193191528,0.9998730421066284,0.9999485611915588,0.9999841451644897
4999,validation,,,,1.5204406929016114,4.574240586381917,0.5472216796875,,0.25,,0.5,0.9950756359100342,1.0,8.0,1.0,0.0,0.024332876987755298,,,,,,,,6.009840166661888,1.0,1.0,1.0,1.0,1.0,1.0,1.0,1.0,0.9999961256980896,0.9991186261177063,0.9699370861053467,0.992774248123169,0.9989742040634155,0.9998727440834045,0.9999477863311768,0.9999844431877136
