step,split,train_loss,train_perplexity,train_accuracy,val_loss,val_perplexity,val_accuracy,total_loss,density_loss,lambda_density,target_density,mean_soft_gate,mean_hard_gate,layers_per_token,compute_fraction,skip_fraction,routing_entropy,learning_rate,gradient_norm,router_gradient_norm,transformer_gradient_norm,tokens_processed,seconds_per_step,tokens_per_second,validation_time_sec,layer_0_density,layer_1_density,layer_2_density,layer_3_density,layer_4_density,layer_5_density,layer_6_density,layer_7_density,layer_0_soft_probability,layer_1_soft_probability,layer_2_soft_probability,layer_3_soft_probability,layer_4_soft_probability,layer_5_soft_probability,layer_6_soft_probability,layer_7_soft_probability
0,train,4.184417247772217,65.65522903532276,0.0185546875,,,,4.184417247772217,0.16009026765823364,0.0,0.5,0.8999860882759094,0.90008544921875,7.20068359375,0.90008544921875,0.09991455078125,0.32511258125305176,2.9999999999999997e-05,6.008662223815918,0.01617506705224514,6.008640289306641,4096,0.37398679181933403,10952.258447615712,,0.892578125,0.90380859375,0.904541015625,0.89892578125,0.8994140625,0.89306640625,0.90478515625,0.903564453125,0.8999910354614258,0.8999065160751343,0.9001412391662598,0.9001247882843018,0.9001573324203491,0.8997073173522949,0.8997523784637451,0.900107741355896
20,train,3.4781854152679443,32.400874567820324,0.151123046875,,,,3.4781854152679443,0.16681592166423798,0.0,0.5,0.9074629545211792,0.90838623046875,7.26708984375,0.90838623046875,0.09161376953125,0.3081932067871094,6.599999999999999e-05,1.1611361503601074,0.0074873133562505245,1.1611120700836182,86016,0.26471325010061264,15473.347097068945,,0.900390625,0.8994140625,0.905517578125,0.90869140625,0.915771484375,0.90771484375,0.91357421875,0.916015625,0.9001044034957886,0.9002867937088013,0.9043519496917725,0.9073984622955322,0.9107252359390259,0.9090180397033691,0.9122761487960815,0.9155426025390625
40,train,3.0036935806274414,20.15986165094807,0.237060546875,,,,3.0036935806274414,0.169573575258255,0.0,0.5,0.907630443572998,0.9117431640625,7.2939453125,0.9117431640625,0.0882568359375,0.30775541067123413,0.00012599999999999997,1.5313342809677124,0.044531602412462234,1.530686616897583,167936,0.26559737510979176,15421.839159015819,,0.916015625,0.9013671875,0.906982421875,0.907958984375,0.908447265625,0.9130859375,0.917236328125,0.9228515625,0.9007004499435425,0.9022258520126343,0.9038091897964478,0.9063059091567993,0.9103223085403442,0.9098700284957886,0.9108493328094482,0.9169604778289795
60,train,2.7690958976745605,15.944212292011589,0.2490234375,,,,2.7690958976745605,0.17774802446365356,0.0,0.5,0.9211313128471375,0.9212646484375,7.3701171875,0.9212646484375,0.0787353515625,0.27335259318351746,0.000186,0.9841603636741638,0.046574585139751434,0.9830577373504639,249856,0.2706724996678531,15132.678809359179,,0.91259765625,0.896484375,0.90673828125,0.914306640625,0.916015625,0.9365234375,0.9384765625,0.948974609375,0.9019284248352051,0.9037237167358398,0.9079093337059021,0.9157495498657227,0.9260121583938599,0.9288060069084167,0.9354634881019592,0.9494582414627075
80,train,2.642108917236328,14.04278747836088,0.265380859375,,,,2.642108917236328,0.18529552221298218,0.0,0.5,0.9294853806495667,0.929962158203125,7.439697265625,0.929962158203125,0.070037841796875,0.24946314096450806,0.00024599999999999996,0.9382819533348083,0.03824503719806671,0.9375022053718567,331776,0.27139033284038305,15092.65255372616,,0.90576171875,0.90478515625,0.912353515625,0.922119140625,0.939453125,0.93798828125,0.954345703125,0.962890625,0.9035189151763916,0.9064700603485107,0.9121865630149841,0.9217215776443481,0.9353994131088257,0.9422523975372314,0.9507145881652832,0.9636191129684448
100,train,2.588052272796631,13.303834112207719,0.2587890625,,,,2.588052272796631,0.19420817494392395,0.0,0.5,0.9395601749420166,0.94000244140625,7.52001953125,0.94000244140625,0.05999755859375,0.2197681963443756,0.0002999999722532997,0.9778444766998291,0.024755628779530525,0.9775310158729553,413696,0.3737858342938125,10958.146682413757,,0.90234375,0.916015625,0.917724609375,0.936767578125,0.949462890625,0.955810546875,0.964111328125,0.977783203125,0.9054423570632935,0.9107816219329834,0.9179856777191162,0.932857096195221,0.9496986865997314,0.9572781324386597,0.9654356241226196,0.9770025610923767
120,train,2.5492820739746094,12.79791252926237,0.263916015625,,,,2.5492820739746094,0.19548282027244568,0.0,0.5,0.9417005777359009,0.94146728515625,7.53173828125,0.94146728515625,0.05853271484375,0.21221399307250977,0.0002999877638895945,0.8109855651855469,0.01892917975783348,0.8107646107673645,495616,0.26979154208675027,15182.09195261929,,0.90576171875,0.917724609375,0.918701171875,0.933837890625,0.95263671875,0.959716796875,0.96875,0.974609375,0.9072654247283936,0.9124408960342407,0.9204314947128296,0.9338201284408569,0.9490516185760498,0.9610002636909485,0.9690741300582886,0.980520486831665
140,train,2.5180230140686035,12.404049775248163,0.265380859375,,,,2.5180230140686035,0.19849419593811035,0.0,0.5,0.9447098970413208,0.944671630859375,7.557373046875,0.944671630859375,0.055328369140625,0.20205742120742798,0.0002999533604809292,0.9260121583938599,0.033955737948417664,0.9253894090652466,577536,0.2766829580068588,14803.947556099434,,0.90771484375,0.911376953125,0.92333984375,0.933837890625,0.957763671875,0.9677734375,0.96923828125,0.986328125,0.9089799523353577,0.9128503799438477,0.9223819971084595,0.9346336722373962,0.9530788660049438,0.9657375812530518,0.9739699959754944,0.9860471487045288
160,train,2.532888412475586,12.58981825735115,0.279541015625,,,,2.532888412475586,0.19922778010368347,0.0,0.5,0.9455868601799011,0.945526123046875,7.564208984375,0.945526123046875,0.054473876953125,0.1977483332157135,0.0002998967676840031,0.7316529750823975,0.03955954313278198,0.7305827140808105,659456,0.26816529175266623,15274.161593506351,,0.91015625,0.9091796875,0.92919921875,0.93798828125,0.95263671875,0.9609375,0.978759765625,0.9853515625,0.9102755188941956,0.9161245822906494,0.924261748790741,0.9353119730949402,0.9536278247833252,0.9651581048965454,0.9752379059791565,0.9846973419189453
180,train,2.4853482246398926,12.00530006832503,0.274169921875,,,,2.4853482246398926,0.2016080617904663,0.0,0.5,0.9484294652938843,0.948150634765625,7.585205078125,0.948150634765625,0.051849365234375,0.18941527605056763,0.0002998179948039535,0.8176603317260742,0.03650480881333351,0.8168450593948364,741376,0.275132916867733,14887.349891213144,,0.910888671875,0.91943359375,0.926513671875,0.937255859375,0.949462890625,0.9716796875,0.978515625,0.991455078125,0.9122374653816223,0.9168165922164917,0.9259767532348633,0.9363222718238831,0.9560708403587341,0.9680984020233154,0.9808324575424194,0.9910805225372314
200,train,2.476774215698242,11.902806536310516,0.279296875,,,,2.476774215698242,0.20286458730697632,0.0,0.5,0.9484649896621704,0.949615478515625,7.596923828125,0.949615478515625,0.050384521484375,0.18570220470428467,0.00029971705479282546,0.5728312730789185,0.027856040745973587,0.5721535682678223,823296,0.3408951251767576,12015.425559037203,,0.9189453125,0.920166015625,0.924560546875,0.94189453125,0.94921875,0.967529296875,0.983642578125,0.990966796875,0.9132281541824341,0.9184821844100952,0.9257383346557617,0.9354697465896606,0.9527044892311096,0.9700669646263123,0.9823286533355713,0.989701509475708
220,train,2.4878103733062744,12.03489532088261,0.27197265625,,,,2.4878103733062744,0.20382586121559143,0.0,0.5,0.9504194259643555,0.95050048828125,7.60400390625,0.95050048828125,0.04949951171875,0.1785861849784851,0.00029959396424744254,0.829192042350769,0.0309400986880064,0.8286145925521851,905216,0.26738608442246914,15318.673029851223,,0.914306640625,0.919677734375,0.921875,0.935546875,0.959228515625,0.975341796875,0.984619140625,0.993408203125,0.9146715402603149,0.9200006127357483,0.9252585172653198,0.9339272975921631,0.9575905799865723,0.9726167917251587,0.9862856864929199,0.993004560470581
240,train,2.4768686294555664,11.903930378050537,0.279296875,,,,2.4768686294555664,0.20385000109672546,0.0,0.5,0.951955258846283,0.950531005859375,7.604248046875,0.950531005859375,0.049468994140625,0.17199763655662537,0.0002994487434066776,0.5908015370368958,0.015700679272413254,0.5905928611755371,987136,0.26141300005838275,15668.692831210456,,0.91015625,0.920166015625,0.928955078125,0.934326171875,0.95849609375,0.971435546875,0.987060546875,0.99365234375,0.9163009524345398,0.9211965799331665,0.9281371235847473,0.9332590699195862,0.9621990323066711,0.9752012491226196,0.9868292808532715,0.9925190806388855
249,validation,,,,2.4175972318649293,11.218870559314004,0.292861328125,,0.25,,0.5,0.9510005068778992,1.0,8.0,1.0,0.0,0.1680673512816429,,,,,,,,4.077822332736105,1.0,1.0,1.0,1.0,1.0,1.0,1.0,1.0,0.9166349172592163,0.9219300746917725,0.9290935397148132,0.9238488078117371,0.9593082666397095,0.9775089025497437,0.9876177906990051,0.9920617938041687
260,train,2.427792549133301,11.333835560560384,0.292236328125,,,,2.427792549133301,0.20304548740386963,0.0,0.5,0.951135516166687,0.949554443359375,7.596435546875,0.949554443359375,0.050445556640625,0.17260313034057617,0.00029928141614812506,0.651160478591919,0.04265956953167915,0.6497616171836853,1069056,0.31373495887964964,13055.605963157095,,0.916259765625,0.91357421875,0.922119140625,0.929443359375,0.959716796875,0.977783203125,0.984619140625,0.992919921875,0.9176156520843506,0.9215089678764343,0.9257636070251465,0.9285556674003601,0.9598994255065918,0.9751714468002319,0.9869423508644104,0.9936268329620361
280,train,2.4305148124694824,11.364731279626888,0.282470703125,,,,2.4305148124694824,0.20725008845329285,0.0,0.5,0.9541311860084534,0.95440673828125,7.63525390625,0.95440673828125,0.04559326171875,0.1620802879333496,0.00029909200998417515,0.7239850759506226,0.02302120253443718,0.7236189842224121,1150976,0.3144498751498759,13025.923441844994,,0.923828125,0.92041015625,0.934326171875,0.933837890625,0.965576171875,0.97802734375,0.9853515625,0.993896484375,0.9185667037963867,0.9238916635513306,0.9309806823730469,0.9295837879180908,0.9682968258857727,0.9797332286834717,0.9879945516586304,0.9940024614334106
300,train,2.3936986923217773,10.953934341485335,0.30810546875,,,,2.3936986923217773,0.20881730318069458,0.0,0.5,0.9561740756034851,0.956024169921875,7.648193359375,0.956024169921875,0.043975830078125,0.15387937426567078,0.00029888055605748994,0.7452940344810486,0.03904199227690697,0.7442707419395447,1232896,0.27315462520346045,14995.16984912511,,0.91650390625,0.931396484375,0.940185546875,0.92431640625,0.970458984375,0.9814453125,0.9892578125,0.99462890625,0.9200339317321777,0.9282270669937134,0.9376313090324402,0.9240697622299194,0.9711792469024658,0.9832910299301147,0.989841878414154,0.9951187372207642
320,train,2.3646903038024902,10.640742909553504,0.29443359375,,,,2.3646903038024902,0.21436405181884766,0.0,0.5,0.9620107412338257,0.96221923828125,7.69775390625,0.96221923828125,0.03778076171875,0.13888823986053467,0.00029864708913588306,0.6882111430168152,0.027065930888056755,0.6876787543296814,1314816,0.27010483387857676,15164.482401826695,,0.92236328125,0.936767578125,0.946533203125,0.942626953125,0.973876953125,0.98388671875,0.994140625,0.99755859375,0.9218934774398804,0.9348657131195068,0.9480383992195129,0.9422847032546997,0.9760127663612366,0.9858068823814392,0.9916704297065735,0.9955133199691772
340,train,2.3871121406555176,10.88202277160762,0.302001953125,,,,2.3871121406555176,0.21836689114570618,0.0,0.5,0.9675519466400146,0.966522216796875,7.732177734375,0.966522216796875,0.033477783203125,0.1245713010430336,0.0002983916476066029,0.6776472330093384,0.04567141458392143,0.6761064529418945,1396736,0.2611237498931587,15686.04924552408,,0.916015625,0.941162109375,0.9580078125,0.95556640625,0.98291015625,0.98681640625,0.994384765625,0.997314453125,0.9231547117233276,0.9419454336166382,0.9612699151039124,0.9540795087814331,0.9818844199180603,0.9884387254714966,0.9932708740234375,0.9963721036911011
360,train,2.3390936851501465,10.371832156195584,0.310546875,,,,2.3390936851501465,0.22240638732910156,0.0,0.5,0.9707297682762146,0.97100830078125,7.76806640625,0.97100830078125,0.02899169921875,0.11445239931344986,0.0002981142734700209,0.9157256484031677,0.03251275420188904,0.9151483178138733,1478656,0.27771929232403636,14748.7053049987,,0.920654296875,0.952880859375,0.970703125,0.964111328125,0.982421875,0.987548828125,0.9931640625,0.99658203125,0.924473226070404,0.9484031200408936,0.9692991971969604,0.9598732590675354,0.9830689430236816,0.990135669708252,0.994214653968811,0.9963703155517578
380,train,2.328001022338867,10.257416678713742,0.30615234375,,,,2.328001022338867,0.22616493701934814,0.0,0.5,0.9758299589157104,0.974945068359375,7.799560546875,0.974945068359375,0.025054931640625,0.098758764564991,0.0002978150123327258,0.6819566488265991,0.03093170002102852,0.6812548041343689,1560576,0.2527862498536706,16203.412971912181,,0.91845703125,0.95947265625,0.978759765625,0.972900390625,0.98681640625,0.991455078125,0.995361328125,0.996337890625,0.9267033338546753,0.9564064145088196,0.9787923097610474,0.9723736047744751,0.9885748624801636,0.9924100637435913,0.995236873626709,0.9961416721343994
400,train,2.320373058319092,10.179471134200709,0.315185546875,,,,2.320373058319092,0.22843489050865173,0.0,0.5,0.9782919883728027,0.977447509765625,7.819580078125,0.977447509765625,0.022552490234375,0.08946718275547028,0.0002974939134000249,0.8821946382522583,0.011114438995718956,0.882124662399292,1642496,0.2593887089751661,15790.972614741499,,0.927001953125,0.96435546875,0.982177734375,0.971435546875,0.992919921875,0.9921875,0.99462890625,0.994873046875,0.9277422428131104,0.9642131924629211,0.9832020401954651,0.9757958054542542,0.9909194707870483,0.9935158491134644,0.9947824478149414,0.9961646199226379
420,train,2.2725670337677,9.704280082112094,0.330810546875,,,,2.2725670337677,0.2308821976184845,0.0,0.5,0.9800105094909668,0.98004150390625,7.84033203125,0.98004150390625,0.01995849609375,0.08331343531608582,0.0002971510294678535,0.8199272155761719,0.020966025069355965,0.8196591138839722,1724416,0.26147958263754845,15664.702990128662,,0.932373046875,0.9658203125,0.98486328125,0.97412109375,0.99365234375,0.994873046875,0.995849609375,0.998779296875,0.9289497137069702,0.9676989316940308,0.9865466356277466,0.977933406829834,0.9918895959854126,0.9940788149833679,0.9959896802902222,0.996997594833374
440,train,2.2599849700927734,9.582945134905653,0.325927734375,,,,2.2599849700927734,0.23139509558677673,0.0,0.5,0.9806416034698486,0.980621337890625,7.844970703125,0.980621337890625,0.019378662109375,0.0810399055480957,0.00029678641691409396,0.7425163984298706,0.035413846373558044,0.7416713833808899,1806336,0.25402820901945233,16124.19351303755,,0.93359375,0.96826171875,0.98779296875,0.978515625,0.994873046875,0.98974609375,0.99658203125,0.99560546875,0.9298765659332275,0.968319833278656,0.9875086545944214,0.9796806573867798,0.9928717613220215,0.994326651096344,0.995771050453186,0.9967782497406006
460,train,2.233222484588623,9.329883093307465,0.344970703125,,,,2.233222484588623,0.2335212528705597,0.0,0.5,0.9821632504463196,0.98284912109375,7.86279296875,0.98284912109375,0.01715087890625,0.07544340193271637,0.0002964001356893063,0.7518255114555359,0.03846599534153938,0.7508408427238464,1888256,0.27203229209408164,15057.035944039355,,0.935791015625,0.971923828125,0.988037109375,0.984619140625,0.994384765625,0.993896484375,0.99658203125,0.99755859375,0.9314361810684204,0.9694188237190247,0.9893801212310791,0.9844648838043213,0.9935261607170105,0.9954861402511597,0.9960724115371704,0.9975215196609497
480,train,2.2120308876037598,9.134248200101396,0.34228515625,,,,2.2120308876037598,0.23398521542549133,0.0,0.5,0.9837130904197693,0.9832763671875,7.8662109375,0.9832763671875,0.0167236328125,0.06977648288011551,0.00029599224930687063,0.9336944222450256,0.018056048080325127,0.9335198402404785,1970176,0.27973141707479954,14642.616988941,,0.931396484375,0.974365234375,0.991943359375,0.988037109375,0.993896484375,0.99658203125,0.995361328125,0.99462890625,0.9329702854156494,0.9727085828781128,0.9914849996566772,0.9884688854217529,0.9943322539329529,0.9960188269615173,0.9965775012969971,0.9971433877944946
499,validation,,,,2.206536178588867,9.084195801785205,0.348466796875,,0.25,,0.5,0.9852206349372864,1.0,8.0,1.0,0.0,0.06349475346505642,,,,,,,,4.291828415822238,1.0,1.0,1.0,1.0,1.0,1.0,1.0,1.0,0.9335253834724426,0.9783670902252197,0.9940323829650879,0.9897339344024658,0.9951996803283691,0.9961435794830322,0.9970373511314392,0.9977256655693054
500,train,2.213332176208496,9.146142230301605,0.33935546875,,,,2.213332176208496,0.23376721143722534,0.0,0.5,0.984018862247467,0.9830322265625,7.8642578125,0.9830322265625,0.0169677734375,0.06850440055131912,0.00029556282483254393,0.6932393908500671,0.028688183054327965,0.6926455497741699,2052096,0.21086804196238518,19424.470213132856,,0.9306640625,0.97314453125,0.991455078125,0.986083984375,0.993408203125,0.994873046875,0.996826171875,0.997802734375,0.9341488480567932,0.9738432168960571,0.9916635751724243,0.9885838031768799,0.9943848252296448,0.9955431222915649,0.9965708255767822,0.9974122047424316
520,train,2.219182252883911,9.199804675299525,0.3447265625,,,,2.2196524143218994,0.23512327671051025,0.0019999999999999953,0.5,0.983991265296936,0.984466552734375,7.875732421875,0.984466552734375,0.015533447265625,0.06839969754219055,0.00029511193287343353,0.7307559847831726,0.02566973678767681,0.7303049564361572,2134016,0.2796586249023676,14646.428306761381,,0.934814453125,0.972900390625,0.990478515625,0.988525390625,0.99365234375,0.998046875,0.9990234375,0.998291015625,0.9346367120742798,0.9740094542503357,0.9915262460708618,0.9880846738815308,0.9935563802719116,0.996147096157074,0.996599018573761,0.9973703026771545
540,train,2.1795284748077393,8.842135985733094,0.369384765625,,,,2.1804733276367188,0.23623904585838318,0.0039999999999999975,0.5,0.9857262372970581,0.985626220703125,7.885009765625,0.985626220703125,0.014373779296875,0.0620412640273571,0.00029463964756638725,0.9104421138763428,0.011773334816098213,0.9103659987449646,2215936,0.2684076661244035,15260.36889759161,,0.9345703125,0.97802734375,0.993896484375,0.993896484375,0.99462890625,0.996826171875,0.99560546875,0.99755859375,0.9362010955810547,0.9773022532463074,0.9933039546012878,0.9931625723838806,0.9949170351028442,0.9966604113578796,0.9971816539764404,0.9970806837081909
560,train,2.1628284454345703,8.695698215910442,0.35986328125,,,,2.1642472743988037,0.2364906370639801,0.005999999999999999,0.5,0.9859212636947632,0.985931396484375,7.887451171875,0.985931396484375,0.014068603515625,0.06145615130662918,0.0002941460465658037,0.7700166702270508,0.03181882202625275,0.7693589925765991,2297856,0.26936000026762486,15206.415191306747,,0.937744140625,0.9794921875,0.9912109375,0.992919921875,0.995849609375,0.9970703125,0.997314453125,0.995849609375,0.9377327561378479,0.9770405292510986,0.9932423233985901,0.9927084445953369,0.995064377784729,0.9967026114463806,0.9976388216018677,0.9972403645515442
580,train,2.1256980895996094,8.3787445614354,0.37353515625,,,,2.127586603164673,0.23607799410820007,0.008000000000000002,0.5,0.9867041110992432,0.985504150390625,7.884033203125,0.985504150390625,0.014495849609375,0.05809733271598816,0.00029363121103086404,0.6753576993942261,0.01673317886888981,0.6751503348350525,2379776,0.3083679168485105,13282.834485055104,,0.938232421875,0.97607421875,0.989990234375,0.992919921875,0.994140625,0.99755859375,0.998046875,0.9970703125,0.9393544793128967,0.978067934513092,0.9936259984970093,0.9940676093101501,0.9956037998199463,0.9972637295722961,0.9981095194816589,0.9975399971008301
600,train,2.150935173034668,8.592890480365812,0.36865234375,,,,2.1533029079437256,0.23678192496299744,0.009999999999999997,0.5,0.9867449402809143,0.986236572265625,7.889892578125,0.986236572265625,0.013763427734375,0.05821846053004265,0.0002930952256121879,0.7827669382095337,0.014400066807866096,0.782634437084198,2461696,0.28570125019177794,14336.654100220234,,0.939208984375,0.9775390625,0.994384765625,0.992431640625,0.9921875,0.997802734375,0.9990234375,0.997314453125,0.9408190250396729,0.9785313010215759,0.9938482046127319,0.9935332536697388,0.9949809312820435,0.9967331886291504,0.9980347156524658,0.9974789023399353
620,train,2.1532716751098633,8.61299126041768,0.3623046875,,,,2.1561107635498047,0.23659241199493408,0.011999999999999999,0.5,0.9869297742843628,0.985992431640625,7.887939453125,0.985992431640625,0.014007568359375,0.05741885304450989,0.0002925381784379147,0.7447671294212341,0.02088400535285473,0.7444742918014526,2543616,0.2905260003171861,14098.566033773675,,0.93603515625,0.975341796875,0.995849609375,0.994140625,0.9951171875,0.99658203125,0.99755859375,0.997314453125,0.9420670866966248,0.9780997037887573,0.9940736889839172,0.9935222268104553,0.9953399896621704,0.9965939521789551,0.998030960559845,0.9977104663848877
640,train,2.0587704181671143,7.836328476997164,0.38330078125,,,,2.062106132507324,0.238257497549057,0.014,0.5,0.9876435995101929,0.98785400390625,7.90283203125,0.98785400390625,0.01214599609375,0.05477634072303772,0.0002919601610992131,0.7728819847106934,0.014753302559256554,0.7727411985397339,2625536,0.26599033270031214,15399.055892060973,,0.94873046875,0.977783203125,0.994140625,0.995361328125,0.99462890625,0.996826171875,0.998046875,0.997314453125,0.9436081647872925,0.9799007177352905,0.9945490956306458,0.9942771196365356,0.9958233833312988,0.9968620538711548,0.9982274174690247,0.9979009628295898
660,train,2.082279682159424,8.022737374505656,0.38134765625,,,,2.0860538482666016,0.23587846755981445,0.016000000000000004,0.5,0.9875208735466003,0.98516845703125,7.88134765625,0.98516845703125,0.01483154296875,0.05463612079620361,0.00029136126863522205,0.9285627603530884,0.04828900843858719,0.9273062348365784,2707456,0.2572848331183195,15920.098943867171,,0.9296875,0.97509765625,0.99267578125,0.995849609375,0.9951171875,0.995849609375,0.998779296875,0.998291015625,0.9436465501785278,0.9790021181106567,0.9941785335540771,0.9944325685501099,0.9955189228057861,0.9971811175346375,0.9981825351715088,0.9980255365371704
680,train,2.07889986038208,7.995667723080576,0.386962890625,,,,2.0831923484802246,0.2384663224220276,0.018000000000000006,0.5,0.9881817102432251,0.988037109375,7.904296875,0.988037109375,0.011962890625,0.05228768289089203,0.00029074159951742346,0.9437734484672546,0.01564936712384224,0.9436436295509338,2789376,0.258045915979892,15873.144066031942,,0.94580078125,0.97998046875,0.996337890625,0.993408203125,0.99560546875,0.996337890625,0.9990234375,0.997802734375,0.9459213018417358,0.980581521987915,0.9956103563308716,0.9936262369155884,0.9955962896347046,0.9975483417510986,0.9986113905906677,0.9979584217071533
700,train,2.03084659576416,7.62053514141013,0.392578125,,,,2.03560471534729,0.2379036247730255,0.020000000000000007,0.5,0.9879868030548096,0.987457275390625,7.899658203125,0.987457275390625,0.012542724609375,0.05322874337434769,0.0002901012556334517,0.9579760432243347,0.011656149290502071,0.957905113697052,2871296,0.27020749961957335,15158.720634204385,,0.94580078125,0.977294921875,0.99365234375,0.993896484375,0.9951171875,0.996337890625,0.998779296875,0.998779296875,0.9468469619750977,0.9802887439727783,0.9953444004058838,0.992973804473877,0.9944838285446167,0.9973559379577637,0.9985299110412598,0.9980705976486206
720,train,2.0148565769195557,7.499651680918344,0.3984375,,,,2.0201029777526855,0.2384781837463379,0.021999999999999995,0.5,0.9881299138069153,0.988037109375,7.904296875,0.988037109375,0.011962890625,0.052456486970186234,0.00028944034227034083,0.8547330498695374,0.020903386175632477,0.8544774055480957,2953216,0.26736312499269843,15319.988499206313,,0.94482421875,0.980224609375,0.996337890625,0.993408203125,0.994873046875,0.998046875,0.997802734375,0.998779296875,0.9478387236595154,0.980580747127533,0.9953107833862305,0.9930526614189148,0.9936537742614746,0.9974223971366882,0.9987319707870483,0.998448371887207
740,train,2.0198020935058594,7.536833197819583,0.398193359375,,,,2.0255279541015625,0.2385801076889038,0.023999999999999997,0.5,0.9886652231216431,0.988189697265625,7.905517578125,0.988189697265625,0.011810302734375,0.05138375610113144,0.00028875896809721314,0.777858555316925,0.015906285494565964,0.7776959538459778,3035136,0.27938483329489827,14660.781516642175,,0.94873046875,0.98046875,0.994873046875,0.994140625,0.993896484375,0.997314453125,0.99755859375,0.99853515625,0.9495147466659546,0.9807677865028381,0.9957898855209351,0.9944543838500977,0.9953058958053589,0.997323751449585,0.9982482194900513,0.9979174137115479
749,validation,,,,2.0326307892799376,7.634143787415082,0.39859375,,0.25,,0.5,0.9893096733093262,1.0,8.0,1.0,0.0,0.04799871392548084,,,,,,,,4.165480916853994,1.0,1.0,1.0,1.0,1.0,1.0,1.0,1.0,0.9493945837020874,0.9840381145477295,0.9970402717590332,0.9946871399879456,0.9946414828300476,0.9979908466339111,0.9985421895980835,0.9981430172920227
760,train,2.0150933265686035,7.5014274310175955,0.404541015625,,,,2.021305561065674,0.23893213272094727,0.026000000000000002,0.5,0.9890094995498657,0.988525390625,7.908203125,0.988525390625,0.011474609375,0.04966630041599274,0.00028805724514741114,0.7572202086448669,0.020435038954019547,0.7569444179534912,3117056,0.41043841699138284,9979.572648254307,,0.947509765625,0.979736328125,0.99755859375,0.99267578125,0.99560546875,0.998046875,0.999267578125,0.997802734375,0.950803279876709,0.9810783863067627,0.9961060881614685,0.9942644834518433,0.9952329993247986,0.9976921081542969,0.9985263347625732,0.9983720779418945
780,train,2.0152766704559326,7.502802897971191,0.403564453125,,,,2.0219740867614746,0.23919305205345154,0.028,0.5,0.988886833190918,0.988861083984375,7.910888671875,0.988861083984375,0.011138916015625,0.0506429448723793,0.0002873352888000772,0.807137668132782,0.013196956366300583,0.8070297837257385,3198976,0.2922488753683865,14015.451709906143,,0.953125,0.98095703125,0.99462890625,0.995361328125,0.995849609375,0.996826171875,0.996337890625,0.997802734375,0.9514186382293701,0.9808040857315063,0.9954079389572144,0.9937163591384888,0.9956656694412231,0.9974914193153381,0.9982036352157593,0.998386800289154
800,train,1.9917583465576172,7.328408321569022,0.413818359375,,,,1.9989500045776367,0.2397228181362152,0.030000000000000002,0.5,0.9890205264091492,0.989349365234375,7.914794921875,0.989349365234375,0.010650634765625,0.04960141330957413,0.00028659321776118243,0.8532395958900452,0.019624898210167885,0.8530138731002808,3280896,0.2771996660158038,14776.352579611252,,0.94873046875,0.983154296875,0.99658203125,0.993408203125,0.995849609375,0.998779296875,0.999267578125,0.9990234375,0.9528495073318481,0.9817834496498108,0.9957250952720642,0.9923686385154724,0.9953113794326782,0.9973260164260864,0.9982895255088806,0.9985102415084839
820,train,1.9840312004089355,7.271998862177576,0.418212890625,,,,1.9916443824768066,0.23791036009788513,0.03200000000000001,0.5,0.988822877407074,0.987457275390625,7.899658203125,0.987457275390625,0.012542724609375,0.05065300315618515,0.0002858311540440085,0.8562517166137695,0.02094329334795475,0.8559955954551697,3362816,0.26111654192209244,15686.482249838065,,0.944580078125,0.97900390625,0.99462890625,0.99560546875,0.993408203125,0.9970703125,0.996826171875,0.99853515625,0.9538173675537109,0.980138897895813,0.9950726628303528,0.9918332099914551,0.995389997959137,0.9976094365119934,0.9983004331588745,0.9984208345413208
840,train,1.9863553047180176,7.288919401001097,0.415283203125,,,,1.9945260286331177,0.24031490087509155,0.034,0.5,0.9891692399978638,0.99005126953125,7.92041015625,0.99005126953125,0.00994873046875,0.0491085983812809,0.0002850492229490863,0.9619318842887878,0.024201737716794014,0.9616273641586304,3444736,0.2684518750756979,15257.855803186372,,0.959228515625,0.981201171875,0.995849609375,0.99267578125,0.99609375,0.998291015625,0.998779296875,0.998291015625,0.9546574354171753,0.9805310964584351,0.995878279209137,0.9917208552360535,0.9959874153137207,0.9977436065673828,0.9984805583953857,0.9983548521995544
860,train,1.945085048675537,6.99422667945359,0.417236328125,,,,1.9537142515182495,0.23970001935958862,0.03599999999999999,0.5,0.989724338054657,0.98944091796875,7.91552734375,0.98944091796875,0.01055908203125,0.046892426908016205,0.00028424755304359324,0.7470043897628784,0.033061180263757706,0.7462723851203918,3526656,0.2725845826789737,15026.528498950034,,0.962158203125,0.977783203125,0.99609375,0.990478515625,0.994384765625,0.997802734375,0.99853515625,0.998291015625,0.9562324285507202,0.9820801019668579,0.996487021446228,0.9919745922088623,0.9958928823471069,0.9978200197219849,0.9987558722496033,0.9985520243644714
880,train,1.938708782196045,6.949771505960605,0.40966796875,,,,1.9478329420089722,0.24011027812957764,0.038,0.5,0.989504337310791,0.989837646484375,7.918701171875,0.989837646484375,0.010162353515625,0.047872040420770645,0.00028342627614021435,0.8421853184700012,0.009842855855822563,0.842127799987793,3608576,0.2762050828896463,14829.560546633738,,0.95849609375,0.9814453125,0.996826171875,0.991455078125,0.9951171875,0.998291015625,0.998291015625,0.998779296875,0.9569034576416016,0.9807331562042236,0.9968456029891968,0.9916317462921143,0.9955511093139648,0.9975466728210449,0.9985572099685669,0.9982656836509705
900,train,1.8899837732315063,6.619261270951378,0.44091796875,,,,1.899593472480774,0.2402435839176178,0.039999999999999994,0.5,0.9892504215240479,0.990020751953125,7.920166015625,0.990020751953125,0.009979248046875,0.04944738745689392,0.0002825855272754691,0.8111504316329956,0.015109672211110592,0.8110097050666809,3690496,0.2865059170871973,14296.388855220024,,0.964599609375,0.980712890625,0.996337890625,0.98974609375,0.99560546875,0.99609375,0.998291015625,0.998779296875,0.9576171636581421,0.9814839959144592,0.9962243437767029,0.9904317259788513,0.9950579404830933,0.9969784617424011,0.9983100891113281,0.9978997707366943
920,train,1.8583312034606934,6.413025801436117,0.448486328125,,,,1.8684210777282715,0.24023598432540894,0.042,0.5,0.989245593547821,0.989990234375,7.919921875,0.989990234375,0.010009765625,0.04887576401233673,0.0002817254446875081,0.8798983097076416,0.010259248316287994,0.8798385262489319,3772416,0.26570212515071034,15415.759274325283,,0.96142578125,0.982177734375,0.9970703125,0.990234375,0.992919921875,0.997802734375,0.9990234375,0.999267578125,0.9586268663406372,0.9815661311149597,0.9964816570281982,0.9897214770317078,0.9935667514801025,0.9966245889663696,0.9985499382019043,0.9988273978233337
940,train,1.9380707740783691,6.9453389094904345,0.412353515625,,,,1.948624849319458,0.23986589908599854,0.044000000000000004,0.5,0.9892908334732056,0.9896240234375,7.9169921875,0.9896240234375,0.0103759765625,0.048568807542324066,0.00028084616979338407,0.9316245317459106,0.009693394415080547,0.9315741062164307,3854336,0.25403908267617226,16123.503347794865,,0.962890625,0.9814453125,0.99755859375,0.987060546875,0.995361328125,0.997802734375,0.998046875,0.996826171875,0.9599319696426392,0.9811885952949524,0.9968135356903076,0.9872617721557617,0.9949772357940674,0.9972778558731079,0.9985476732254028,0.9983281493186951
960,train,1.8799493312835693,6.553172812923985,0.442138671875,,,,1.8909850120544434,0.23990508913993835,0.046000000000000006,0.5,0.9895663261413574,0.989654541015625,7.917236328125,0.989654541015625,0.010345458984375,0.047392867505550385,0.00027994784716579927,0.8336970806121826,0.012877377681434155,0.8335976600646973,3936256,0.2851644582115114,14363.641337666024,,0.9609375,0.983642578125,0.996337890625,0.987548828125,0.994384765625,0.997802734375,0.997802734375,0.998779296875,0.9606815576553345,0.9822185039520264,0.9969336986541748,0.9875357151031494,0.9953301548957825,0.9972162246704102,0.9984667301177979,0.9981479644775391
980,train,1.933956265449524,6.9168209615206955,0.41943359375,,,,1.9454491138458252,0.23943382501602173,0.04800000000000001,0.5,0.9897336959838867,0.9891357421875,7.9130859375,0.9891357421875,0.0108642578125,0.04713708534836769,0.00027903062450933475,0.9626646637916565,0.014745327644050121,0.9625517725944519,4018176,0.2797727077268064,14640.455937537978,,0.95654296875,0.98193359375,0.99609375,0.9892578125,0.99462890625,0.99755859375,0.998291015625,0.998779296875,0.9616320133209229,0.9813976287841797,0.9962718486785889,0.9881845712661743,0.9956871867179871,0.9975981116294861,0.9985958337783813,0.9985024929046631
999,validation,,,,1.9265052032470704,6.865474827466589,0.4265771484375,,0.24939513802528382,,0.5,0.9894989538192749,0.99939208984375,7.99513671875,0.99939208984375,0.00060791015625,0.04636366561055184,,,,,,,,4.240745999850333,1.0,1.0,1.0,0.9951367378234863,1.0,1.0,1.0,1.0,0.9619613885879517,0.9837859272956848,0.9972225427627563,0.9843921065330505,0.9935358166694641,0.9974970817565918,0.9988926649093628,0.9987043142318726
1000,train,1.8454288244247437,6.330814016075948,0.449462890625,,,,1.8573647737503052,0.2387191355228424,0.05000000000000002,0.5,0.9889748692512512,0.9884033203125,7.9072265625,0.9884033203125,0.0115966796875,0.0493922084569931,0.0002780946526361643,0.8480269908905029,0.02562015689909458,0.8476398587226868,4100096,0.20773891685530543,19717.056688289904,,0.95703125,0.979736328125,0.99658203125,0.985595703125,0.99365234375,0.998046875,0.997802734375,0.998779296875,0.9620772004127502,0.9816436767578125,0.9962908029556274,0.985419750213623,0.9924800992012024,0.9968914985656738,0.9985591173171997,0.9984369277954102
1020,train,1.8881855010986328,6.607368734081261,0.43701171875,,,,1.9006215333938599,0.23915374279022217,0.052000000000000005,0.5,0.9892292022705078,0.9888916015625,7.9111328125,0.9888916015625,0.0111083984375,0.04724258929491043,0.0002771400854412573,0.8155210614204407,0.017805540934205055,0.8153266906738281,4182016,0.2726824590936303,15021.134889331353,,0.962890625,0.981689453125,0.99609375,0.982666015625,0.9921875,0.99755859375,0.998779296875,0.999267578125,0.9632604122161865,0.9835601449012756,0.9968925714492798,0.9833531975746155,0.9925577640533447,0.996990442276001,0.9987555146217346,0.9984638690948486
1040,train,1.892512559890747,6.636021152698788,0.444091796875,,,,1.905431866645813,0.2392461597919464,0.054,0.5,0.9896149635314941,0.988983154296875,7.911865234375,0.988983154296875,0.011016845703125,0.04746522009372711,0.00027616707987707535,0.8577398061752319,0.010010029189288616,0.857681393623352,4263936,0.28654929203912616,14294.224811557802,,0.961669921875,0.9794921875,0.997314453125,0.98828125,0.993896484375,0.9951171875,0.998779296875,0.997314453125,0.9639462232589722,0.9810625314712524,0.9963894486427307,0.9874700903892517,0.9934723377227783,0.9973608255386353,0.9988358616828918,0.998382568359375
1060,train,1.8228869438171387,6.189702002750004,0.45703125,,,,1.8362332582473755,0.23832634091377258,0.056,0.5,0.9886926412582397,0.988006591796875,7.904052734375,0.988006591796875,0.011993408203125,0.050303518772125244,0.00027517579592776516,0.8552179336547852,0.019249575212597847,0.8550012707710266,4345856,0.2779160002246499,14738.266226806121,,0.9580078125,0.980712890625,0.99609375,0.9814453125,0.99267578125,0.997314453125,0.9990234375,0.998779296875,0.9644935131072998,0.9802579879760742,0.995903730392456,0.9831057786941528,0.9918649196624756,0.9966970682144165,0.998883068561554,0.9983352422714233
1080,train,1.8505809307098389,6.363515210436887,0.45166015625,,,,1.8644384145736694,0.23892273008823395,0.058,0.5,0.988637387752533,0.9886474609375,7.9091796875,0.9886474609375,0.0113525390625,0.050105020403862,0.00027416639658285407,0.863619327545166,0.011311396956443787,0.8635452389717102,4427776,0.2649915828369558,15457.09473542105,,0.9619140625,0.982421875,0.9970703125,0.982177734375,0.989501953125,0.998046875,0.99853515625,0.99951171875,0.9653451442718506,0.98248690366745,0.995991051197052,0.9804215431213379,0.991570770740509,0.9963439702987671,0.9985116720199585,0.9984279870986938
1100,train,1.8128658533096313,6.12798419511996,0.460205078125,,,,1.827265739440918,0.2399977743625641,0.060000000000000005,0.5,0.9895017743110657,0.989776611328125,7.918212890625,0.989776611328125,0.010223388671875,0.04690902680158615,0.00027313904781045063,1.0051953792572021,0.01363281812518835,1.0051029920578003,4509696,0.2688322081230581,15236.269599530477,,0.967041015625,0.978759765625,0.997802734375,0.9873046875,0.99267578125,0.99755859375,0.99951171875,0.99755859375,0.9663387537002563,0.9817529320716858,0.9965502619743347,0.9835981726646423,0.9930264949798584,0.9971544742584229,0.9990243911743164,0.9985689520835876
1120,train,1.8506989479064941,6.364266258980346,0.45068359375,,,,1.8654757738113403,0.23833578824996948,0.06200000000000001,0.5,0.9882893562316895,0.988067626953125,7.904541015625,0.988067626953125,0.011932373046875,0.04982740804553032,0.00027209391852995554,0.851149320602417,0.009468525648117065,0.8510965704917908,4591616,0.27116183331236243,15105.37065620754,,0.966064453125,0.9833984375,0.99658203125,0.9765625,0.988037109375,0.9970703125,0.998046875,0.998779296875,0.9671126008033752,0.9838420748710632,0.996636152267456,0.9757500886917114,0.989890456199646,0.9963588118553162,0.9984784126281738,0.9982460141181946
1140,train,1.8199172019958496,6.171347453477037,0.457275390625,,,,1.835147738456726,0.23797625303268433,0.06400000000000002,0.5,0.9879240989685059,0.987701416015625,7.901611328125,0.987701416015625,0.012298583984375,0.05134798213839531,0.00027103118058428784,0.8396818041801453,0.011727819219231606,0.8395999073982239,4673536,0.26263283425942063,15595.917439455026,,0.966064453125,0.98095703125,0.996826171875,0.977783203125,0.987548828125,0.995361328125,0.998291015625,0.998779296875,0.9672300219535828,0.9804074168205261,0.9964356422424316,0.9799491167068481,0.9866024851799011,0.9954488277435303,0.9988754987716675,0.9984437227249146
1160,train,1.844527006149292,6.3251073458742635,0.44580078125,,,,1.8602908849716187,0.2388468086719513,0.06600000000000002,0.5,0.9876295924186707,0.988616943359375,7.908935546875,0.988616943359375,0.011383056640625,0.051619596779346466,0.00026995100871162977,0.8719030022621155,0.009723605588078499,0.8718487620353699,4755456,0.2728916248306632,15009.621502828022,,0.974853515625,0.98046875,0.996337890625,0.9736328125,0.990478515625,0.9951171875,0.998779296875,0.999267578125,0.9681919813156128,0.9821312427520752,0.9962430596351624,0.9748989343643188,0.9874040484428406,0.9950553178787231,0.9987486600875854,0.9983633756637573
1180,train,1.7956037521362305,6.023110089849708,0.461669921875,,,,1.811814546585083,0.2383936643600464,0.068,0.5,0.9874520897865295,0.988128662109375,7.905029296875,0.988128662109375,0.011871337890625,0.051890283823013306,0.0002688535805166958,0.8628378510475159,0.011658667586743832,0.8627591133117676,4837376,0.2625471670180559,15601.00627449661,,0.968994140625,0.984619140625,0.996337890625,0.971923828125,0.98974609375,0.997314453125,0.99755859375,0.99853515625,0.9687318801879883,0.9803481698036194,0.9957729578018188,0.9707204103469849,0.9903186559677124,0.9967265129089355,0.9989040493965149,0.9980939626693726
1200,train,1.7594367265701294,5.809164324758656,0.4677734375,,,,1.7760244607925415,0.23696807026863098,0.06999999999999999,0.5,0.9875101447105408,0.98663330078125,7.89306640625,0.98663330078125,0.01336669921875,0.050877876579761505,0.00026773907644153075,0.817679226398468,0.013512194156646729,0.8175675868988037,4919296,0.4075375418178737,10050.607808373345,,0.966064453125,0.980712890625,0.996337890625,0.96875,0.988037109375,0.99609375,0.99951171875,0.99755859375,0.9697114825248718,0.9811943173408508,0.996443510055542,0.9713183641433716,0.9876401424407959,0.9961440563201904,0.9990719556808472,0.9985564947128296
1220,train,1.8134934902191162,6.13183155142667,0.45703125,,,,1.8305615186691284,0.237055242061615,0.07200000000000001,0.5,0.986655056476593,0.986724853515625,7.893798828125,0.986724853515625,0.013275146484375,0.052818119525909424,0.00026660767973584067,0.8836259245872498,0.012242338620126247,0.8835410475730896,5001216,0.2611850411631167,15682.368261825317,,0.96826171875,0.981201171875,0.996826171875,0.968994140625,0.982666015625,0.996826171875,0.999755859375,0.999267578125,0.9701895713806152,0.9792071580886841,0.9963252544403076,0.9685605764389038,0.9851346611976624,0.996342658996582,0.9990134239196777,0.9984670877456665
1240,train,1.7598152160644531,5.811363448572756,0.468994140625,,,,1.777371883392334,0.2372516393661499,0.07400000000000001,0.5,0.9857478141784668,0.9869384765625,7.8955078125,0.9869384765625,0.0130615234375,0.0554555244743824,0.00026545957642686263,0.833340048789978,0.008125401102006435,0.8333004117012024,5083136,0.2997790412046015,13663.396825678845,,0.97265625,0.981201171875,0.99658203125,0.966064453125,0.985107421875,0.995849609375,0.999267578125,0.998779296875,0.9703830480575562,0.9787933230400085,0.9962911009788513,0.9637813568115234,0.9842422008514404,0.9952263832092285,0.9989306926727295,0.9983347654342651
1249,validation,,,,1.836844620704651,6.276701607107473,0.4509033203125,,0.24749857306480408,,0.5,0.9864087653160095,0.9974493408203124,7.9795947265625,0.9974493408203124,0.0025506591796875,0.05201666034758091,,,,,,,,4.16372283315286,1.0,1.0,1.0,0.9802099466323853,0.9993994235992432,0.9999853372573853,1.0,1.0,0.9707406759262085,0.9787614345550537,0.9970014691352844,0.9639222025871277,0.985795795917511,0.9969006180763245,0.999285101890564,0.9988633990287781
1260,train,1.7507121562957764,5.758702312148718,0.469970703125,,,,1.7686573266983032,0.23611995577812195,0.07600000000000001,0.5,0.9853220582008362,0.985748291015625,7.885986328125,0.985748291015625,0.014251708984375,0.056580398231744766,0.0002642949552887775,0.7928408980369568,0.008296381682157516,0.7927975058555603,5165056,0.2949065840803087,13889.143956462434,,0.971435546875,0.977294921875,0.9970703125,0.962646484375,0.98583984375,0.994140625,0.9990234375,0.99853515625,0.9712048768997192,0.976099967956543,0.9964020252227783,0.9635450839996338,0.9829738140106201,0.9950253367424011,0.9990308284759521,0.9982944130897522
1280,train,1.7871417999267578,5.972357854453145,0.46923828125,,,,1.8056710958480835,0.23755580186843872,0.07800000000000001,0.5,0.9859029054641724,0.987274169921875,7.898193359375,0.987274169921875,0.012725830078125,0.05543921887874603,0.0002631140078116713,0.7620165348052979,0.009462395682930946,0.7619577646255493,5246976,0.32752083288505673,12506.074694300405,,0.97216796875,0.982421875,0.9970703125,0.971923828125,0.981201171875,0.99609375,0.9990234375,0.998291015625,0.9714980125427246,0.9772617816925049,0.9963317513465881,0.9698814153671265,0.9798226356506348,0.9951817393302917,0.999113142490387,0.9981329441070557
1300,train,1.7306256294250488,5.644183971630514,0.479248046875,,,,1.7493549585342407,0.23411691188812256,0.08,0.5,0.9838991761207581,0.983642578125,7.869140625,0.983642578125,0.016357421875,0.05916428565979004,0.0002619169281700499,0.8876373171806335,0.012078923173248768,0.8875551223754883,5328896,0.26998033421114087,15171.475403822122,,0.969482421875,0.975830078125,0.998291015625,0.95849609375,0.9775390625,0.99365234375,0.998291015625,0.99755859375,0.9722950458526611,0.9783540368080139,0.9959592819213867,0.9583656787872314,0.9759823083877563,0.9937316179275513,0.9989404678344727,0.9975652098655701
1320,train,1.813527226448059,6.132038419789187,0.462646484375,,,,1.8327223062515259,0.23408633470535278,0.08200000000000002,0.5,0.9838800430297852,0.983612060546875,7.868896484375,0.983612060546875,0.016387939453125,0.05928361415863037,0.00026070391319091236,0.8212915062904358,0.012317294254899025,0.8211991786956787,5410816,0.27497462509199977,14895.919936719902,,0.968505859375,0.975830078125,0.99755859375,0.960205078125,0.9755859375,0.9951171875,0.998779296875,0.997314453125,0.9729009866714478,0.9768531322479248,0.9960165023803711,0.958779513835907,0.9759764671325684,0.9943357706069946,0.9989952445030212,0.997183084487915
1340,train,1.7475647926330566,5.74060607440588,0.482177734375,,,,1.7671384811401367,0.23302066326141357,0.08400000000000002,0.5,0.9835749864578247,0.982513427734375,7.860107421875,0.982513427734375,0.017486572265625,0.060047779232263565,0.00025947516232138784,0.8894644975662231,0.011423923075199127,0.8893911242485046,5492736,0.28221595799550414,14513.707974179304,,0.97021484375,0.971923828125,0.99658203125,0.961669921875,0.970947265625,0.9931640625,0.99853515625,0.9970703125,0.9735492467880249,0.9734381437301636,0.9959532022476196,0.9629498720169067,0.9732799530029297,0.9933980107307434,0.998975396156311,0.9970561265945435
1360,train,1.6959691047668457,5.451926894254456,0.490478515625,,,,1.7158080339431763,0.2306847870349884,0.08600000000000002,0.5,0.9815592765808105,0.97998046875,7.83984375,0.97998046875,0.02001953125,0.06261369585990906,0.00025823087759594256,0.7673254013061523,0.012171962298452854,0.7672288417816162,5574656,0.27758737467229366,14755.71432178982,,0.975341796875,0.9736328125,0.99609375,0.95068359375,0.9580078125,0.9892578125,0.998779296875,0.998046875,0.9739739894866943,0.9739660024642944,0.9960112571716309,0.954692006111145,0.9636579751968384,0.9933879971504211,0.9990793466567993,0.99770587682724
1380,train,1.7139962911605835,5.551101026080463,0.490478515625,,,,1.7343838214874268,0.2316761612892151,0.08800000000000001,0.5,0.9794070720672607,0.98101806640625,7.84814453125,0.98101806640625,0.01898193359375,0.06714963912963867,0.0002569712636031599,0.7942759990692139,0.009047296829521656,0.7942245006561279,5656576,0.514751291833818,7957.240836458844,,0.97607421875,0.976806640625,0.9951171875,0.95654296875,0.953125,0.993896484375,0.999267578125,0.997314453125,0.9741793870925903,0.9732451438903809,0.9953669309616089,0.9477957487106323,0.957118570804596,0.9906803369522095,0.9990041255950928,0.9978667497634888
1400,train,1.714813470840454,5.555639127009279,0.487548828125,,,,1.7354403734207153,0.22918757796287537,0.09000000000000002,0.5,0.9791061282157898,0.97833251953125,7.82666015625,0.97833251953125,0.02166748046875,0.06782067567110062,0.0002556965274521024,0.9180009961128235,0.028648395091295242,0.9175539016723633,5738496,0.30013008415699005,13647.41562481118,,0.96826171875,0.973388671875,0.996826171875,0.9462890625,0.95361328125,0.991455078125,0.998779296875,0.998046875,0.9746830463409424,0.9727965593338013,0.9963098764419556,0.9429581165313721,0.9588098526000977,0.9907640218734741,0.9990349411964417,0.9974929094314575
1420,train,1.690103530883789,5.42004181780403,0.497802734375,,,,1.7112653255462646,0.2300197184085846,0.09199999999999998,0.5,0.9784672260284424,0.97930908203125,7.83447265625,0.97930908203125,0.02069091796875,0.06974669545888901,0.0002544068787382575,0.787530779838562,0.060135141015052795,0.7852314710617065,5820416,0.35355058405548334,11585.32946832074,,0.97705078125,0.966552734375,0.995849609375,0.9541015625,0.957763671875,0.98974609375,0.998291015625,0.9951171875,0.9751434326171875,0.9683453440666199,0.9950414299964905,0.9504764080047607,0.9540024995803833,0.9888624548912048,0.9990551471710205,0.9968106746673584
1440,train,1.7287185192108154,5.633430148349682,0.48095703125,,,,1.7501428127288818,0.22791829705238342,0.094,0.5,0.9762324094772339,0.976898193359375,7.815185546875,0.976898193359375,0.023101806640625,0.07091709971427917,0.00025310252950907575,0.8287715911865234,0.01135985553264618,0.8286937475204468,5902336,0.37894041696563363,10809.087172064492,,0.9775390625,0.969482421875,0.99560546875,0.938720703125,0.946533203125,0.990966796875,0.99951171875,0.996826171875,0.9756067991256714,0.9698905944824219,0.9953022003173828,0.940066933631897,0.9438780546188354,0.9892367124557495,0.9989626407623291,0.9969149827957153
1460,train,1.7136777639389038,5.549333130869685,0.480224609375,,,,1.735221266746521,0.22441114485263824,0.096,0.5,0.9739826917648315,0.97314453125,7.78515625,0.97314453125,0.02685546875,0.07575817406177521,0.0002517836942291053,0.8711824417114258,0.016696209087967873,0.8710224628448486,5984256,0.2852327497676015,14360.202337695408,,0.978759765625,0.9609375,0.991943359375,0.9404296875,0.9345703125,0.9853515625,1.0,0.9931640625,0.975892186164856,0.9644336104393005,0.9941412210464478,0.9405416250228882,0.9362478256225586,0.9876536130905151,0.9989240169525146,0.9940270185470581
1480,train,1.7177391052246094,5.571916695361616,0.48291015625,,,,1.7399930953979492,0.22708195447921753,0.098,0.5,0.9755735397338867,0.97607421875,7.80859375,0.97607421875,0.02392578125,0.07388000190258026,0.000250450589744729,0.8576377034187317,0.013376402668654919,0.8575333952903748,6066176,0.2767417919822037,14800.800307975887,,0.978515625,0.96142578125,0.993408203125,0.945068359375,0.946044921875,0.989013671875,0.99951171875,0.99560546875,0.9764127731323242,0.9640184044837952,0.9948442578315735,0.9492942690849304,0.9378251433372498,0.9879226684570312,0.9989644289016724,0.9953062534332275
1499,validation,,,,1.7871229195594787,5.972245095207803,0.467900390625,,0.23653044939041137,,0.5,0.9682213234901428,0.9858294677734375,7.8866357421875,0.9858294677734375,0.0141705322265625,0.07946819141507148,,,,,,,,4.286159874871373,1.0,1.0,1.0,0.9569287300109863,0.9393847584724426,0.9919238090515137,1.0,0.9983984231948853,0.9766638278961182,0.9637582898139954,0.9954141974449158,0.9223276376724243,0.912128746509552,0.9846436977386475,0.9993236064910889,0.9915102124214172
1500,train,1.7144792079925537,5.553782393588566,0.48828125,,,,1.7365866899490356,0.22107481956481934,0.1,0.5,0.969352126121521,0.969146728515625,7.753173828125,0.969146728515625,0.030853271484375,0.08011671155691147,0.00024910343524851006,0.8655912280082703,0.013535731472074986,0.8654853701591492,6148096,0.20142320822924376,20335.29321674919,,0.978271484375,0.96533203125,0.995849609375,0.921630859375,0.914306640625,0.986328125,0.999267578125,0.9921875,0.976692795753479,0.9645122289657593,0.9948945045471191,0.9237624406814575,0.9179433584213257,0.986035168170929,0.9991064071655273,0.9918699264526367
1520,train,1.6485832929611206,5.199608285098084,0.50537109375,,,,1.6708861589431763,0.22302839159965515,0.1,0.5,0.9709304571151733,0.97161865234375,7.77294921875,0.97161865234375,0.02838134765625,0.07924449443817139,0.0002477424522431518,0.8120875954627991,0.01721738837659359,0.8119050860404968,6230016,0.28097170777618885,14577.980225904861,,0.976318359375,0.95947265625,0.993896484375,0.943603515625,0.925537109375,0.98583984375,0.998779296875,0.989501953125,0.977129340171814,0.9636445641517639,0.9946501851081848,0.9308937191963196,0.9229572415351868,0.9883137941360474,0.99903404712677,0.9908207654953003
1540,train,1.6794142723083496,5.3624141366281455,0.496826171875,,,,1.7015477418899536,0.22133469581604004,0.1,0.5,0.9688131213188171,0.96966552734375,7.75732421875,0.96966552734375,0.03033447265625,0.08331066370010376,0.00024636786450507755,0.8400359153747559,0.008055498823523521,0.8399972915649414,6311936,0.2887661252170801,14184.489253789132,,0.97998046875,0.960205078125,0.9931640625,0.928955078125,0.923583984375,0.981201171875,0.999267578125,0.990966796875,0.9774842858314514,0.9587613344192505,0.9934365749359131,0.9262701272964478,0.9233003258705139,0.9826289415359497,0.9988596439361572,0.9897635579109192
1560,train,1.7464561462402344,5.734245298765862,0.4736328125,,,,1.7688663005828857,0.22410175204277039,0.1,0.5,0.9717108607292175,0.972747802734375,7.781982421875,0.972747802734375,0.027252197265625,0.07891745865345001,0.0002449798980476366,0.8364866375923157,0.010783839039504528,0.8364170789718628,6393856,0.3020254159346223,13561.772565811605,,0.98193359375,0.961669921875,0.99365234375,0.934326171875,0.93359375,0.9853515625,0.9990234375,0.992431640625,0.9780896902084351,0.9589094519615173,0.9934872984886169,0.9356744289398193,0.9290990829467773,0.9856202602386475,0.9991008043289185,0.993706226348877
1580,train,1.7357213497161865,5.67301855852233,0.48291015625,,,,1.7580026388168335,0.2228127121925354,0.1,0.5,0.9722561240196228,0.97149658203125,7.77197265625,0.97149658203125,0.02850341796875,0.08083846420049667,0.00024357878108394293,0.8736870288848877,0.009457265958189964,0.8736358284950256,6475776,0.28534745890647173,14354.429563511709,,0.981689453125,0.95654296875,0.99169921875,0.94482421875,0.93212890625,0.983642578125,0.999267578125,0.982177734375,0.9783446788787842,0.9582679867744446,0.9924124479293823,0.9471924901008606,0.9336574673652649,0.9835773706436157,0.9990599155426025,0.9855369925498962
1600,train,1.6498264074325562,5.206076012633034,0.502685546875,,,,1.6718178987503052,0.21991512179374695,0.1,0.5,0.9678342342376709,0.967987060546875,7.743896484375,0.967987060546875,0.032012939453125,0.08279970288276672,0.00024216474398935134,0.807386577129364,0.009733138605952263,0.807327926158905,6557696,0.2918356670998037,14035.296099017347,,0.976806640625,0.96533203125,0.992919921875,0.93359375,0.90673828125,0.97998046875,0.999755859375,0.98876953125,0.9784935116767883,0.9614593982696533,0.992279589176178,0.936713695526123,0.9049675464630127,0.9812072515487671,0.9991164207458496,0.9884369373321533
1620,train,1.660808801651001,5.263566304420562,0.49462890625,,,,1.6828070878982544,0.21998237073421478,0.1,0.5,0.9680705666542053,0.96820068359375,7.74560546875,0.96820068359375,0.03179931640625,0.08185121417045593,0.00024073801926357869,0.8002245426177979,0.010447628796100616,0.80015629529953,6639616,0.2917639999650419,14038.743643803788,,0.977783203125,0.958984375,0.99560546875,0.9423828125,0.910888671875,0.97509765625,0.998046875,0.98681640625,0.9789830446243286,0.961288332939148,0.9925559759140015,0.9394022226333618,0.9091951847076416,0.9769144058227539,0.9989496469497681,0.9872761964797974
1640,train,1.638829231262207,5.1491375326473,0.50390625,,,,1.6608798503875732,0.22050675749778748,0.1,0.5,0.9683694243431091,0.968780517578125,7.750244140625,0.968780517578125,0.031219482421875,0.08229381591081619,0.00023929884149247573,0.8605727553367615,0.012860501185059547,0.8604766130447388,6721536,0.28716608276590705,14263.522908236311,,0.97802734375,0.9599609375,0.993408203125,0.93798828125,0.914794921875,0.979248046875,0.998779296875,0.988037109375,0.9793509244918823,0.9617048501968384,0.9919227957725525,0.9393887519836426,0.9100407958030701,0.9787939786911011,0.9990728497505188,0.9866801500320435
1660,train,1.6125898361206055,5.015784481104725,0.501708984375,,,,1.6345044374465942,0.21914657950401306,0.1,0.5,0.9672408699989319,0.96734619140625,7.73876953125,0.96734619140625,0.03265380859375,0.08410708606243134,0.00023784744730945588,0.8709311485290527,0.011981397867202759,0.8708487749099731,6803456,0.28901141695678234,14172.450497388136,,0.977783203125,0.95654296875,0.9892578125,0.947509765625,0.908935546875,0.97509765625,0.9990234375,0.984619140625,0.9796196222305298,0.9577359557151794,0.9922583699226379,0.9441361427307129,0.903207540512085,0.9761999845504761,0.999040961265564,0.9857284426689148
1680,train,1.67685067653656,5.3486846803281525,0.493896484375,,,,1.6985604763031006,0.2170974612236023,0.1,0.5,0.9656612873077393,0.96484375,7.71875,0.96484375,0.03515625,0.08456110954284668,0.0002363840753565873,0.8280850648880005,0.01844627968966961,0.8278795480728149,6885376,0.29355662502348423,13953.015026223047,,0.977783203125,0.95556640625,0.989013671875,0.94140625,0.894775390625,0.97119140625,0.999267578125,0.98974609375,0.9798139333724976,0.9585220217704773,0.9915344715118408,0.9402972459793091,0.8952778577804565,0.9730909466743469,0.9989169239997864,0.9878362417221069
1700,train,1.596755862236023,4.936990140619895,0.51708984375,,,,1.6184462308883667,0.21690331399440765,0.1,0.5,0.9643862247467041,0.96435546875,7.71484375,0.96435546875,0.03564453125,0.08558553457260132,0.00023490896624535468,0.780741274356842,0.01049215067178011,0.7806707620620728,6967296,0.3071326659992337,13336.256456713787,,0.9794921875,0.95703125,0.99169921875,0.937744140625,0.884033203125,0.974609375,0.9990234375,0.9912109375,0.9801045656204224,0.9556522369384766,0.9908928871154785,0.9360324740409851,0.8878818154335022,0.975347638130188,0.9990850687026978,0.9900932312011719
1720,train,1.6566321849822998,5.24162825096741,0.49658203125,,,,1.6785454750061035,0.2191324532032013,0.1,0.5,0.9668071269989014,0.96697998046875,7.73583984375,0.96697998046875,0.03302001953125,0.08320555835962296,0.00023342236251709726,0.8899627327919006,0.014554176479578018,0.8898437023162842,7049216,0.27203383296728134,15056.950656915691,,0.984375,0.95849609375,0.9892578125,0.946044921875,0.89208984375,0.97998046875,0.9990234375,0.986572265625,0.9805382490158081,0.9579066038131714,0.991937518119812,0.9432928562164307,0.8973252773284912,0.9775129556655884,0.9991741180419922,0.9867697954177856
1740,train,1.6726152896881104,5.326078837613953,0.48779296875,,,,1.6941195726394653,0.21504327654838562,0.1,0.5,0.9617519974708557,0.962188720703125,7.697509765625,0.962188720703125,0.037811279296875,0.08642906695604324,0.00023192450860312982,0.8912598490715027,0.009735887870192528,0.8912066221237183,7131136,0.2872526249848306,14259.225656219169,,0.979736328125,0.9580078125,0.990966796875,0.920654296875,0.883544921875,0.974609375,0.998779296875,0.9912109375,0.9807210564613342,0.953875720500946,0.9908490180969238,0.9212700128555298,0.8817685842514038,0.975300669670105,0.9989737272262573,0.991256594657898
1749,validation,,,,1.7454329633712768,5.728381117786126,0.4817333984375,,0.22746793270111085,,0.5,0.9612244045734406,0.9750897216796875,7.8007177734375,0.9750897216796875,0.0249102783203125,0.08627242222428322,,,,,,,,4.329786917194724,1.0,1.0,1.0,0.9653027057647705,0.8692724704742432,0.9747900366783142,1.0,0.9913525581359863,0.9806911945343018,0.951201856136322,0.9904724955558777,0.9288262128829956,0.8831402659416199,0.9690345525741577,0.9992899298667908,0.9871387481689453
1760,train,1.6085715293884277,4.995669960778772,0.509033203125,,,,1.6303379535675049,0.21766474843025208,0.1,0.5,0.9644786715507507,0.965484619140625,7.723876953125,0.965484619140625,0.034515380859375,0.08614231646060944,0.00023041565078455215,0.8728135824203491,0.009544859640300274,0.8727614283561707,7213056,0.302480542100966,13541.366897685546,,0.984619140625,0.953369140625,0.989990234375,0.937255859375,0.899658203125,0.97216796875,0.9990234375,0.98779296875,0.9809454679489136,0.9523705244064331,0.9895459413528442,0.9387465715408325,0.895368218421936,0.9721280336380005,0.9990766048431396,0.987648606300354
1780,train,1.5963432788848877,4.934953640824999,0.505126953125,,,,1.6181755065917969,0.21832281351089478,0.1,0.5,0.9662390351295471,0.96624755859375,7.72998046875,0.96624755859375,0.03375244140625,0.08588971197605133,0.0002288960371517553,0.7989433407783508,0.01295439712703228,0.7988383769989014,7294976,0.30719095887616277,13333.725754771356,,0.98095703125,0.951904296875,0.990478515625,0.947998046875,0.89892578125,0.971923828125,0.9990234375,0.98876953125,0.981224000453949,0.9512060284614563,0.9895272254943848,0.9485988020896912,0.90159010887146,0.9710015058517456,0.998908281326294,0.987856388092041
1800,train,1.641742467880249,5.164160060122695,0.48779296875,,,,1.6630096435546875,0.21267187595367432,0.1,0.5,0.9607312083244324,0.959564208984375,7.676513671875,0.959564208984375,0.040435791015625,0.09001801162958145,0.00022736591756362958,0.7767808437347412,0.009585792198777199,0.776721715927124,7376896,0.27885004226118326,14688.8986165672,,0.983154296875,0.950439453125,0.98681640625,0.9384765625,0.87109375,0.965087890625,0.99951171875,0.98193359375,0.9815191030502319,0.9515237808227539,0.9883002042770386,0.9372459650039673,0.8816831111907959,0.9662705659866333,0.9988152980804443,0.980491042137146
1820,train,1.6681808233261108,5.302512810163022,0.4951171875,,,,1.6894675493240356,0.2128669023513794,0.1,0.5,0.9617599844932556,0.959869384765625,7.678955078125,0.959869384765625,0.040130615234375,0.0868886262178421,0.00022582554360648242,0.7903100252151489,0.010973885655403137,0.790233850479126,7458816,0.27964899968355894,14646.932421123947,,0.9794921875,0.954345703125,0.98974609375,0.936279296875,0.8740234375,0.969482421875,0.998046875,0.9775390625,0.9817756414413452,0.9566243886947632,0.9892063140869141,0.9354507923126221,0.8808984756469727,0.9726063013076782,0.998917818069458,0.9785998463630676
1840,train,1.5940041542053223,4.923423659260646,0.51708984375,,,,1.615270972251892,0.21266773343086243,0.1,0.5,0.9592685699462891,0.9598388671875,7.6787109375,0.9598388671875,0.0401611328125,0.08929093182086945,0.00022427516855267162,0.8229060173034668,0.007883363403379917,0.8228682279586792,7540736,0.3906840421259403,10484.175339518013,,0.982666015625,0.953125,0.985595703125,0.926513671875,0.8857421875,0.969482421875,0.998779296875,0.976806640625,0.9818816781044006,0.9505271911621094,0.9884210824966431,0.9289202690124512,0.8795098066329956,0.9693895578384399,0.9989734292030334,0.9765258431434631
1860,train,1.592191219329834,4.914505898903873,0.52099609375,,,,1.6133238077163696,0.21132534742355347,0.1,0.5,0.9591013193130493,0.958160400390625,7.665283203125,0.958160400390625,0.041839599609375,0.09052892029285431,0.00022271504731896164,0.8477044701576233,0.01734289340674877,0.847527027130127,7622656,0.27191587490960956,15063.48241477845,,0.97802734375,0.947509765625,0.988037109375,0.944580078125,0.870361328125,0.96142578125,0.999267578125,0.97607421875,0.9821898937225342,0.945206880569458,0.9881852865219116,0.9417024850845337,0.8776736855506897,0.9634420275688171,0.99895179271698,0.9754585027694702
1880,train,1.6347665786743164,5.128260811871165,0.4951171875,,,,1.6558352708816528,0.21068662405014038,0.1,0.5,0.9578217267990112,0.95733642578125,7.65869140625,0.95733642578125,0.04266357421875,0.09191203862428665,0.00022114543642460973,0.9381256103515625,0.016381744295358658,0.9379825592041016,7704576,0.27571375016123056,14855.987405795906,,0.9833984375,0.950927734375,0.984375,0.931396484375,0.8681640625,0.96533203125,0.999267578125,0.975830078125,0.9824161529541016,0.9489786624908447,0.9870830774307251,0.9299635887145996,0.877668023109436,0.9631093144416809,0.9989270567893982,0.9744275808334351
1900,train,1.643452763557434,5.17299985792902,0.49462890625,,,,1.664620280265808,0.21167540550231934,0.1,0.5,0.9582407474517822,0.95855712890625,7.66845703125,0.95855712890625,0.04144287109375,0.09176989644765854,0.00021956659394918823,0.8072323799133301,0.009825533255934715,0.8071725964546204,7786496,0.2835669172927737,14444.562289228583,,0.98291015625,0.94873046875,0.98876953125,0.932373046875,0.874755859375,0.969970703125,0.998046875,0.972900390625,0.9826834201812744,0.9459611177444458,0.988499641418457,0.9331271052360535,0.8719457387924194,0.9703352451324463,0.9990848302841187,0.9742882251739502
1920,train,1.5596897602081299,4.757345098416781,0.5224609375,,,,1.5808285474777222,0.2113875150680542,0.1,0.5,0.9582016468048096,0.958282470703125,7.666259765625,0.958282470703125,0.041717529296875,0.09203401207923889,0.00021797877949015037,0.7975594997406006,0.00959730427712202,0.7975017428398132,7868416,0.27402566699311137,14947.504899615727,,0.98388671875,0.95068359375,0.98828125,0.9326171875,0.876220703125,0.9638671875,0.999755859375,0.970947265625,0.9828062057495117,0.9494906663894653,0.9873335361480713,0.9331609010696411,0.8784432411193848,0.9656097888946533,0.999002993106842,0.96976637840271
1940,train,1.5494476556777954,4.70886854735152,0.528564453125,,,,1.5707030296325684,0.212553471326828,0.1,0.5,0.9591867327690125,0.959747314453125,7.677978515625,0.959747314453125,0.040252685546875,0.09059305489063263,0.00021638225412014663,0.8492217659950256,0.014470982365310192,0.8490984439849854,7950336,0.2719214172102511,15063.175390973161,,0.98046875,0.948486328125,0.989501953125,0.941162109375,0.8828125,0.96142578125,0.9990234375,0.97509765625,0.9831358194351196,0.9504030346870422,0.9893054962158203,0.9403198957443237,0.8770633339881897,0.9630298018455505,0.9989521503448486,0.9712845087051392
1960,train,1.621329665184021,5.059813703765872,0.50341796875,,,,1.6425728797912598,0.21243208646774292,0.1,0.5,0.9592241644859314,0.95977783203125,7.67822265625,0.95977783203125,0.04022216796875,0.09520596265792847,0.00021477728034409866,0.8788629770278931,0.010660046711564064,0.8787983059883118,8032256,0.268928624689579,15230.807076516909,,0.978271484375,0.9541015625,0.9853515625,0.94384765625,0.885986328125,0.968994140625,0.998046875,0.963623046875,0.9833710789680481,0.9472028017044067,0.9865657687187195,0.9403592944145203,0.8847433924674988,0.9687539339065552,0.9990418553352356,0.9637552499771118
1980,train,1.5749518871307373,4.830509202861492,0.517578125,,,,1.5956770181655884,0.20725151896476746,0.1,0.5,0.9556886553764343,0.95379638671875,7.63037109375,0.95379638671875,0.04620361328125,0.0974535271525383,0.00021316412205603713,0.824009120464325,0.010621141642332077,0.8239406943321228,8114176,0.27754512522369623,14757.960517947125,,0.982421875,0.934814453125,0.983642578125,0.942626953125,0.874267578125,0.956787109375,0.998779296875,0.95703125,0.9834700226783752,0.9395749568939209,0.9853432774543762,0.9394524097442627,0.880646824836731,0.9599573612213135,0.9988784193992615,0.958185613155365
1999,validation,,,,1.699717984199524,5.472403869730784,0.4931982421875,,0.22115979939699174,,0.5,0.9521997582912445,0.96721435546875,7.73771484375,0.96721435546875,0.03278564453125,0.09526120811700821,,,,,,,,4.1065808748826385,1.0,1.0,1.0,0.963623046875,0.8314550518989563,0.9623730182647705,0.9999951124191284,0.9802685379981995,0.9836565256118774,0.9439616203308105,0.984681248664856,0.924620509147644,0.8599439859390259,0.9562541246414185,0.9992226362228394,0.9652574062347412
2000,train,1.636135458946228,5.135285593871561,0.506103515625,,,,1.6570501327514648,0.20914685726165771,0.1,0.5,0.9554818868637085,0.95562744140625,7.64501953125,0.95562744140625,0.04437255859375,0.09580513089895248,0.00021154304449571196,0.7893911600112915,0.011377295479178429,0.7893091440200806,8196096,0.21484429202973843,19064.970082765976,,0.980224609375,0.953369140625,0.986083984375,0.924072265625,0.867919921875,0.96337890625,0.9990234375,0.970947265625,0.9836773872375488,0.9440950155258179,0.9847921133041382,0.9286484718322754,0.8706395030021667,0.9631300568580627,0.9990794658660889,0.9697933793067932
2020,train,1.6223084926605225,5.064768813148078,0.512451171875,,,,1.643447995185852,0.21139484643936157,0.1,0.5,0.9579518437385559,0.958404541015625,7.667236328125,0.958404541015625,0.041595458984375,0.09229812026023865,0.0002099143142049807,0.7808486819267273,0.007954328320920467,0.78080815076828,8278016,0.26320695877075195,15561.898587823944,,0.98193359375,0.9462890625,0.988037109375,0.941650390625,0.878173828125,0.966796875,0.999267578125,0.965087890625,0.9837990999221802,0.9459514617919922,0.9863848090171814,0.9385156631469727,0.8776873350143433,0.9636329412460327,0.9992590546607971,0.9683842658996582
2040,train,1.5582423210144043,4.750464111769488,0.536376953125,,,,1.5791420936584473,0.2089979350566864,0.1,0.5,0.9542344212532043,0.955657958984375,7.645263671875,0.955657958984375,0.044342041015625,0.0953293964266777,0.00020827819898398313,0.8088926076889038,0.012002086266875267,0.8088035583496094,8359936,0.27355524990707636,14973.209256233851,,0.984130859375,0.95166015625,0.98291015625,0.93896484375,0.870361328125,0.958740234375,0.99853515625,0.9599609375,0.9840400815010071,0.9494504928588867,0.9853305220603943,0.9353125095367432,0.8630812168121338,0.9585076570510864,0.9990129470825195,0.9591404795646667
2060,train,1.6137157678604126,5.021435092556474,0.51220703125,,,,1.634486198425293,0.2077040672302246,0.1,0.5,0.9533687829971313,0.954010009765625,7.632080078125,0.954010009765625,0.045989990234375,0.09770935028791428,0.0002066349678471086,0.8566461801528931,0.010207034647464752,0.8565853834152222,8441856,0.30362487491220236,13490.330794485857,,0.984619140625,0.94677734375,0.98681640625,0.928466796875,0.86572265625,0.957763671875,0.9990234375,0.962890625,0.9843677282333374,0.9455691576004028,0.984283447265625,0.9243580102920532,0.8646197319030762,0.9602553844451904,0.9989615082740784,0.9645355939865112
2080,train,1.6231703758239746,5.0691359338184565,0.50634765625,,,,1.6440149545669556,0.20844575762748718,0.1,0.5,0.953789234161377,0.955047607421875,7.640380859375,0.955047607421875,0.044952392578125,0.09848981350660324,0.00020498489097876447,0.9082691073417664,0.009265894070267677,0.9082217812538147,8523776,0.26599604170769453,15398.725385925598,,0.985595703125,0.94970703125,0.988525390625,0.93115234375,0.875244140625,0.961181640625,0.9990234375,0.949951171875,0.9843752384185791,0.9487521648406982,0.982999861240387,0.9342737197875977,0.8727032542228699,0.9620005488395691,0.9991210103034973,0.9460885524749756
2100,train,1.5498707294464111,4.710861167596721,0.518798828125,,,,1.570481777191162,0.20611095428466797,0.1,0.5,0.9526176452636719,0.952056884765625,7.616455078125,0.952056884765625,0.047943115234375,0.09614396095275879,0.00020332823968895105,0.8954523801803589,0.010333133861422539,0.8953927755355835,8605696,0.27200112491846085,15058.761250446589,,0.9794921875,0.9443359375,0.982177734375,0.925048828125,0.856689453125,0.964599609375,0.99853515625,0.965576171875,0.984413743019104,0.9471591114997864,0.9839513301849365,0.9226813316345215,0.8591885566711426,0.9626964330673218,0.9990566372871399,0.9617935419082642
2120,train,1.5510478019714355,4.716409457575555,0.5185546875,,,,1.5719146728515625,0.20866915583610535,0.1,0.5,0.953437864780426,0.954833984375,7.638671875,0.954833984375,0.045166015625,0.09718009829521179,0.00020166528636865257,0.8284469842910767,0.00810910202562809,0.8284072875976562,8687616,0.27153595769777894,15084.55835730924,,0.990234375,0.948486328125,0.9853515625,0.93017578125,0.85791015625,0.9619140625,0.999267578125,0.96533203125,0.9847034215927124,0.9453340768814087,0.9829039573669434,0.930909276008606,0.8607323169708252,0.9619137644767761,0.9991116523742676,0.9618943333625793
2140,train,1.5543633699417114,4.732072986105464,0.519775390625,,,,1.5752158164978027,0.20852452516555786,0.1,0.5,0.9538329839706421,0.95489501953125,7.63916015625,0.95489501953125,0.04510498046875,0.09501052647829056,0.0001999963044450498,0.8044372200965881,0.009068611077964306,0.8043861389160156,8769536,0.2854914581403136,14347.189322865463,,0.9833984375,0.95068359375,0.985595703125,0.926025390625,0.865966796875,0.956787109375,0.999267578125,0.971435546875,0.984722375869751,0.9455474615097046,0.9819278120994568,0.9272052049636841,0.8647583723068237,0.9572038054466248,0.9991441965103149,0.9701545238494873
2160,train,1.5618674755096436,4.76771653054658,0.513427734375,,,,1.5824676752090454,0.2060016691684723,0.1,0.5,0.9525035619735718,0.952178955078125,7.617431640625,0.952178955078125,0.047821044921875,0.09811463952064514,0.00019832156833656225,0.8254783153533936,0.011238415725529194,0.8254018425941467,8851456,0.2649906249716878,15457.15060839464,,0.979248046875,0.942626953125,0.975830078125,0.941162109375,0.8603515625,0.95751953125,0.99951171875,0.961181640625,0.9845921397209167,0.9416022300720215,0.9792530536651611,0.9378411769866943,0.8604901432991028,0.9574996829032898,0.9990054368972778,0.959744930267334
2180,train,1.5170211791992188,4.558625621028313,0.53271484375,,,,1.537546992301941,0.20525768399238586,0.1,0.5,0.9510692358016968,0.95111083984375,7.60888671875,0.95111083984375,0.04888916015625,0.09898742288351059,0.00019664135340772784,0.8291824460029602,0.010807735845446587,0.8291119933128357,8933376,0.2723822081461549,15037.692909083724,,0.985595703125,0.93212890625,0.978515625,0.9365234375,0.856201171875,0.961669921875,0.999755859375,0.95849609375,0.984993040561676,0.9335724711418152,0.9805736541748047,0.9340478777885437,0.8562158346176147,0.9612326622009277,0.9990847110748291,0.9588336944580078
2200,train,1.5139983892440796,4.5448666589945415,0.539306640625,,,,1.5346614122390747,0.206630676984787,0.1,0.5,0.951252818107605,0.9527587890625,7.6220703125,0.9527587890625,0.0472412109375,0.10021913051605225,0.00019495593592392662,0.8042678236961365,0.009126994758844376,0.8042160272598267,9015296,0.2653745003044605,15434.791192449597,,0.984619140625,0.93212890625,0.982177734375,0.93408203125,0.86279296875,0.961181640625,0.998779296875,0.96630859375,0.9851486682891846,0.9331492781639099,0.9803513288497925,0.9311857223510742,0.8585063219070435,0.9604799747467041,0.9991546273231506,0.9620472192764282
2220,train,1.5492087602615356,4.707743754599054,0.525390625,,,,1.5694901943206787,0.20281431078910828,0.1,0.5,0.9484531283378601,0.948577880859375,7.588623046875,0.948577880859375,0.051422119140625,0.10485363006591797,0.00019326559300595635,0.8328062295913696,0.010789011605083942,0.8327363133430481,9097216,0.2541967500001192,16113.502631320342,,0.98046875,0.9296875,0.979736328125,0.938720703125,0.8623046875,0.96044921875,0.99951171875,0.937744140625,0.9853750467300415,0.9312790632247925,0.9775667190551758,0.9376866221427917,0.8604466319084167,0.9591031670570374,0.9989408254623413,0.9372267127037048
2240,train,1.5668002367019653,4.791292637472378,0.523193359375,,,,1.587443470954895,0.20643270015716553,0.1,0.5,0.9519665837287903,0.952484130859375,7.619873046875,0.952484130859375,0.047515869140625,0.09904473274946213,0.00019157060258446796,0.9016149640083313,0.011284424923360348,0.9015443325042725,9179136,0.25547154201194644,16033.096945915258,,0.986083984375,0.93408203125,0.9794921875,0.937255859375,0.859130859375,0.959228515625,0.9990234375,0.965576171875,0.9853967428207397,0.9392622709274292,0.9762086868286133,0.9325435161590576,0.8555243015289307,0.9604955911636353,0.9990847706794739,0.9672171473503113
2249,validation,,,,1.6691397953033447,5.307600210304102,0.5035546875,,0.21987835675477982,,0.5,0.9477801942825317,0.965482177734375,7.723857421875,0.965482177734375,0.034517822265625,0.09918294295668602,,,,,,,,5.30624487483874,1.0,1.0,1.0,0.9701806902885437,0.821728527545929,0.9571826457977295,1.0,0.9747655987739563,0.9855352640151978,0.9376324415206909,0.975894570350647,0.9329046607017517,0.8464766144752502,0.9512277245521545,0.9991376996040344,0.9534323215484619
2260,train,1.4995068311691284,4.479479385897448,0.538818359375,,,,1.5201865434646606,0.2067965567111969,0.1,0.5,0.952072024345398,0.953033447265625,7.624267578125,0.953033447265625,0.046966552734375,0.0984918624162674,0.0001898712433542669,0.8993903994560242,0.010227990336716175,0.8993322253227234,9261056,0.2845841250382364,14392.932140714687,,0.985595703125,0.9423828125,0.97705078125,0.942626953125,0.861083984375,0.955810546875,0.99853515625,0.961181640625,0.9854993224143982,0.9379459619522095,0.9770264029502869,0.9392993450164795,0.8624083995819092,0.9538165926933289,0.9989255666732788,0.9616549015045166
2280,train,1.5272070169448853,4.605296328563077,0.532470703125,,,,1.5477312803268433,0.20524320006370544,0.1,0.5,0.9504745006561279,0.95111083984375,7.60888671875,0.95111083984375,0.04888916015625,0.10059735178947449,0.00018816779472848982,0.8149672746658325,0.008992745541036129,0.8149176836013794,9342976,0.2678528339602053,15291.979328501484,,0.986572265625,0.942626953125,0.97802734375,0.9345703125,0.855224609375,0.9609375,0.999267578125,0.95166015625,0.9857068061828613,0.9385033845901489,0.9775091409683228,0.9324459433555603,0.8613997101783752,0.9581817388534546,0.9991370439529419,0.9509118795394897
2300,train,1.5459990501403809,4.692657486048403,0.53173828125,,,,1.566516399383545,0.2051735818386078,0.1,0.5,0.9513464570045471,0.951263427734375,7.610107421875,0.951263427734375,0.048736572265625,0.09894540905952454,0.00018646053679266265,0.8592804074287415,0.010225297883152962,0.8592195510864258,9424896,0.2660613330081105,15394.94654743814,,0.987548828125,0.94140625,0.97705078125,0.931396484375,0.864990234375,0.958740234375,0.999267578125,0.94970703125,0.9859551787376404,0.941985011100769,0.9773409962654114,0.9324369430541992,0.8616268038749695,0.9612343311309814,0.9990689158439636,0.9511243104934692
2320,train,1.4896308183670044,4.435457727174135,0.536376953125,,,,1.510213851928711,0.20583045482635498,0.1,0.5,0.9512695074081421,0.951690673828125,7.613525390625,0.951690673828125,0.048309326171875,0.09602273255586624,0.0001847497502586481,0.8026726245880127,0.008814300410449505,0.8026241660118103,9506816,0.26199516700580716,15633.876177224336,,0.985107421875,0.94970703125,0.976318359375,0.932861328125,0.85205078125,0.955322265625,0.999755859375,0.96240234375,0.9858837723731995,0.9451923370361328,0.9744696021080017,0.9316949844360352,0.8531581163406372,0.9579404592514038,0.9991670846939087,0.9626497626304626
2340,train,1.5078253746032715,4.516897546255379,0.5419921875,,,,1.5283823013305664,0.20556920766830444,0.1,0.5,0.9511182308197021,0.951385498046875,7.611083984375,0.951385498046875,0.048614501953125,0.09694135189056396,0.00018303571641849022,0.8152816295623779,0.011211245320737362,0.8152045011520386,9588736,0.2754822918213904,14868.469304936854,,0.989501953125,0.95166015625,0.9736328125,0.935791015625,0.85107421875,0.95751953125,0.9990234375,0.952880859375,0.9859988689422607,0.9465141892433167,0.9757237434387207,0.9339790344238281,0.8543106317520142,0.9568410515785217,0.9990573525428772,0.9565210342407227
2360,train,1.5235085487365723,4.588295244865151,0.5390625,,,,1.5436897277832031,0.2018115222454071,0.1,0.5,0.9478729963302612,0.94720458984375,7.57763671875,0.94720458984375,0.05279541015625,0.10145334899425507,0.00018131871709816394,0.8456061482429504,0.007463896181434393,0.8455731868743896,9670656,0.2675128751434386,15311.412573334097,,0.987548828125,0.939697265625,0.9697265625,0.930908203125,0.8505859375,0.956787109375,0.998779296875,0.943603515625,0.9861307740211487,0.9392919540405273,0.9720451235771179,0.9320360422134399,0.8543698787689209,0.9541640281677246,0.9991208910942078,0.9458250999450684
2380,train,1.4888498783111572,4.431995252737428,0.54345703125,,,,1.509243369102478,0.20393520593643188,0.1,0.5,0.9485476016998291,0.94976806640625,7.59814453125,0.94976806640625,0.05023193359375,0.10095973312854767,0.00017959903461123612,0.8063465356826782,0.010687270201742649,0.8062757253646851,9752576,0.26814649999141693,15275.232009856956,,0.9853515625,0.944580078125,0.974853515625,0.933349609375,0.857421875,0.955078125,0.998779296875,0.94873046875,0.9862591028213501,0.938636302947998,0.9750370979309082,0.9330860376358032,0.8580188155174255,0.9534255266189575,0.9991289973258972,0.9447893500328064
2400,train,1.5210256576538086,4.576917138661067,0.52685546875,,,,1.5415337085723877,0.20508095622062683,0.1,0.5,0.9495443105697632,0.950927734375,7.607421875,0.950927734375,0.049072265625,0.10040956735610962,0.00017787695171244696,0.8772900700569153,0.010020684450864792,0.8772328495979309,9834496,0.2656182497739792,15420.627172588414,,0.986083984375,0.939697265625,0.9755859375,0.9365234375,0.8544921875,0.952880859375,0.999267578125,0.962890625,0.9863311648368835,0.9362969398498535,0.9734693169593811,0.9325560331344604,0.8546110391616821,0.9524914026260376,0.999081015586853,0.9615176320075989
2420,train,1.5222430229187012,4.582492311428277,0.53369140625,,,,1.5425984859466553,0.20355406403541565,0.1,0.5,0.9485096335411072,0.9488525390625,7.5908203125,0.9488525390625,0.0511474609375,0.09794611483812332,0.0001761527515512188,0.8286067843437195,0.008843027986586094,0.8285596370697021,9916416,0.2624824158847332,15604.854847871873,,0.981201171875,0.93701171875,0.978271484375,0.934326171875,0.841064453125,0.959716796875,0.99951171875,0.959716796875,0.9865398406982422,0.9388197660446167,0.9754022359848022,0.9305903911590576,0.8430157899856567,0.9577488899230957,0.9991214275360107,0.9568389654159546
2440,train,1.4887897968292236,4.431728979893834,0.544921875,,,,1.5092134475708008,0.2042362093925476,0.1,0.5,0.9488060474395752,0.949859619140625,7.598876953125,0.949859619140625,0.050140380859375,0.09773968905210495,0.00017442671762509987,0.7862077951431274,0.009659779258072376,0.7861484289169312,9998336,0.41333616618067026,9909.609502231722,,0.98974609375,0.947021484375,0.979248046875,0.9296875,0.8525390625,0.96142578125,0.998291015625,0.94091796875,0.9865959882736206,0.9442275762557983,0.9750372171401978,0.930806577205658,0.8475240468978882,0.9618165493011475,0.9991322159767151,0.945307731628418
2460,train,1.4825701713562012,4.404250825933874,0.546630859375,,,,1.5026013851165771,0.20031198859214783,0.1,0.5,0.9459967613220215,0.945648193359375,7.565185546875,0.945648193359375,0.054351806640625,0.10371826589107513,0.0001726991337331508,0.8050546050071716,0.00983240082859993,0.804994523525238,10080256,0.3022891250438988,13549.941630897816,,0.9853515625,0.9296875,0.97216796875,0.92333984375,0.858642578125,0.958740234375,0.9990234375,0.938232421875,0.9866511225700378,0.9338627457618713,0.9719769954681396,0.9233140349388123,0.8550324440002441,0.9577144384384155,0.9990188479423523,0.9404032230377197
2480,train,1.5056955814361572,4.507287725822284,0.5361328125,,,,1.5257869958877563,0.20091372728347778,0.1,0.5,0.9442891478538513,0.94635009765625,7.57080078125,0.94635009765625,0.05364990234375,0.1091802567243576,0.00017097028392928167,0.8080520629882812,0.007829800248146057,0.8080140948295593,10162176,0.2752499161288142,14881.021791422138,,0.98779296875,0.93701171875,0.97119140625,0.919921875,0.85986328125,0.9541015625,0.999267578125,0.941650390625,0.9867336750030518,0.931884229183197,0.968560516834259,0.918688178062439,0.8565504550933838,0.9542154669761658,0.9991644024848938,0.9385157823562622
2499,validation,,,,1.6489519047737122,5.201525275423753,0.51091796875,,0.2169542717933655,,0.5,0.9424928045272827,0.962298583984375,7.698388671875,0.962298583984375,0.037701416015625,0.103426463752985,,,,,,,,4.076040916144848,1.0,1.0,1.0,0.9500634670257568,0.821704089641571,0.952392578125,1.0,0.9742285013198853,0.9868362545967102,0.9292839169502258,0.9683380126953125,0.9125372171401978,0.8442753553390503,0.9472948312759399,0.9994226098060608,0.951954185962677
2500,train,1.5554553270339966,4.737243028982629,0.526611328125,,,,1.5755664110183716,0.2011113166809082,0.1,0.5,0.9457981586456299,0.946380615234375,7.571044921875,0.946380615234375,0.053619384765625,0.10481174290180206,0.0001692404524755473,0.8354955315589905,0.009337102994322777,0.835443377494812,10244096,0.20641679177060723,19843.34687534491,,0.98779296875,0.92919921875,0.97119140625,0.917236328125,0.854736328125,0.95166015625,0.998779296875,0.96044921875,0.9867474436759949,0.9310123324394226,0.9692309498786926,0.9172614812850952,0.853071928024292,0.9529041051864624,0.9991907477378845,0.95696622133255
2520,train,1.5082364082336426,4.518754524665975,0.540283203125,,,,1.5281779766082764,0.1994154453277588,0.1,0.5,0.9457072019577026,0.944793701171875,7.558349609375,0.944793701171875,0.055206298828125,0.10947366803884506,0.0001675099237954079,0.8249568343162537,0.00984827522188425,0.8248980045318604,10326016,0.2638811250217259,15522.140886972373,,0.9853515625,0.92626953125,0.96435546875,0.918701171875,0.864013671875,0.952880859375,0.9990234375,0.94775390625,0.9869188666343689,0.9290995597839355,0.9654865264892578,0.915984034538269,0.8633948564529419,0.9556497931480408,0.9990812540054321,0.950042724609375
2540,train,1.496665358543396,4.466769134312704,0.54296875,,,,1.5168414115905762,0.20176103711128235,0.1,0.5,0.9465152621269226,0.947235107421875,7.577880859375,0.947235107421875,0.052764892578125,0.10550051927566528,0.00016577898242696335,0.8104740977287292,0.012951062060892582,0.8103706240653992,10407936,0.26496204175055027,15458.818074236453,,0.987060546875,0.939453125,0.96728515625,0.918701171875,0.856201171875,0.95458984375,0.998779296875,0.955810546875,0.9871012568473816,0.9348878264427185,0.9678229093551636,0.9176415801048279,0.8561452627182007,0.95366370677948,0.9991269111633301,0.9557323455810547
2560,train,1.4569443464279175,4.292822089683903,0.550048828125,,,,1.4769843816757202,0.20040065050125122,0.1,0.5,0.9445009231567383,0.94549560546875,7.56396484375,0.94549560546875,0.05450439453125,0.10891509056091309,0.00016404791297616904,0.8392966389656067,0.009557384997606277,0.8392422199249268,10489856,0.43007716722786427,9523.872253906122,,0.98779296875,0.9345703125,0.96533203125,0.916015625,0.849365234375,0.95556640625,0.998779296875,0.95654296875,0.9871882200241089,0.9349585771560669,0.9645144939422607,0.9137080311775208,0.8514789938926697,0.9517587423324585,0.9990119338035583,0.9533881545066833
2580,train,1.4818077087402344,4.4008940292063885,0.537841796875,,,,1.5016118288040161,0.19804105162620544,0.1,0.5,0.9453214406967163,0.942840576171875,7.542724609375,0.942840576171875,0.057159423828125,0.10622560232877731,0.00016231700007004,0.758886992931366,0.009363160468637943,0.7588292360305786,10571776,0.2693321672268212,15207.986636629656,,0.98388671875,0.93115234375,0.963623046875,0.90869140625,0.849365234375,0.951416015625,0.998046875,0.95654296875,0.9871817827224731,0.9331358075141907,0.9687645435333252,0.9160075783729553,0.8496406674385071,0.9522103667259216,0.9991049766540527,0.9565255641937256
2600,train,1.4863723516464233,4.421028457194631,0.551513671875,,,,1.5064409971237183,0.20068633556365967,0.1,0.5,0.9436166882514954,0.945709228515625,7.565673828125,0.945709228515625,0.054290771484375,0.10703331232070923,0.00016058652830985143,0.7948592305183411,0.010370902717113495,0.794791579246521,10653696,0.2545300000347197,16092.40560814551,,0.989013671875,0.9375,0.97119140625,0.912109375,0.848388671875,0.951416015625,0.99951171875,0.95654296875,0.9872207641601562,0.9300441741943359,0.9684346914291382,0.9091058969497681,0.8456073999404907,0.9533361196517944,0.9991349577903748,0.9560494422912598
2620,train,1.5050915479660034,4.504565995267203,0.53564453125,,,,1.5250414609909058,0.19949892163276672,0.1,0.5,0.9445841908454895,0.94439697265625,7.55517578125,0.94439697265625,0.05560302734375,0.10783950984477997,0.00015885678222434468,0.8159381747245789,0.008196152746677399,0.8158970475196838,10735616,0.2733355830423534,14985.242515480775,,0.988037109375,0.9306640625,0.96826171875,0.91650390625,0.84716796875,0.95556640625,0.99951171875,0.949462890625,0.987407386302948,0.927998960018158,0.9668980836868286,0.9174444675445557,0.8535643815994263,0.9570486545562744,0.9992466568946838,0.947064995765686
2640,train,1.4976248741149902,4.471057125720072,0.53662109375,,,,1.517679214477539,0.20054323971271515,0.1,0.5,0.9458646774291992,0.94586181640625,7.56689453125,0.94586181640625,0.05413818359375,0.1042989194393158,0.00015712804622294328,0.8140705227851868,0.008164639584720135,0.8140295147895813,10817536,0.2595339580439031,15782.13514282056,,0.98876953125,0.933837890625,0.9658203125,0.91162109375,0.859619140625,0.94921875,0.9990234375,0.958984375,0.987405002117157,0.9334967732429504,0.9685701727867126,0.9186540246009827,0.8541396856307983,0.9496825337409973,0.9990869760513306,0.95588219165802
2660,train,1.5145634412765503,4.54743547082534,0.53662109375,,,,1.5346232652664185,0.20059871673583984,0.1,0.5,0.944656491279602,0.94561767578125,7.56494140625,0.94561767578125,0.05438232421875,0.10299385339021683,0.00015540060454899033,0.8300032615661621,0.009679489769041538,0.8299468159675598,10899456,0.26639149989932775,15375.865977510255,,0.987060546875,0.936767578125,0.968505859375,0.907958984375,0.849365234375,0.957275390625,0.999267578125,0.958740234375,0.9875420331954956,0.9371476173400879,0.9689513444900513,0.9051492214202881,0.8456789255142212,0.9552750587463379,0.9991549849510193,0.9583525657653809
2680,train,1.4931837320327759,4.451244553555879,0.53564453125,,,,1.5131322145462036,0.19948527216911316,0.1,0.5,0.9444125890731812,0.944427490234375,7.555419921875,0.944427490234375,0.055572509765625,0.10812392085790634,0.0001536747412330121,0.8362730741500854,0.010467205196619034,0.8362075686454773,10981376,0.3296475410461426,12425.392244702532,,0.987060546875,0.934814453125,0.96875,0.9140625,0.848388671875,0.9482421875,0.9990234375,0.955078125,0.9875386357307434,0.9350963234901428,0.967979907989502,0.9152435660362244,0.8479452133178711,0.9465621709823608,0.999047040939331,0.9558877348899841
2700,train,1.504420518875122,4.501544314373859,0.530517578125,,,,1.5244927406311035,0.20072227716445923,0.1,0.5,0.9453513026237488,0.945953369140625,7.567626953125,0.945953369140625,0.054046630859375,0.10798831284046173,0.0001519507400460171,0.8885518312454224,0.00809948518872261,0.8885148763656616,11063296,0.2628792920149863,15581.295767361145,,0.989013671875,0.92578125,0.966064453125,0.92333984375,0.853515625,0.955078125,0.999755859375,0.955078125,0.9878174066543579,0.9249521493911743,0.9662458896636963,0.9198490381240845,0.8557969331741333,0.953838050365448,0.9992409944534302,0.9550704956054688
2720,train,1.531933069229126,4.627112711873613,0.529541015625,,,,1.5519566535949707,0.20023629069328308,0.1,0.5,0.944309413433075,0.94537353515625,7.56298828125,0.94537353515625,0.05462646484375,0.10605984926223755,0.00015022888445283768,0.8439952731132507,0.008542519994080067,0.8439520001411438,11145216,0.2810634169727564,14573.223524130952,,0.988037109375,0.929443359375,0.967041015625,0.923095703125,0.850830078125,0.95556640625,0.99951171875,0.949462890625,0.9879119992256165,0.9351168870925903,0.9677524566650391,0.9142622351646423,0.8464828729629517,0.9555000066757202,0.999143123626709,0.9483056664466858
2740,train,1.4951188564300537,4.459866605170344,0.543212890625,,,,1.5153151750564575,0.20196345448493958,0.1,0.5,0.9475317001342773,0.94732666015625,7.57861328125,0.94732666015625,0.05267333984375,0.10326339304447174,0.0001485094575655219,0.8662816286087036,0.00938304141163826,0.866230845451355,11227136,0.26544583309441805,15430.64342826986,,0.989990234375,0.934814453125,0.97021484375,0.917724609375,0.854248046875,0.95751953125,0.999267578125,0.954833984375,0.9879002571105957,0.9371124505996704,0.9691855907440186,0.9207428693771362,0.85513836145401,0.9568760991096497,0.9991986751556396,0.9540985226631165
2749,validation,,,,1.6215657591819763,5.061008436441161,0.5168310546875,,0.21637925505638123,,0.5,0.9416726505756379,0.9617120361328125,7.6936962890625,0.9617120361328125,0.0382879638671875,0.10330397143959999,,,,,,,,4.286404957994819,1.0,1.0,1.0,0.9488183856010437,0.8227294683456421,0.9504004120826721,1.0,0.9717480540275574,0.9878621101379395,0.9323855638504028,0.9687777757644653,0.9111121892929077,0.8422443270683289,0.9467827081680298,0.9993135333061218,0.9449029564857483
2760,train,1.5417513847351074,4.672766921324504,0.529296875,,,,1.5616655349731445,0.1991409957408905,0.1,0.5,0.9438980221748352,0.9439697265625,7.5517578125,0.9439697265625,0.0560302734375,0.10582957416772842,0.00014679274209678368,0.8357335329055786,0.007241997867822647,0.835702121257782,11309056,0.29532000003382564,13869.700662098228,,0.989013671875,0.931640625,0.9697265625,0.916748046875,0.846435546875,0.956298828125,0.998779296875,0.943115234375,0.9879132509231567,0.930342972278595,0.9680525064468384,0.9144599437713623,0.8494291305541992,0.9566152095794678,0.9990746974945068,0.9452959299087524
2780,train,1.5050019025802612,4.504162199810427,0.5341796875,,,,1.5248624086380005,0.19860482215881348,0.1,0.5,0.9431201815605164,0.943572998046875,7.548583984375,0.943572998046875,0.056427001953125,0.10907673090696335,0.00014507902031351823,0.8676086664199829,0.009867561981081963,0.8675525188446045,11390976,0.36586020793765783,11195.53291430358,,0.986328125,0.92724609375,0.970703125,0.923828125,0.851806640625,0.950439453125,0.9990234375,0.939208984375,0.98801189661026,0.9280481338500977,0.9662446975708008,0.9218049049377441,0.8546621799468994,0.951346755027771,0.9989382028579712,0.9359050393104553
2800,train,1.4361071586608887,4.204297257045309,0.552734375,,,,1.4561535120010376,0.20046338438987732,0.1,0.5,0.9441485404968262,0.945281982421875,7.562255859375,0.945281982421875,0.054718017578125,0.10713177919387817,0.0001433685739903912,0.826148509979248,0.007923582568764687,0.8261105418205261,11472896,0.2941442923620343,13925.13846557533,,0.989013671875,0.93115234375,0.96484375,0.921630859375,0.839599609375,0.955322265625,0.999267578125,0.96142578125,0.9881640672683716,0.9310681819915771,0.9638952016830444,0.918340802192688,0.8420488834381104,0.9524672627449036,0.9990988373756409,0.9581047296524048
2820,train,1.445204257965088,4.242718663401184,0.559326171875,,,,1.4649287462234497,0.19724544882774353,0.1,0.5,0.9428348541259766,0.94171142578125,7.53369140625,0.94171142578125,0.05828857421875,0.10667869448661804,0.00014166168436350834,0.8378167748451233,0.009791256859898567,0.8377594947814941,11554816,0.2782171252183616,14722.314439793063,,0.987548828125,0.935546875,0.96240234375,0.9111328125,0.840576171875,0.949951171875,0.998779296875,0.94775390625,0.9880767464637756,0.9342306852340698,0.9655352234840393,0.914262592792511,0.8434965014457703,0.9500693082809448,0.9991028308868408,0.9479048252105713
2840,train,1.4643378257751465,4.324678601259848,0.54638671875,,,,1.484034776687622,0.1969691514968872,0.1,0.5,0.9420228004455566,0.9415283203125,7.5322265625,0.9415283203125,0.0584716796875,0.10802789032459259,0.00013995863208417401,0.8082594871520996,0.008840405382215977,0.8082111477851868,11636736,0.2898293328471482,14132.454985707645,,0.98681640625,0.929931640625,0.962158203125,0.913330078125,0.84521484375,0.94580078125,1.0,0.948974609375,0.9881713390350342,0.92866051197052,0.9662549495697021,0.9160163402557373,0.8446845412254333,0.9463245272636414,0.9989964365959167,0.9470746517181396
2860,train,1.4515533447265625,4.2697417474753045,0.549072265625,,,,1.4712965488433838,0.197432279586792,0.1,0.5,0.9425166249275208,0.942138671875,7.537109375,0.942138671875,0.057861328125,0.11013691127300262,0.00013825969717274586,0.7949706315994263,0.008236410096287727,0.7949280142784119,11718656,0.2755695413798094,14863.761718696638,,0.98828125,0.922607421875,0.95947265625,0.920166015625,0.847900390625,0.9541015625,0.9990234375,0.945556640625,0.9882340431213379,0.9273267984390259,0.9621371030807495,0.9181939959526062,0.8445857763290405,0.9550740718841553,0.9991514682769775,0.9454300999641418
2880,train,1.5219030380249023,4.58093459808095,0.534912109375,,,,1.5419179201126099,0.20014937222003937,0.1,0.5,0.9443742632865906,0.94549560546875,7.56396484375,0.94549560546875,0.05450439453125,0.10882455855607986,0.0001365651589725928,0.8734686374664307,0.008408513851463795,0.8734281659126282,11800576,0.2574708750471473,15908.595483857944,,0.987548828125,0.9384765625,0.967041015625,0.9228515625,0.85791015625,0.95166015625,0.99951171875,0.93896484375,0.9881807565689087,0.9312707781791687,0.96533203125,0.9209408760070801,0.8591710329055786,0.9512194395065308,0.9991757869720459,0.9397034645080566
2900,train,1.464486837387085,4.3253230766053,0.548583984375,,,,1.4843977689743042,0.19910928606987,0.1,0.5,0.9442726969718933,0.943939208984375,7.551513671875,0.943939208984375,0.056060791015625,0.1084185391664505,0.00013487529610416507,0.8699415326118469,0.011738444678485394,0.8698623180389404,11882496,0.3012714576907456,13595.71209100244,,0.989501953125,0.927734375,0.967529296875,0.920654296875,0.84619140625,0.956787109375,0.999267578125,0.94384765625,0.9883884191513062,0.9295207858085632,0.9645160436630249,0.920642614364624,0.8478604555130005,0.956373929977417,0.9991955161094666,0.9476833939552307
2920,train,1.4289649724960327,4.174376360839247,0.55517578125,,,,1.4487117528915405,0.19746804237365723,0.1,0.5,0.9417425394058228,0.9420166015625,7.5361328125,0.9420166015625,0.0579833984375,0.10935894399881363,0.00013319038641918237,0.7789180874824524,0.008415616117417812,0.7788726687431335,11964416,0.3395520830526948,12062.950588244059,,0.987060546875,0.92578125,0.963134765625,0.924560546875,0.840087890625,0.952392578125,0.998291015625,0.94482421875,0.9884369969367981,0.9298112392425537,0.965453028678894,0.9185826778411865,0.8395754098892212,0.953059196472168,0.999092161655426,0.9399293065071106
2940,train,1.447038173675537,4.250506590831518,0.5625,,,,1.4667716026306152,0.1973339021205902,0.1,0.5,0.9418858885765076,0.9417724609375,7.5341796875,0.9417724609375,0.0582275390625,0.10803447663784027,0.00013151070695494892,0.8157047629356384,0.008196603506803513,0.8156636357307434,12046336,0.33729954110458493,12143.508961163905,,0.98828125,0.933349609375,0.96826171875,0.913330078125,0.841064453125,0.954833984375,0.9990234375,0.93603515625,0.9883843064308167,0.9357819557189941,0.966849148273468,0.9173045754432678,0.8418112397193909,0.9522566199302673,0.9990906715393066,0.9336086511611938
2960,train,1.4111285209655762,4.1005803848217575,0.563232421875,,,,1.431037187576294,0.1990869641304016,0.1,0.5,0.9421358704566956,0.94378662109375,7.55029296875,0.94378662109375,0.05621337890625,0.1094200611114502,0.0001298365338888022,0.7882657647132874,0.008468395099043846,0.788220226764679,12128256,0.27167220786213875,15076.993087487746,,0.988525390625,0.936279296875,0.964111328125,0.926513671875,0.838623046875,0.957763671875,0.999267578125,0.939208984375,0.9884883165359497,0.9316881895065308,0.9593966007232666,0.9197001457214355,0.840114414691925,0.9561464786529541,0.9991574287414551,0.9423950910568237
2980,train,1.485154628753662,4.415648146161563,0.543212890625,,,,1.5047533512115479,0.1959875524044037,0.1,0.5,0.9425833225250244,0.94024658203125,7.52197265625,0.94024658203125,0.05975341796875,0.10708986222743988,0.00012816814249270328,0.8244194984436035,0.01048500556498766,0.8243528008460999,12210176,0.2676129173487425,15305.688681171754,,0.987060546875,0.926025390625,0.959228515625,0.918701171875,0.83740234375,0.951904296875,0.998779296875,0.94287109375,0.988596498966217,0.9307312965393066,0.9648830890655518,0.9191709756851196,0.8390799760818481,0.952110767364502,0.9991161823272705,0.9469776153564453
2999,validation,,,,1.6013407111167908,4.959677463571899,0.5245361328125,,0.21487233340740203,,0.5,0.9378181219100952,0.9599468994140625,7.6795751953125,0.9599468994140625,0.0400531005859375,0.10800897523760795,,,,,,,,4.450818540994078,1.0,1.0,1.0,0.9531494379043579,0.8185741901397705,0.9513378739356995,0.9999951124191284,0.9565185308456421,0.9886674284934998,0.9300713539123535,0.962535560131073,0.9099708795547485,0.8322767019271851,0.9468376040458679,0.9992513060569763,0.932934045791626
3000,train,1.4481041431427002,4.255039916841611,0.55859375,,,,1.4677900075912476,0.1968582570552826,0.1,0.5,0.9426670074462891,0.9415283203125,7.5322265625,0.9415283203125,0.0584716796875,0.10758880525827408,0.00012650580708797562,0.8640868067741394,0.009415380656719208,0.8640354871749878,12292096,0.21616712491959333,18948.30215983846,,0.988037109375,0.922607421875,0.963134765625,0.917236328125,0.85107421875,0.95263671875,0.999755859375,0.937744140625,0.988540768623352,0.9314029812812805,0.9643444418907166,0.919989824295044,0.8465961217880249,0.9528046250343323,0.9990153312683105,0.9386417865753174
3020,train,1.477501392364502,4.381983134552414,0.555419921875,,,,1.4973218441009521,0.19820496439933777,0.1,0.5,0.9422581791877747,0.943115234375,7.544921875,0.943115234375,0.056884765625,0.10889250785112381,0.0001248498010002006,0.8973486423492432,0.009804446250200272,0.8972950577735901,12374016,0.3262798748910427,12553.639728370654,,0.990966796875,0.93115234375,0.960205078125,0.91162109375,0.854248046875,0.952392578125,0.9990234375,0.9453125,0.988530158996582,0.9344255328178406,0.9592700004577637,0.9116930961608887,0.8457180857658386,0.9514732360839844,0.9991457462310791,0.9478097558021545
3040,train,1.4787060022354126,4.387264895282325,0.54345703125,,,,1.4985826015472412,0.19876590371131897,0.1,0.5,0.9434701204299927,0.94354248046875,7.54833984375,0.94354248046875,0.05645751953125,0.1099882423877716,0.00012320039651427672,0.8357689380645752,0.0075655849650502205,0.8357347249984741,12455936,0.28011220833286643,14622.711464016556,,0.98779296875,0.93017578125,0.960205078125,0.919189453125,0.843994140625,0.95556640625,0.999755859375,0.95166015625,0.9887135028839111,0.92975914478302,0.9620351195335388,0.9191851615905762,0.8440489172935486,0.9532470107078552,0.9990289211273193,0.951742947101593
3060,train,1.4165616035461426,4.122919807693428,0.55517578125,,,,1.4362801313400269,0.19718509912490845,0.1,0.5,0.9424619078636169,0.9415283203125,7.5322265625,0.9415283203125,0.0584716796875,0.10792902857065201,0.0001215578648296493,0.8249708414077759,0.008039898239076138,0.8249316811561584,12537856,0.27977866725996137,14640.144082872937,,0.990966796875,0.926513671875,0.9560546875,0.920654296875,0.83642578125,0.947998046875,0.999267578125,0.954345703125,0.9887611269950867,0.9321352243423462,0.9594452381134033,0.9184153079986572,0.837749183177948,0.9479165077209473,0.9989901781082153,0.9562824964523315
3080,train,1.4101636409759521,4.096625725055449,0.56494140625,,,,1.4300616979599,0.19898101687431335,0.1,0.5,0.9435065984725952,0.9437255859375,7.5498046875,0.9437255859375,0.0562744140625,0.10656723380088806,0.00011992247601571996,0.903887927532196,0.009487380273640156,0.9038381576538086,12619776,0.2997308326885104,13665.59443771569,,0.9892578125,0.937255859375,0.96044921875,0.9111328125,0.843994140625,0.953857421875,0.999267578125,0.95458984375,0.9887523651123047,0.933914303779602,0.9631665945053101,0.9163653254508972,0.8397991061210632,0.9500179290771484,0.999054491519928,0.9569826126098633
3100,train,1.4884231090545654,4.430104216964866,0.54345703125,,,,1.5081772804260254,0.19754189252853394,0.1,0.5,0.9429689645767212,0.941925048828125,7.535400390625,0.941925048828125,0.058074951171875,0.10840962827205658,0.0001182944989674402,0.8597427010536194,0.008104167878627777,0.8597045540809631,12701696,0.2776082078926265,14754.606973235652,,0.9912109375,0.9326171875,0.956298828125,0.9140625,0.83740234375,0.95361328125,0.99951171875,0.95068359375,0.9888467788696289,0.9309961795806885,0.9629915356636047,0.917770504951477,0.8389736413955688,0.9540982246398926,0.9991942644119263,0.9508811831474304
3120,train,1.4658243656158447,4.331112189006342,0.541015625,,,,1.485486626625061,0.19662263989448547,0.1,0.5,0.9413501620292664,0.940887451171875,7.527099609375,0.940887451171875,0.059112548828125,0.11094362288713455,0.00011667420136109982,0.7941409945487976,0.009728481993079185,0.7940813899040222,12783616,0.28220158303156495,14514.447282678255,,0.9912109375,0.9248046875,0.95947265625,0.920654296875,0.836181640625,0.9541015625,0.997802734375,0.94287109375,0.9888293743133545,0.9292249083518982,0.957992672920227,0.9208868741989136,0.8393052220344543,0.9530176520347595,0.9992367029190063,0.9423074722290039
3140,train,1.442465901374817,4.231116479496978,0.552490234375,,,,1.462348461151123,0.19882595539093018,0.1,0.5,0.9439078569412231,0.9437255859375,7.5498046875,0.9437255859375,0.0562744140625,0.10813722014427185,0.00011506184961031415,0.8230542540550232,0.007659123744815588,0.8230186700820923,12865536,0.2554410840384662,16035.008680840056,,0.988525390625,0.929931640625,0.95849609375,0.919921875,0.84765625,0.953125,0.999267578125,0.952880859375,0.9889578819274902,0.9296914935112,0.9604329466819763,0.924727201461792,0.8442065715789795,0.9525896310806274,0.9991306066513062,0.9515264630317688
3160,train,1.4926114082336426,4.448697729235721,0.54541015625,,,,1.5123051404953003,0.1969372034072876,0.1,0.5,0.9416643977165222,0.94122314453125,7.52978515625,0.94122314453125,0.05877685546875,0.11049411445856094,0.00011345770882222015,0.8516762256622314,0.010598386637866497,0.8516102433204651,12947456,0.2761339168064296,14833.382466635938,,0.98828125,0.92919921875,0.95556640625,0.914794921875,0.8359375,0.9560546875,0.999755859375,0.9501953125,0.9888780117034912,0.9277130961418152,0.9558315873146057,0.9163677096366882,0.8391278386116028,0.9538471698760986,0.9990571737289429,0.9524928331375122
3180,train,1.4031660556793213,4.06805930167379,0.56689453125,,,,1.4230892658233643,0.19923236966133118,0.1,0.5,0.9428225755691528,0.943939208984375,7.551513671875,0.943939208984375,0.056060791015625,0.1080363541841507,0.00011186204275388654,0.8122782111167908,0.0077573386952281,0.8122411966323853,13029376,0.26956995762884617,15194.571516902946,,0.989990234375,0.93408203125,0.959716796875,0.918701171875,0.83984375,0.951904296875,0.99853515625,0.958740234375,0.9888652563095093,0.9323536157608032,0.954094648361206,0.9172099828720093,0.8434783220291138,0.9487183690071106,0.9991840720176697,0.9586763978004456
3200,train,1.4814128875732422,4.3991568060587705,0.546630859375,,,,1.501069188117981,0.1965629756450653,0.1,0.5,0.9406940340995789,0.941009521484375,7.528076171875,0.941009521484375,0.058990478515625,0.11202781647443771,0.00011027511376894614,0.8662937879562378,0.009112965315580368,0.8662458658218384,13111296,0.2741650422103703,14939.906149147517,,0.98779296875,0.932373046875,0.9560546875,0.905029296875,0.84521484375,0.944580078125,0.99853515625,0.95849609375,0.988905668258667,0.9280962944030762,0.955672025680542,0.911644697189331,0.8414280414581299,0.9444860219955444,0.9990782141685486,0.9562413096427917
3220,train,1.4202589988708496,4.138192088545845,0.55712890625,,,,1.4400277137756348,0.19768670201301575,0.1,0.5,0.942007839679718,0.94244384765625,7.53955078125,0.94244384765625,0.05755615234375,0.10942273586988449,0.00010869718279445753,0.8206971287727356,0.008457317017018795,0.8206535577774048,13193216,0.2812819997780025,14561.898746570008,,0.987060546875,0.931396484375,0.95361328125,0.922119140625,0.845458984375,0.9482421875,0.99951171875,0.9521484375,0.9889487028121948,0.9304612874984741,0.9548542499542236,0.9195287227630615,0.8432695865631104,0.9458364248275757,0.9990879893302917,0.9540756940841675
3240,train,1.4758245944976807,4.374641591442018,0.537841796875,,,,1.495343565940857,0.1951902210712433,0.1,0.5,0.9406318068504333,0.939422607421875,7.515380859375,0.939422607421875,0.060577392578125,0.11232948303222656,0.00010712850927800251,0.8543463349342346,0.008147613145411015,0.8543074727058411,13275136,0.2474877922795713,16550.311279083246,,0.988525390625,0.9306640625,0.949462890625,0.920654296875,0.838134765625,0.946533203125,0.998779296875,0.942626953125,0.9890322089195251,0.9301903247833252,0.9539312124252319,0.9190672039985657,0.8394553661346436,0.949483335018158,0.9990695714950562,0.944825291633606
3249,validation,,,,1.5844845294952392,4.876776895849475,0.5292626953125,,0.2145111694931984,,0.5,0.9351152002811431,0.9594036865234375,7.6752294921875,0.9594036865234375,0.0405963134765625,0.11104542434215546,,,,,,,,3.964396874886006,1.0,1.0,1.0,0.9460986256599426,0.8157373070716858,0.9463329911231995,1.0,0.9670605659484863,0.9890888929367065,0.9264001250267029,0.9499820470809937,0.9045978784561157,0.826854944229126,0.9415529370307922,0.9992647767066956,0.9431796073913574
3260,train,1.4206061363220215,4.139628859363975,0.566162109375,,,,1.440012812614441,0.19406652450561523,0.1,0.5,0.9375905394554138,0.9378662109375,7.5029296875,0.9378662109375,0.0621337890625,0.11155088245868683,0.00010556935114502734,0.8795152306556702,0.009621603414416313,0.8794625997543335,13357056,0.2694118330255151,15203.489594356763,,0.98681640625,0.934814453125,0.95263671875,0.90966796875,0.830810546875,0.942626953125,0.9990234375,0.946533203125,0.9890151023864746,0.9312509298324585,0.9531798362731934,0.9103973507881165,0.8286941647529602,0.9444527626037598,0.9990813732147217,0.9446531534194946
3280,train,1.4594964981079102,4.3037920152946745,0.54443359375,,,,1.479097843170166,0.19601401686668396,0.1,0.5,0.941494882106781,0.94036865234375,7.52294921875,0.94036865234375,0.05963134765625,0.11123079806566238,0.00010401996475643345,0.8901086449623108,0.0076368325389921665,0.8900758624076843,13438976,0.27495095832273364,14897.202122831563,,0.986572265625,0.922607421875,0.95849609375,0.923095703125,0.840087890625,0.948974609375,0.99951171875,0.943603515625,0.9891793727874756,0.929269552230835,0.9562065601348877,0.9242153167724609,0.8405329585075378,0.9494956731796265,0.9991023540496826,0.9439569711685181
3300,train,1.4545717239379883,4.28264891677043,0.5537109375,,,,1.4741837978363037,0.19612109661102295,0.1,0.5,0.9398610591888428,0.940338134765625,7.522705078125,0.940338134765625,0.059661865234375,0.11010261625051498,0.00010248060486642674,0.8303231596946716,0.00783088244497776,0.8302862644195557,13520896,0.2662189160473645,15385.833812317296,,0.988525390625,0.936767578125,0.958984375,0.91357421875,0.8359375,0.950439453125,0.99853515625,0.93994140625,0.9891625642776489,0.9328469634056091,0.9551714658737183,0.9110314249992371,0.8364895582199097,0.9495261907577515,0.9991127252578735,0.9455476999282837
3320,train,1.4922423362731934,4.447056142593779,0.534912109375,,,,1.5116835832595825,0.19441285729408264,0.1,0.5,0.9385186433792114,0.93798828125,7.50390625,0.93798828125,0.06201171875,0.10902906954288483,0.00010095152458062921,0.9117528796195984,0.00816159788519144,0.9117163419723511,13602816,0.25540733290836215,16037.127647660796,,0.98779296875,0.93212890625,0.95947265625,0.9052734375,0.82568359375,0.947021484375,0.999755859375,0.94677734375,0.9892014265060425,0.9333972930908203,0.9581155776977539,0.9050501585006714,0.8258923292160034,0.9499184489250183,0.9991487860679626,0.947425127029419
3340,train,1.4354517459869385,4.201542610151839,0.55419921875,,,,1.4549999237060547,0.19548165798187256,0.1,0.5,0.9400533437728882,0.939544677734375,7.516357421875,0.939544677734375,0.060455322265625,0.11152461171150208,9.943297531446337e-05,0.8343366384506226,0.008264160715043545,0.8342957496643066,13684736,0.25717766722664237,15926.73284648129,,0.98876953125,0.932861328125,0.954833984375,0.91455078125,0.83349609375,0.949951171875,0.999267578125,0.942626953125,0.989174485206604,0.9312206506729126,0.9538817405700684,0.9157080054283142,0.8369941711425781,0.9501751661300659,0.9990609288215637,0.9442113041877747
3360,train,1.4851181507110596,4.415487074898169,0.530029296875,,,,1.5047982931137085,0.19680094718933105,0.1,0.5,0.9399614930152893,0.940948486328125,7.527587890625,0.940948486328125,0.059051513671875,0.11174231022596359,9.792520675181373e-05,0.7970790266990662,0.008013163693249226,0.797038733959198,13766656,0.2557353749871254,16016.556177283674,,0.988525390625,0.93896484375,0.9560546875,0.903076171875,0.834716796875,0.956298828125,0.9990234375,0.950927734375,0.9892554879188538,0.9324630498886108,0.9522905349731445,0.9051951169967651,0.835387647151947,0.9566980004310608,0.9991719722747803,0.9492297172546387
3380,train,1.4391213655471802,4.2169889969452425,0.552490234375,,,,1.458719253540039,0.19597899913787842,0.1,0.5,0.9395583271980286,0.940277099609375,7.522216796875,0.940277099609375,0.059722900390625,0.11353066563606262,9.642846680397283e-05,0.9013313055038452,0.008470332249999046,0.9012914896011353,13848576,0.2548657078295946,16071.208774538709,,0.988037109375,0.9267578125,0.95654296875,0.910400390625,0.84130859375,0.953369140625,0.9990234375,0.94677734375,0.9892435073852539,0.9264159202575684,0.9510536193847656,0.9090797305107117,0.8435638546943665,0.9524855613708496,0.9991196990013123,0.9455044865608215
3400,train,1.4091205596923828,4.0923548392636055,0.55712890625,,,,1.4287779331207275,0.19657427072525024,0.1,0.5,0.9396234750747681,0.941070556640625,7.528564453125,0.941070556640625,0.058929443359375,0.11337199807167053,9.494300156887937e-05,0.852238118648529,0.007993310689926147,0.8522006273269653,13930496,0.24625645810738206,16633.066322321207,,0.990478515625,0.935302734375,0.9541015625,0.916748046875,0.84326171875,0.9462890625,0.99951171875,0.94287109375,0.9892154932022095,0.931358814239502,0.9528064131736755,0.9130502939224243,0.8435999751091003,0.9460949897766113,0.9991270899772644,0.9417351484298706
3420,train,1.4319074153900146,4.186677313449198,0.560302734375,,,,1.4511927366256714,0.19285288453102112,0.1,0.5,0.9371954202651978,0.93658447265625,7.49267578125,0.93658447265625,0.06341552734375,0.11679406464099884,9.346905529065394e-05,0.8375135064125061,0.0084373252466321,0.8374710083007812,14012416,0.2576304581016302,15898.741283083104,,0.98828125,0.91455078125,0.94580078125,0.9140625,0.8359375,0.94970703125,0.99853515625,0.94580078125,0.9893612265586853,0.9240232110023499,0.945747971534729,0.9108675718307495,0.8362504839897156,0.9476726055145264,0.9990932941436768,0.9445476531982422
3440,train,1.431408405303955,4.184588640420506,0.5576171875,,,,1.4509930610656738,0.19584649801254272,0.1,0.5,0.939590573310852,0.94000244140625,7.52001953125,0.94000244140625,0.05999755859375,0.11386021226644516,9.200687031943982e-05,0.8197938203811646,0.007857595570385456,0.8197561502456665,14094336,0.2750308751128614,14892.873384921491,,0.990478515625,0.927490234375,0.95263671875,0.9189453125,0.835205078125,0.954345703125,0.998779296875,0.942138671875,0.9893784523010254,0.9257051944732666,0.9512792229652405,0.9191528558731079,0.8373339176177979,0.9530884027481079,0.9992083311080933,0.9415784478187561
3460,train,1.3579280376434326,3.888128893400357,0.578369140625,,,,1.3774970769882202,0.19569090008735657,0.1,0.5,0.9410452842712402,0.940185546875,7.521484375,0.940185546875,0.059814453125,0.11122988909482956,9.055668707155493e-05,0.8138275742530823,0.008280044421553612,0.8137854337692261,14176256,0.26559574995189905,15421.933523943097,,0.990234375,0.93017578125,0.952392578125,0.9189453125,0.8466796875,0.943359375,0.9990234375,0.940673828125,0.9893180131912231,0.9324692487716675,0.9525200724601746,0.9223767518997192,0.8449075222015381,0.9447740912437439,0.9992353916168213,0.9427602291107178
3480,train,1.3588955402374268,3.891892488540956,0.57861328125,,,,1.378547191619873,0.1965165138244629,0.1,0.5,0.9401484131813049,0.94085693359375,7.52685546875,0.94085693359375,0.05914306640625,0.11143424361944199,8.91187439899624e-05,0.8557954430580139,0.006352339871227741,0.8557718396186829,14258176,0.2536558751016855,16147.86173731634,,0.9931640625,0.932373046875,0.9521484375,0.904052734375,0.84423828125,0.952880859375,0.999755859375,0.9482421875,0.9893629550933838,0.9307749271392822,0.9510711431503296,0.9076790809631348,0.8422341346740723,0.9518970251083374,0.9991948008537292,0.9489733576774597
3499,validation,,,,1.5723876118659974,4.8181383155553945,0.53248046875,,0.21246999144554138,,0.5,0.9331573510169983,0.9571038818359375,7.6568310546875,0.9571038818359375,0.0428961181640625,0.11433647260069847,,,,,,,,3.878545416984707,1.0,1.0,1.0,0.9277637004852295,0.8167773485183716,0.9449267387390137,1.0,0.9673632979393005,0.989439070224762,0.9249351620674133,0.9472280144691467,0.89263916015625,0.8274590969085693,0.9395520091056824,0.9992811679840088,0.9447247385978699
3500,train,1.458948016166687,4.301432110337292,0.54443359375,,,,1.4782021045684814,0.19254115223884583,0.1,0.5,0.9368187189102173,0.9361572265625,7.4892578125,0.9361572265625,0.0638427734375,0.11569155007600784,8.769327750506457e-05,0.8918098211288452,0.010638567619025707,0.8917464017868042,14340096,0.22533212509006262,18177.612261735325,,0.989501953125,0.931884765625,0.943115234375,0.904296875,0.834228515625,0.9443359375,0.999755859375,0.942138671875,0.9894015789031982,0.9265272617340088,0.9490867853164673,0.9036927819252014,0.8340097665786743,0.9451647996902466,0.9990749955177307,0.94759202003479
3520,train,1.4149551391601562,4.116301801075333,0.55810546875,,,,1.434349775314331,0.19394651055335999,0.1,0.5,0.9374393224716187,0.9378662109375,7.5029296875,0.9378662109375,0.0621337890625,0.11356215924024582,8.628052199582897e-05,0.8394245505332947,0.007984604686498642,0.8393865823745728,14422016,0.25975729199126363,15768.565989430472,,0.988037109375,0.92822265625,0.955810546875,0.90576171875,0.837890625,0.9462890625,0.998779296875,0.942138671875,0.989457368850708,0.9277987480163574,0.9516539573669434,0.90497887134552,0.8353185057640076,0.9462078213691711,0.9991600513458252,0.9449385404586792
3540,train,1.4437121152877808,4.236392642652219,0.564697265625,,,,1.4630296230316162,0.19317549467086792,0.1,0.5,0.9387078881263733,0.937164306640625,7.497314453125,0.937164306640625,0.062835693359375,0.11388380080461502,8.488070975125088e-05,0.8613809943199158,0.010085786692798138,0.8613219857215881,14503936,0.2689457908272743,15229.834932165135,,0.98681640625,0.917724609375,0.948486328125,0.912841796875,0.842529296875,0.94921875,0.9990234375,0.940673828125,0.9893569350242615,0.9234463572502136,0.951062798500061,0.9122775793075562,0.8403359651565552,0.950477123260498,0.9991133809089661,0.9435930252075195
3560,train,1.4214162826538086,4.142983923362239,0.562255859375,,,,1.440976619720459,0.19560372829437256,0.1,0.5,0.9398273825645447,0.939910888671875,7.519287109375,0.939910888671875,0.060089111328125,0.11447450518608093,8.349407093215969e-05,0.8907220363616943,0.007407342549413443,0.8906912803649902,14585856,0.2671901253052056,15329.907852399958,,0.9892578125,0.93408203125,0.947265625,0.909912109375,0.84228515625,0.952392578125,0.999267578125,0.94482421875,0.9896572828292847,0.9264135360717773,0.948738157749176,0.9150523543357849,0.8432947397232056,0.9512807130813599,0.9991985559463501,0.9449838399887085
3580,train,1.3887676000595093,4.00990519967214,0.5654296875,,,,1.4084523916244507,0.19684754312038422,0.1,0.5,0.9410370588302612,0.94122314453125,7.52978515625,0.94122314453125,0.05877685546875,0.11107871681451797,8.212083353337553e-05,0.7922993898391724,0.0074789561331272125,0.7922641038894653,14667776,0.2627100828103721,15591.331540010024,,0.99267578125,0.931640625,0.947021484375,0.9140625,0.840087890625,0.95556640625,0.9990234375,0.94970703125,0.9895395040512085,0.9311933517456055,0.9482735395431519,0.912594199180603,0.8413888216018677,0.9565004110336304,0.9991835951805115,0.9496231079101562
3600,train,1.4366250038146973,4.206474995822111,0.55859375,,,,1.4562267065048218,0.1960175782442093,0.1,0.5,0.9403842091560364,0.94024658203125,7.52197265625,0.94024658203125,0.05975341796875,0.1115657389163971,8.076122334622138e-05,0.8512375354766846,0.007911644876003265,0.8512007594108582,14749696,0.25723029067739844,15923.474600185938,,0.98876953125,0.927978515625,0.95166015625,0.915283203125,0.83740234375,0.9462890625,0.99951171875,0.955078125,0.9894627928733826,0.9317654967308044,0.9506199359893799,0.9132668972015381,0.8386706113815308,0.9489667415618896,0.9991241693496704,0.951197624206543
3620,train,1.4374393224716187,4.209901801957804,0.556396484375,,,,1.4569703340530396,0.19531068205833435,0.1,0.5,0.941009521484375,0.939727783203125,7.517822265625,0.939727783203125,0.060272216796875,0.11160673201084137,7.94154639213982e-05,0.9141284823417664,0.00790230929851532,0.9140943288803101,14831616,0.2542339167557657,16111.146979397305,,0.98779296875,0.9228515625,0.949462890625,0.91748046875,0.845947265625,0.949462890625,0.998779296875,0.946044921875,0.9895691871643066,0.9294770359992981,0.952489972114563,0.9199529886245728,0.8433809280395508,0.9495630264282227,0.9991376399993896,0.944505512714386
3640,train,1.4854865074157715,4.417113848764913,0.5361328125,,,,1.5049458742141724,0.19459420442581177,0.1,0.5,0.9391660690307617,0.938507080078125,7.508056640625,0.938507080078125,0.061492919921875,0.11302536725997925,7.808377653222793e-05,0.8690814971923828,0.011587941087782383,0.8690041899681091,14913536,0.25703804194927216,15935.384384885594,,0.99169921875,0.919189453125,0.946533203125,0.920166015625,0.833984375,0.951904296875,0.999267578125,0.9453125,0.9895753264427185,0.9269284009933472,0.9479930400848389,0.9144524931907654,0.8368854522705078,0.9507834911346436,0.9991698265075684,0.9475406408309937
3660,train,1.3854684829711914,3.996697851179173,0.567138671875,,,,1.4049321413040161,0.1946369707584381,0.1,0.5,0.9383004307746887,0.938751220703125,7.510009765625,0.938751220703125,0.061248779296875,0.11471149325370789,7.67663801382712e-05,0.8474872708320618,0.008637004531919956,0.8474432826042175,14995456,0.3467957079410553,11810.988158758282,,0.990234375,0.92626953125,0.947265625,0.91259765625,0.840087890625,0.94384765625,0.998779296875,0.950927734375,0.9895063638687134,0.9250009059906006,0.9493531584739685,0.9094018936157227,0.838018536567688,0.9454269409179688,0.9991580247879028,0.9505378603935242
3680,train,1.3739044666290283,3.9507461769478027,0.573486328125,,,,1.393211841583252,0.19307398796081543,0.1,0.5,0.9367454051971436,0.936492919921875,7.491943359375,0.936492919921875,0.063507080078125,0.11594820767641068,7.546349134932549e-05,0.7885980010032654,0.007190915755927563,0.7885652184486389,15077376,0.2595314159989357,15782.289724866285,,0.990966796875,0.925048828125,0.947509765625,0.90234375,0.82861328125,0.952392578125,1.0,0.945068359375,0.9896653294563293,0.9219363331794739,0.9470890164375305,0.9066879749298096,0.8321415185928345,0.9525817036628723,0.9991858601570129,0.944675087928772
3700,train,1.444504737854004,4.239751834169799,0.55810546875,,,,1.4638460874557495,0.19341334700584412,0.1,0.5,0.9373499751091003,0.937347412109375,7.498779296875,0.937347412109375,0.062652587890625,0.1161472350358963,7.417532438980949e-05,0.8417433500289917,0.007319338154047728,0.8417115211486816,15159296,0.28660583309829235,14291.404873798449,,0.98779296875,0.918212890625,0.9482421875,0.91357421875,0.839599609375,0.948974609375,0.9990234375,0.943359375,0.9896289110183716,0.9224410057067871,0.9481289386749268,0.9094558954238892,0.8376438021659851,0.9500452280044556,0.9991204142570496,0.9423359632492065
3720,train,1.4281158447265625,4.170833286425361,0.557373046875,,,,1.4474899768829346,0.19374126195907593,0.1,0.5,0.9384711980819702,0.937652587890625,7.501220703125,0.937652587890625,0.062347412109375,0.11335419118404388,7.290209106353981e-05,0.8502368330955505,0.008979364298284054,0.8501893877983093,15241216,0.2550602499395609,16058.950781121672,,0.98779296875,0.92822265625,0.950439453125,0.908203125,0.83740234375,0.948486328125,0.999267578125,0.94140625,0.9896537065505981,0.9282394647598267,0.9503567814826965,0.9108530282974243,0.838457465171814,0.947458028793335,0.9991515278816223,0.9435991644859314
3740,train,1.4067827463150024,4.08279885178532,0.56103515625,,,,1.4265056848526,0.19722944498062134,0.1,0.5,0.939711332321167,0.94140625,7.53125,0.94140625,0.05859375,0.11197242140769958,7.164400071890549e-05,0.8622090220451355,0.007933767512440681,0.862172544002533,15323136,0.253989708609879,16126.637659525566,,0.992431640625,0.931640625,0.951904296875,0.91552734375,0.83203125,0.953369140625,0.999267578125,0.955078125,0.9896711707115173,0.9299867749214172,0.9502832889556885,0.9099889397621155,0.8359229564666748,0.9511159658432007,0.9991851449012756,0.9515362977981567
3749,validation,,,,1.5601114749908447,4.7593517642618455,0.5370751953125,,0.21511438757181167,,0.5,0.9367978286743164,0.96017333984375,7.68138671875,0.96017333984375,0.03982666015625,0.10846599742770195,,,,,,,,3.9051061659120023,1.0,1.0,1.0,0.9476025104522705,0.818310558795929,0.9486669898033142,1.0,0.9668066501617432,0.9897259473800659,0.9339439272880554,0.9497918486595154,0.9028499722480774,0.8284730315208435,0.9432981610298157,0.9994103908538818,0.9468896389007568
3760,train,1.4423834085464478,4.230767457127545,0.5595703125,,,,1.461808681488037,0.19425320625305176,0.1,0.5,0.9397072196006775,0.9381103515625,7.5048828125,0.9381103515625,0.0618896484375,0.11121834814548492,7.040126021444665e-05,0.8490633964538574,0.0077898139134049416,0.849027693271637,15405056,0.31633883295580745,12948.141591494748,,0.98974609375,0.931884765625,0.94921875,0.902587890625,0.835693359375,0.9482421875,0.9990234375,0.948486328125,0.9895578622817993,0.9322385787963867,0.9498029947280884,0.910361647605896,0.8365690112113953,0.9497778415679932,0.9990525245666504,0.950297474861145
3780,train,1.3689955472946167,3.9313998063905675,0.579833984375,,,,1.3885424137115479,0.19546908140182495,0.1,0.5,0.9404122233390808,0.939544677734375,7.516357421875,0.939544677734375,0.060455322265625,0.1118747666478157,6.9174073884842e-05,0.8289012908935547,0.007724472787231207,0.8288652896881104,15486976,0.27991016674786806,14633.266263920716,,0.990966796875,0.931396484375,0.953125,0.9091796875,0.836669921875,0.94775390625,0.999755859375,0.947509765625,0.9897486567497253,0.9332466125488281,0.9515846967697144,0.9124666452407837,0.8396909236907959,0.9498586058616638,0.9990948438644409,0.9476065039634705
3800,train,1.4053077697753906,4.076781258258588,0.557861328125,,,,1.4245651960372925,0.19257378578186035,0.1,0.5,0.9352510571479797,0.93603515625,7.48828125,0.93603515625,0.06396484375,0.11747905611991882,6.796264350731174e-05,0.8695824146270752,0.007573605515062809,0.8695494532585144,15568896,0.26607762509956956,15394.003905691905,,0.989013671875,0.932861328125,0.946044921875,0.908935546875,0.8271484375,0.949951171875,0.998291015625,0.93603515625,0.9896901845932007,0.9264991283416748,0.9445949792861938,0.9058645367622375,0.8301680088043213,0.948894739151001,0.9988969564437866,0.9374000430107117
3820,train,1.435035228729248,4.19979295955092,0.555419921875,,,,1.4546599388122559,0.19624760746955872,0.1,0.5,0.9389688372612,0.940155029296875,7.521240234375,0.940155029296875,0.059844970703125,0.11351421475410461,6.676716826844083e-05,0.8664054274559021,0.007887545973062515,0.8663695454597473,15650816,0.26481679175049067,15467.297118602792,,0.991943359375,0.92578125,0.954833984375,0.913330078125,0.82861328125,0.957763671875,0.99853515625,0.950439453125,0.9899015426635742,0.926693320274353,0.9488316178321838,0.9089524745941162,0.8329269886016846,0.9563344717025757,0.9991658926010132,0.948944091796875
3840,train,1.374800682067871,3.9542884837644623,0.57666015625,,,,1.3940534591674805,0.1925274133682251,0.1,0.5,0.9368453025817871,0.936187744140625,7.489501953125,0.936187744140625,0.063812255859375,0.11485692858695984,6.558784473142812e-05,0.8115718960762024,0.009153190068900585,0.8115203380584717,15732736,0.2757967081852257,14851.518812360577,,0.990478515625,0.9267578125,0.94677734375,0.89892578125,0.838623046875,0.94091796875,0.998779296875,0.9482421875,0.9897781610488892,0.9290727972984314,0.9486796855926514,0.9034926891326904,0.8347430229187012,0.9419884085655212,0.9991344213485718,0.9478732347488403
3860,train,1.4257937669754028,4.161159523209104,0.5517578125,,,,1.4452602863311768,0.19466489553451538,0.1,0.5,0.9390015602111816,0.938629150390625,7.509033203125,0.938629150390625,0.061370849609375,0.11443820595741272,6.442486680376695e-05,0.8891129493713379,0.009754381142556667,0.8890594244003296,15814656,0.2767869997769594,14798.382883952787,,0.990478515625,0.93017578125,0.947509765625,0.91455078125,0.83447265625,0.953125,0.999267578125,0.939453125,0.9898207783699036,0.9276756048202515,0.9495519995689392,0.9118114709854126,0.8351719379425049,0.9549641609191895,0.9991949796676636,0.9438213109970093
3880,train,1.3878248929977417,4.006126814958186,0.57373046875,,,,1.407474160194397,0.1964924931526184,0.1,0.5,0.9399780035018921,0.940643310546875,7.525146484375,0.940643310546875,0.059356689453125,0.11179870367050171,6.327842570536232e-05,0.8986529111862183,0.010937868617475033,0.8985863327980042,15896576,0.28513866709545255,14364.940545327127,,0.99267578125,0.93115234375,0.953369140625,0.91259765625,0.834716796875,0.949462890625,0.999267578125,0.951904296875,0.9898333549499512,0.9297897219657898,0.9504874348640442,0.9102656841278076,0.8359840512275696,0.9513452649116516,0.9991087317466736,0.9530093669891357
3900,train,1.4446055889129639,4.2401794391938505,0.550537109375,,,,1.4640793800354004,0.19473770260810852,0.1,0.5,0.9397841691970825,0.938690185546875,7.509521484375,0.938690185546875,0.061309814453125,0.11434577405452728,6.214870993709013e-05,0.87044358253479,0.008114009164273739,0.8704057931900024,15978496,0.2792621674016118,14667.221264201788,,0.98974609375,0.920166015625,0.948974609375,0.907958984375,0.837646484375,0.95654296875,0.999267578125,0.94921875,0.989972710609436,0.9266719818115234,0.9483499526977539,0.9117475748062134,0.8364226818084717,0.9582313299179077,0.999237596988678,0.9476392269134521
3920,train,1.4062199592590332,4.0805017518890825,0.5703125,,,,1.4257245063781738,0.19504502415657043,0.1,0.5,0.9394975900650024,0.93914794921875,7.51318359375,0.93914794921875,0.06085205078125,0.11224628984928131,6.10359052498032e-05,0.8539971113204956,0.009793514385819435,0.8539409637451172,16060416,0.38084083376452327,10755.149229960429,,0.989990234375,0.9326171875,0.954345703125,0.90673828125,0.83984375,0.950927734375,0.99951171875,0.939208984375,0.9899134039878845,0.9318952560424805,0.9523215293884277,0.9105675220489502,0.8394196033477783,0.9507527947425842,0.9991469383239746,0.9419639110565186
3940,train,1.4209167957305908,4.140915073794083,0.557373046875,,,,1.4403387308120728,0.19421914219856262,0.1,0.5,0.9382060766220093,0.937957763671875,7.503662109375,0.937957763671875,0.062042236328125,0.11329589784145355,5.994019461378977e-05,0.8889711499214172,0.008008482865989208,0.8889350295066833,16142336,0.30079729203134775,13617.14386568724,,0.989990234375,0.933349609375,0.946533203125,0.902099609375,0.832275390625,0.94775390625,0.9990234375,0.95263671875,0.9898598194122314,0.9312174320220947,0.9489209651947021,0.9025670289993286,0.8355857133865356,0.9470101594924927,0.9990459680557251,0.9514418840408325
3960,train,1.347064733505249,3.8461195599168208,0.58447265625,,,,1.3664039373397827,0.19339193403720856,0.1,0.5,0.9368925094604492,0.93719482421875,7.49755859375,0.93719482421875,0.06280517578125,0.11559568345546722,5.8861758188688994e-05,0.858203649520874,0.007544360589236021,0.8581705093383789,16224256,0.2768334997817874,14795.897184512176,,0.991943359375,0.9267578125,0.949951171875,0.90771484375,0.83740234375,0.947265625,0.9990234375,0.9375,0.990034818649292,0.9293836355209351,0.9476571083068848,0.905937671661377,0.8347484469413757,0.9488248825073242,0.999046266078949,0.9395076036453247
3980,train,1.4033679962158203,4.0688808907049525,0.564453125,,,,1.4228529930114746,0.19484978914260864,0.1,0.5,0.9399902820587158,0.938873291015625,7.510986328125,0.938873291015625,0.061126708984375,0.11293268948793411,5.780077329386861e-05,0.8873183727264404,0.008537255227565765,0.8872772455215454,16306176,0.2891440000385046,14165.9519113471,,0.987060546875,0.93701171875,0.947509765625,0.909912109375,0.834716796875,0.94873046875,0.99951171875,0.946533203125,0.9900057315826416,0.9342654943466187,0.9507492780685425,0.9108397960662842,0.8374469876289368,0.9496500492095947,0.9991068840026855,0.9478585124015808
3999,validation,,,,1.5516370701789857,4.719189506739542,0.5402392578125,,0.21118339478969575,,0.5,0.9324788880348206,0.955533447265625,7.644267578125,0.955533447265625,0.044466552734375,0.113429756462574,,,,,,,,4.248742709401995,1.0,1.0,1.0,0.912182629108429,0.8164355754852295,0.947949230670929,1.0,0.967700183391571,0.9900323748588562,0.9294418096542358,0.9422559142112732,0.8855920433998108,0.823642373085022,0.9421589374542236,0.9993841648101807,0.9473236799240112
4000,train,1.367271065711975,3.924626022142214,0.57666015625,,,,1.3866655826568604,0.19394460320472717,0.1,0.5,0.9378471970558167,0.937713623046875,7.501708984375,0.937713623046875,0.062286376953125,0.11236546188592911,5.6757414379269524e-05,0.8359322547912598,0.007554686162620783,0.8358981609344482,16388096,0.2200331250205636,18615.37893268207,,0.991943359375,0.931396484375,0.943603515625,0.901611328125,0.83544921875,0.950927734375,0.9990234375,0.94775390625,0.9899398684501648,0.931179404258728,0.9455312490463257,0.9002736806869507,0.8335857391357422,0.950376033782959,0.9992018938064575,0.9526897668838501
4020,train,1.3652137517929077,3.9165601342763474,0.570556640625,,,,1.3844062089920044,0.19192424416542053,0.1,0.5,0.9362626075744629,0.935211181640625,7.481689453125,0.935211181640625,0.064788818359375,0.1162310391664505,5.573185299672248e-05,0.7835373282432556,0.007532381918281317,0.7835010886192322,16470016,0.2714828751049936,15087.50781579099,,0.990478515625,0.927978515625,0.948974609375,0.8974609375,0.829833984375,0.94677734375,0.99951171875,0.940673828125,0.990012526512146,0.9276978373527527,0.9470134973526001,0.90251225233078,0.8307510614395142,0.9482290744781494,0.9990832209587097,0.9448018670082092
4040,train,1.3887250423431396,4.00973455089522,0.568115234375,,,,1.4081019163131714,0.19376841187477112,0.1,0.5,0.9378901720046997,0.937652587890625,7.501220703125,0.937652587890625,0.062347412109375,0.11717401444911957,5.472425777174096e-05,0.8603751063346863,0.007469030097126961,0.8603426814079285,16551936,0.2727460418827832,15017.63314959606,,0.98876953125,0.930419921875,0.94580078125,0.911376953125,0.8349609375,0.945556640625,0.998779296875,0.945556640625,0.9899232387542725,0.9245337247848511,0.9455553293228149,0.9081314206123352,0.8380236625671387,0.9464665651321411,0.9991084337234497,0.9513792991638184
4060,train,1.355973720550537,3.8805376768828306,0.57568359375,,,,1.3753342628479004,0.19360488653182983,0.1,0.5,0.936600387096405,0.93756103515625,7.50048828125,0.93756103515625,0.06243896484375,0.11723075062036514,5.3734794375795196e-05,0.8910740613937378,0.008539424277842045,0.8910331726074219,16633856,0.27613833267241716,14833.145258608785,,0.9912109375,0.92919921875,0.9462890625,0.910400390625,0.839599609375,0.940673828125,0.998779296875,0.9443359375,0.9899218082427979,0.927955687046051,0.9460822343826294,0.9042177200317383,0.8379644155502319,0.940802812576294,0.9990649223327637,0.9467935562133789
4080,train,1.3458961248397827,3.8416275764672796,0.57666015625,,,,1.3652952909469604,0.1939917802810669,0.1,0.5,0.9365153312683105,0.937408447265625,7.499267578125,0.937408447265625,0.062591552734375,0.11558486521244049,5.276362549907239e-05,0.8222243785858154,0.0066121784038841724,0.8221977949142456,16715776,0.27329216711223125,14987.623111488301,,0.992431640625,0.922119140625,0.952392578125,0.897216796875,0.828369140625,0.950927734375,0.998779296875,0.95703125,0.9901249408721924,0.9272910356521606,0.9476175308227539,0.8991448879241943,0.828899621963501,0.9490635395050049,0.999169647693634,0.9508110284805298
4100,train,1.4521377086639404,4.272237559734763,0.564453125,,,,1.4716787338256836,0.19540971517562866,0.1,0.5,0.9398760795593262,0.93963623046875,7.51708984375,0.93963623046875,0.06036376953125,0.11175530403852463,5.181091082372629e-05,0.9560863971710205,0.007802413310855627,0.9560545682907104,16797696,0.288995792157948,14173.216742759247,,0.989013671875,0.931640625,0.946044921875,0.904541015625,0.8427734375,0.951416015625,0.99951171875,0.9521484375,0.9900836944580078,0.9275391101837158,0.9494850635528564,0.9101451635360718,0.8383603692054749,0.9501881003379822,0.9991476535797119,0.9540597200393677
4120,train,1.3737682104110718,3.950207899888256,0.56494140625,,,,1.393166184425354,0.19398024678230286,0.1,0.5,0.9382268786430359,0.93792724609375,7.50341796875,0.93792724609375,0.06207275390625,0.11579358577728271,5.087680699762229e-05,0.8872426152229309,0.007022086065262556,0.8872148394584656,16879616,0.2789862919598818,14681.724937901266,,0.992431640625,0.923828125,0.943115234375,0.913330078125,0.838134765625,0.94775390625,0.99853515625,0.9462890625,0.9900410175323486,0.9254623651504517,0.9475994110107422,0.9113770723342896,0.8376027345657349,0.9500623941421509,0.9990429282188416,0.9446272850036621
4140,train,1.3938565254211426,4.030363318710328,0.565185546875,,,,1.4132682085037231,0.19411656260490417,0.1,0.5,0.9378399848937988,0.93798828125,7.50390625,0.93798828125,0.06201171875,0.11633425205945969,4.996146760858055e-05,0.8525486588478088,0.011222219094634056,0.8524748086929321,16961536,0.5487306248396635,7464.500457208547,,0.98876953125,0.927734375,0.9453125,0.911865234375,0.833984375,0.94775390625,0.999755859375,0.94873046875,0.9901275634765625,0.926239550113678,0.9446718692779541,0.9094305634498596,0.8362038135528564,0.9476734399795532,0.9991518259048462,0.9492213726043701
4160,train,1.38656485080719,4.001082105091734,0.57373046875,,,,1.4061509370803833,0.1958603411912918,0.1,0.5,0.938911497592926,0.93988037109375,7.51904296875,0.93988037109375,0.06011962890625,0.11395391821861267,4.9065043159123064e-05,0.839766800403595,0.007990362122654915,0.8397287726402283,17043456,0.2847895002923906,14382.552712774443,,0.99169921875,0.9296875,0.949951171875,0.9072265625,0.834716796875,0.9521484375,0.99951171875,0.9541015625,0.9899914264678955,0.9280868172645569,0.9455282688140869,0.9075047373771667,0.8374645709991455,0.951499879360199,0.9991174340248108,0.9520987272262573
4180,train,1.4457128047943115,4.244876833243447,0.55029296875,,,,1.4650869369506836,0.19374172389507294,0.1,0.5,0.9365575313568115,0.93731689453125,7.49853515625,0.93731689453125,0.06268310546875,0.11520622670650482,4.81876810417273e-05,0.8829770088195801,0.006953965872526169,0.8829495906829834,17125376,0.2781802089884877,14724.268181743691,,0.98876953125,0.92578125,0.947998046875,0.90576171875,0.828369140625,0.951171875,0.9990234375,0.95166015625,0.9900919198989868,0.9269365072250366,0.9447509050369263,0.9018745422363281,0.8285642266273499,0.9502211213111877,0.9991339445114136,0.9508873224258423
4200,train,1.3845294713974,3.992946667118224,0.565185546875,,,,1.4038493633270264,0.19319862127304077,0.1,0.5,0.9367877244949341,0.936920166015625,7.495361328125,0.936920166015625,0.063079833984375,0.11640660464763641,4.7329525514591865e-05,0.8724299073219299,0.007708515040576458,0.8723958134651184,17207296,0.2597025828436017,15771.887807780087,,0.990478515625,0.92724609375,0.9443359375,0.903564453125,0.8359375,0.944580078125,0.998779296875,0.950439453125,0.9901093244552612,0.9254660606384277,0.9454389810562134,0.9029226899147034,0.8343427181243896,0.9463173151016235,0.9990754127502441,0.9506291151046753
4220,train,1.3796652555465698,3.97357127389868,0.5703125,,,,1.3991367816925049,0.194715678691864,0.1,0.5,0.9371912479400635,0.938507080078125,7.508056640625,0.938507080078125,0.061492919921875,0.1162349283695221,4.6490717677916956e-05,0.834530234336853,0.009778452105820179,0.8344729542732239,17289216,0.278994332998991,14681.301788358594,,0.9912109375,0.925048828125,0.9501953125,0.90087890625,0.834716796875,0.952880859375,0.999267578125,0.953857421875,0.9900996685028076,0.9273617267608643,0.9452797770500183,0.9017426371574402,0.8310315012931824,0.9513616561889648,0.9991427659988403,0.9515105485916138
4240,train,1.3679685592651367,3.9273643783731202,0.5751953125,,,,1.387280821800232,0.19312244653701782,0.1,0.5,0.9367068409919739,0.936767578125,7.494140625,0.936767578125,0.063232421875,0.11740322411060333,4.5671395450704284e-05,0.8965500593185425,0.006941832602024078,0.8965231776237488,17371136,0.3662693747319281,11183.02616209137,,0.989501953125,0.933349609375,0.9423828125,0.900146484375,0.833984375,0.947998046875,0.9990234375,0.94775390625,0.9901609420776367,0.9267969131469727,0.9446578025817871,0.9031190872192383,0.8355053067207336,0.9490525722503662,0.9991277456283569,0.9452342987060547
4249,validation,,,,1.5501638674736022,4.712242302567462,0.5405078125,,0.21327000081539155,,0.5,0.9342242836952209,0.9580133056640625,7.6641064453125,0.9580133056640625,0.0419866943359375,0.11229079380631447,,,,,,,,4.1419212920591235,1.0,1.0,1.0,0.9328466653823853,0.8164989948272705,0.9473339915275574,1.0,0.9674267768859863,0.9901909828186035,0.9287285804748535,0.9463182091712952,0.8948150873184204,0.8254373669624329,0.9415819644927979,0.9993048906326294,0.9474171996116638
4260,train,1.4030635356903076,4.067642265656504,0.55615234375,,,,1.4227632284164429,0.19699665904045105,0.1,0.5,0.9404886960983276,0.941253662109375,7.530029296875,0.941253662109375,0.058746337890625,0.1111656203866005,4.487169354808029e-05,0.8881691098213196,0.007272177375853062,0.8881393671035767,17453056,0.2984787500463426,13722.919971234282,,0.991943359375,0.932861328125,0.9501953125,0.912353515625,0.836181640625,0.94775390625,0.999267578125,0.95947265625,0.9900984168052673,0.9314439296722412,0.9512865543365479,0.9081251621246338,0.8391979932785034,0.9476795196533203,0.9991183280944824,0.95695960521698
4280,train,1.3324052095413208,3.790148534704628,0.58056640625,,,,1.3515981435775757,0.19192904233932495,0.1,0.5,0.9364009499549866,0.9351806640625,7.4814453125,0.9351806640625,0.0648193359375,0.11480499804019928,4.4091743459145615e-05,0.8533894419670105,0.0066013396717607975,0.8533639311790466,17534976,0.2631699158810079,15564.089026999589,,0.99072265625,0.92724609375,0.944580078125,0.8974609375,0.828369140625,0.947998046875,0.99853515625,0.946533203125,0.9901789426803589,0.93055260181427,0.9483758211135864,0.9006294012069702,0.8287254571914673,0.9486581087112427,0.9990488886833191,0.9450387954711914
4300,train,1.347841739654541,3.8491091797918893,0.582275390625,,,,1.3672629594802856,0.1942126601934433,0.1,0.5,0.9392595291137695,0.93804931640625,7.50439453125,0.93804931640625,0.06195068359375,0.11343806982040405,4.333167342535562e-05,0.9008262157440186,0.008748920634388924,0.9007837772369385,17616896,0.2672532922588289,15326.284534721895,,0.987060546875,0.9375,0.947265625,0.90625,0.832275390625,0.9443359375,0.9990234375,0.95068359375,0.9901635646820068,0.9298849701881409,0.9503045082092285,0.9079494476318359,0.8357008695602417,0.9488599300384521,0.999163806438446,0.9520490169525146
4320,train,1.391378402709961,4.02038794903596,0.57275390625,,,,1.410934329032898,0.19555926322937012,0.1,0.5,0.9394474625587463,0.939544677734375,7.516357421875,0.939544677734375,0.060455322265625,0.11146195232868195,4.2591608419434414e-05,0.8470351696014404,0.008718608878552914,0.8469902873039246,17698816,0.27013045782223344,15163.043934481027,,0.98974609375,0.93408203125,0.945556640625,0.90966796875,0.83251953125,0.948974609375,0.999267578125,0.95654296875,0.9901798963546753,0.9316434860229492,0.9521446228027344,0.9065567851066589,0.8329339027404785,0.9469969272613525,0.9991859197616577,0.9559382200241089
4340,train,1.3687777519226074,3.9305436589430776,0.572265625,,,,1.3881492614746094,0.19371473789215088,0.1,0.5,0.9377725124359131,0.937347412109375,7.498779296875,0.937347412109375,0.062652587890625,0.11348745971918106,4.18716701248265e-05,0.9138472676277161,0.007443973328918219,0.9138169288635254,17780736,0.26077512511983514,15707.019594440793,,0.9892578125,0.930908203125,0.95263671875,0.9052734375,0.829833984375,0.946533203125,0.999267578125,0.945068359375,0.990198016166687,0.9290549159049988,0.9518337845802307,0.9040865898132324,0.8318840861320496,0.9514225721359253,0.9991800785064697,0.9445198178291321
4360,train,1.439549446105957,4.21879459439442,0.5615234375,,,,1.4590011835098267,0.1945178210735321,0.1,0.5,0.9394331574440002,0.9384765625,7.5078125,0.9384765625,0.0615234375,0.11392384767532349,4.1171976915689365e-05,0.8778789043426514,0.006961101200431585,0.8778513073921204,17862656,0.2800724166445434,14624.789006617804,,0.989013671875,0.9287109375,0.949462890625,0.907958984375,0.8359375,0.94970703125,0.99853515625,0.948486328125,0.9902327060699463,0.9274939894676208,0.9500427842140198,0.9085574746131897,0.8390487432479858,0.9506338834762573,0.9991444945335388,0.9503110647201538
4380,train,1.4116222858428955,4.102605607343136,0.5615234375,,,,1.431013822555542,0.19391509890556335,0.1,0.5,0.9380779266357422,0.937530517578125,7.500244140625,0.937530517578125,0.062469482421875,0.11321531981229782,4.049264383742998e-05,0.8731045126914978,0.00723304646089673,0.8730745315551758,17944576,0.27123008435592055,15101.569612849587,,0.98681640625,0.92822265625,0.9482421875,0.906005859375,0.828125,0.957763671875,0.9990234375,0.946044921875,0.9902931451797485,0.9264160394668579,0.9511798620223999,0.9055672287940979,0.8274682760238647,0.955740213394165,0.9992204904556274,0.9487383365631104
4400,train,1.316734790802002,3.7312182570600645,0.58447265625,,,,1.336086392402649,0.1935156285762787,0.1,0.5,0.9373372793197632,0.936981201171875,7.495849609375,0.936981201171875,0.063018798828125,0.11435980349779129,3.9833782587788806e-05,0.8561175465583801,0.007759099826216698,0.8560823798179626,18026496,0.2737762089818716,14961.12469097423,,0.98974609375,0.931884765625,0.9443359375,0.902587890625,0.826171875,0.9501953125,0.998291015625,0.95263671875,0.9902366399765015,0.9301597476005554,0.9483665227890015,0.9018069505691528,0.8299052715301514,0.9500358700752258,0.9991808533668518,0.9490062594413757
4420,train,1.3774487972259521,3.9647737720357967,0.579345703125,,,,1.396876335144043,0.1942748725414276,0.1,0.5,0.9375295042991638,0.938140869140625,7.505126953125,0.938140869140625,0.061859130859375,0.11340875923633575,3.9195501498474075e-05,0.8978819847106934,0.009221496060490608,0.8978345990180969,18108416,0.2644043331965804,15491.425388080494,,0.9892578125,0.929443359375,0.9501953125,0.90869140625,0.834228515625,0.9423828125,0.99951171875,0.951416015625,0.9901536703109741,0.9311079382896423,0.9489796161651611,0.9052087068557739,0.8346388339996338,0.9415920376777649,0.9990930557250977,0.9494622945785522
4440,train,1.373319149017334,3.9484344122553954,0.5771484375,,,,1.3926212787628174,0.1930217146873474,0.1,0.5,0.9365203976631165,0.93646240234375,7.49169921875,0.93646240234375,0.06353759765625,0.11490978300571442,3.857790551734975e-05,0.8300280570983887,0.007233850192278624,0.8299965262413025,18190336,0.26604729192331433,15395.759041143085,,0.991455078125,0.92236328125,0.948974609375,0.9033203125,0.82958984375,0.94873046875,0.999755859375,0.947509765625,0.9902790784835815,0.9249123334884644,0.9470460414886475,0.9023783206939697,0.8313626050949097,0.9504146575927734,0.9991469383239746,0.9466232657432556
4460,train,1.3616745471954346,3.902723127086059,0.5654296875,,,,1.3809316158294678,0.1925704926252365,0.1,0.5,0.9368138313293457,0.9359130859375,7.4873046875,0.9359130859375,0.0640869140625,0.11614426970481873,3.798109619117956e-05,0.8516210317611694,0.006834124214947224,0.8515936136245728,18272256,0.26795170875266194,15286.336553206656,,0.98876953125,0.93359375,0.94677734375,0.8994140625,0.826416015625,0.946533203125,0.99853515625,0.947265625,0.9902288913726807,0.927577018737793,0.9455699324607849,0.902208149433136,0.8298002481460571,0.9483737945556641,0.999148964881897,0.951603889465332
4480,train,1.3705639839172363,3.937570795963042,0.575439453125,,,,1.3900678157806396,0.19503790140151978,0.1,0.5,0.940718412399292,0.939117431640625,7.512939453125,0.939117431640625,0.060882568359375,0.11251723766326904,3.74051716489305e-05,0.9133967161178589,0.007521535735577345,0.9133657813072205,18354176,0.26889574993401766,15232.669170134102,,0.9892578125,0.92578125,0.950927734375,0.90771484375,0.83935546875,0.9443359375,0.999267578125,0.956298828125,0.9902364015579224,0.9301409721374512,0.9495447278022766,0.9122310876846313,0.8431302309036255,0.9448472857475281,0.9991580247879028,0.9564592838287354
4499,validation,,,,1.540748028755188,4.668080823996245,0.5421630859375,,0.2108477160334587,,0.5,0.9311164605617523,0.955177001953125,7.641416015625,0.955177001953125,0.044822998046875,0.11640854865312576,,,,,,,,4.072323125321418,1.0,1.0,1.0,0.9143505692481995,0.8163037300109863,0.943896472454071,1.0,0.9668652415275574,0.9903555512428284,0.9238206744194031,0.9431488513946533,0.8854563236236572,0.8200902342796326,0.9390205144882202,0.9993362426757812,0.9477028846740723
4500,train,1.415535569190979,4.118691719779804,0.5595703125,,,,1.4347139596939087,0.1917840838432312,0.1,0.5,0.9357200860977173,0.93499755859375,7.47998046875,0.93499755859375,0.06500244140625,0.11695560812950134,3.685022658563817e-05,0.9445428252220154,0.0074480497278273106,0.9445134997367859,18436096,0.19804591685533524,20682.07244581552,,0.99267578125,0.9150390625,0.94482421875,0.9052734375,0.828369140625,0.9453125,0.9990234375,0.949462890625,0.9902572631835938,0.9246220588684082,0.9468866586685181,0.8977826833724976,0.8264055252075195,0.9455057382583618,0.9992014169692993,0.9550998210906982
4520,train,1.3652889728546143,3.9168547531685194,0.5751953125,,,,1.3846220970153809,0.1933310329914093,0.1,0.5,0.936625063419342,0.93682861328125,7.49462890625,0.93682861328125,0.06317138671875,0.11640357971191406,3.631635224683681e-05,0.880415141582489,0.007394222542643547,0.880384087562561,18518016,0.2701507080346346,15161.907328685858,,0.991455078125,0.91796875,0.9482421875,0.90869140625,0.8291015625,0.9521484375,0.9990234375,0.947998046875,0.9903610348701477,0.9244237542152405,0.9479299783706665,0.9024980068206787,0.828116238117218,0.9530128240585327,0.9991860389709473,0.9474723935127258
4540,train,1.3724489212036133,3.9449998694432873,0.580810546875,,,,1.391906976699829,0.19458013772964478,0.1,0.5,0.9376093149185181,0.938446044921875,7.507568359375,0.938446044921875,0.061553955078125,0.11623832583427429,3.580363641355644e-05,0.8850602507591248,0.008523263037204742,0.8850192427635193,18599936,0.3620411669835448,11313.630530271072,,0.990478515625,0.9267578125,0.947021484375,0.909423828125,0.833984375,0.944580078125,0.999755859375,0.95556640625,0.9902629256248474,0.9262914657592773,0.9463638067245483,0.9092069268226624,0.8357215523719788,0.9434125423431396,0.9991832971572876,0.9504320621490479
4560,train,1.3101626634597778,3.7067766202829917,0.593017578125,,,,1.329418659210205,0.19255989789962769,0.1,0.5,0.9365602135658264,0.936004638671875,7.488037109375,0.936004638671875,0.063995361328125,0.11739793419837952,3.531216338788963e-05,0.8204020261764526,0.0062370458617806435,0.820378303527832,18681856,0.3062961660325527,13372.677996774804,,0.992431640625,0.928955078125,0.943115234375,0.90283203125,0.830322265625,0.948974609375,0.99853515625,0.94287109375,0.9903141260147095,0.9281706809997559,0.9449816346168518,0.9052055478096008,0.8310035467147827,0.9500426650047302,0.9990761280059814,0.943686842918396
4580,train,1.404179573059082,4.072184440574801,0.563720703125,,,,1.4236485958099365,0.19468967616558075,0.1,0.5,0.9385474920272827,0.938720703125,7.509765625,0.938720703125,0.061279296875,0.11416976153850555,3.4842013979130404e-05,0.8776872754096985,0.007891773246228695,0.8776517510414124,18763776,0.26516958326101303,15446.718849228666,,0.989501953125,0.92529296875,0.94775390625,0.913330078125,0.83642578125,0.94970703125,0.998046875,0.94970703125,0.990329384803772,0.9269363880157471,0.9489753246307373,0.9087378978729248,0.8339755535125732,0.948527991771698,0.9991295337677002,0.951768159866333
4600,train,1.4109070301055908,4.099672244322007,0.572509765625,,,,1.430392861366272,0.1948588490486145,0.1,0.5,0.9378398656845093,0.938995361328125,7.511962890625,0.938995361328125,0.061004638671875,0.11523103713989258,3.439326549048734e-05,0.8817652463912964,0.010280921123921871,0.8817053437232971,18845696,0.2598642078228295,15762.078334360596,,0.990478515625,0.92822265625,0.948974609375,0.907470703125,0.842041015625,0.951904296875,0.999755859375,0.943115234375,0.9902819395065308,0.9275132417678833,0.9464799165725708,0.9069297313690186,0.835861086845398,0.9503027200698853,0.9991371035575867,0.946213960647583
4620,train,1.3755980730056763,3.957442855033278,0.578369140625,,,,1.395037293434143,0.19439271092414856,0.1,0.5,0.9374251961708069,0.9383544921875,7.5068359375,0.9383544921875,0.0616455078125,0.11577403545379639,3.396599170637318e-05,0.8543069958686829,0.0061122034676373005,0.8542851209640503,18927616,0.26365266693755984,15535.591001512777,,0.98828125,0.927734375,0.94775390625,0.911376953125,0.83544921875,0.94970703125,0.9990234375,0.947509765625,0.9903659820556641,0.9251898527145386,0.9457567930221558,0.906022310256958,0.831906795501709,0.950886607170105,0.9991188049316406,0.9501543045043945
4640,train,1.399681568145752,4.053908867574362,0.56103515625,,,,1.4190455675125122,0.19363978505134583,0.1,0.5,0.9364994168281555,0.9373779296875,7.4990234375,0.9373779296875,0.0626220703125,0.11738037317991257,3.356026288027287e-05,0.9241099953651428,0.00796638336032629,0.9240756630897522,19009536,0.25967487460002303,15773.570724965459,,0.98779296875,0.925537109375,0.95068359375,0.899169921875,0.836181640625,0.94873046875,0.999267578125,0.95166015625,0.9903120398521423,0.9245806932449341,0.9473704695701599,0.9001851081848145,0.8304593563079834,0.9486171007156372,0.9990962743759155,0.9513739347457886
4660,train,1.3937880992889404,4.030087545972197,0.563720703125,,,,1.4129801988601685,0.19192078709602356,0.1,0.5,0.937058687210083,0.935516357421875,7.484130859375,0.935516357421875,0.064483642578125,0.11729107797145844,3.317614572319256e-05,0.8975566625595093,0.009516285732388496,0.8975061774253845,19091456,0.275328041985631,14876.799219070337,,0.98779296875,0.921142578125,0.947998046875,0.904052734375,0.8369140625,0.948974609375,0.99853515625,0.938720703125,0.9903340935707092,0.9235440492630005,0.9470599889755249,0.9085916876792908,0.836036741733551,0.9503406286239624,0.9991902112960815,0.941371738910675
4680,train,1.387600302696228,4.005227178757477,0.57421875,,,,1.4069139957427979,0.1931367814540863,0.1,0.5,0.9367107152938843,0.936798095703125,7.494384765625,0.936798095703125,0.063201904296875,0.11690308153629303,3.281370339269052e-05,0.8968587517738342,0.008595413528382778,0.8968175649642944,19173376,0.2728691673837602,15010.8568119733,,0.9912109375,0.923828125,0.948486328125,0.90576171875,0.83447265625,0.948974609375,0.9990234375,0.942626953125,0.9904745221138,0.9239455461502075,0.9458163976669312,0.9052664041519165,0.8352319002151489,0.9503568410873413,0.9991271495819092,0.9434670209884644
4700,train,1.3696342706680298,3.9339116854496767,0.577880859375,,,,1.3890955448150635,0.19461247324943542,0.1,0.5,0.938201367855072,0.938629150390625,7.509033203125,0.938629150390625,0.061370849609375,0.11523337662220001,3.2472995482492835e-05,0.8616511821746826,0.0067969453521072865,0.8616243600845337,19255296,0.2645880416966975,15480.66939735442,,0.990234375,0.92529296875,0.948974609375,0.9052734375,0.840087890625,0.94482421875,0.9990234375,0.955322265625,0.9903886318206787,0.9249047040939331,0.9483546018600464,0.9073151350021362,0.836767315864563,0.9453343749046326,0.9991592168807983,0.9533867835998535
4720,train,1.3698525428771973,3.934770442761948,0.58203125,,,,1.3890671730041504,0.19214579463005066,0.1,0.5,0.9349280595779419,0.935333251953125,7.482666015625,0.935333251953125,0.064666748046875,0.11893494427204132,3.215407801269468e-05,0.8721482157707214,0.007467369548976421,0.8721162676811218,19337216,0.27643049973994493,14817.467695689722,,0.989990234375,0.927490234375,0.950439453125,0.89501953125,0.82666015625,0.945556640625,0.9990234375,0.948486328125,0.9904456734657288,0.9231743812561035,0.9458836317062378,0.8980591297149658,0.830235481262207,0.9453129768371582,0.9989898204803467,0.9473236799240112
4740,train,1.3609862327575684,3.9000377507083797,0.571533203125,,,,1.3802261352539062,0.19239941239356995,0.1,0.5,0.9352227449417114,0.935760498046875,7.486083984375,0.935760498046875,0.064239501953125,0.11900430917739868,3.1857003420549485e-05,0.903480052947998,0.006801990792155266,0.9034544229507446,19419136,0.2673954591155052,15318.135968160459,,0.9912109375,0.92333984375,0.946533203125,0.90185546875,0.8291015625,0.943115234375,0.998046875,0.952880859375,0.990411639213562,0.9243847727775574,0.944038987159729,0.8978317975997925,0.8311742544174194,0.9434884190559387,0.9990700483322144,0.9513815641403198
4749,validation,,,,1.540894823074341,4.668766122040254,0.5442626953125,,0.21080009877681732,,0.5,0.9309326469898224,0.95516357421875,7.64130859375,0.95516357421875,0.04483642578125,0.11697682127356529,,,,,,,,4.246447625104338,1.0,1.0,1.0,0.9210742115974426,0.8155224323272705,0.9412011504173279,1.0,0.9635107517242432,0.9904830455780029,0.922941267490387,0.9423490166664124,0.887580394744873,0.82171231508255,0.938545286655426,0.9992252588272095,0.9446249604225159
4760,train,1.339483380317688,3.8170710218796247,0.582763671875,,,,1.3588677644729614,0.1938433051109314,0.1,0.5,0.936752438545227,0.937591552734375,7.500732421875,0.937591552734375,0.062408447265625,0.11680437624454498,3.158182055184696e-05,0.8933618664741516,0.008435500785708427,0.8933220505714417,19501056,0.28721112478524446,14261.286024567085,,0.98974609375,0.92333984375,0.946044921875,0.9091796875,0.8330078125,0.950439453125,0.999267578125,0.94970703125,0.9905210137367249,0.9224990606307983,0.9461082220077515,0.9049943685531616,0.8315297961235046,0.9515070915222168,0.9991122484207153,0.9477474689483643
4780,train,1.3703899383544922,3.9368855388727217,0.565673828125,,,,1.389578938484192,0.19189012050628662,0.1,0.5,0.9348306059837341,0.935150146484375,7.481201171875,0.935150146484375,0.064849853515625,0.11852608621120453,3.1328574652881767e-05,0.8722550272941589,0.006892751902341843,0.8722277879714966,19582976,0.2641454157419503,15506.610207467982,,0.989501953125,0.923095703125,0.94287109375,0.904296875,0.826904296875,0.951171875,0.999267578125,0.944091796875,0.9905166625976562,0.9215272665023804,0.9454589486122131,0.9000523686408997,0.8270719051361084,0.9516120553016663,0.9990578889846802,0.9433481097221375
4800,train,1.3569519519805908,3.8843355981239647,0.57470703125,,,,1.3762236833572388,0.19271689653396606,0.1,0.5,0.9376423954963684,0.93603515625,7.48828125,0.93603515625,0.06396484375,0.114784374833107,3.109730736301406e-05,0.9130140542984009,0.007716302759945393,0.9129815101623535,19664896,0.27088683331385255,15120.705387900223,,0.98876953125,0.9228515625,0.947265625,0.897705078125,0.828125,0.954345703125,0.999267578125,0.949951171875,0.990543782711029,0.9265141487121582,0.9475078582763672,0.9021720290184021,0.8316482305526733,0.953326940536499,0.9989671111106873,0.9504591226577759
4820,train,1.341259479522705,3.8238565427824596,0.578369140625,,,,1.3606326580047607,0.19373232126235962,0.1,0.5,0.9381731748580933,0.937408447265625,7.499267578125,0.937408447265625,0.062591552734375,0.11553467810153961,3.088805670782293e-05,0.9262785315513611,0.010310488753020763,0.9262211322784424,19746816,0.26650104159489274,15369.545933056106,,0.990234375,0.927490234375,0.94775390625,0.903564453125,0.83251953125,0.952880859375,0.9990234375,0.94580078125,0.9905261993408203,0.9284718036651611,0.9461266994476318,0.9065269231796265,0.835303008556366,0.9534738659858704,0.9991155862808228,0.9458410739898682
4840,train,1.3928617238998413,4.026355900772696,0.569091796875,,,,1.4123072624206543,0.19445529580116272,0.1,0.5,0.93718421459198,0.93798828125,7.50390625,0.93798828125,0.06201171875,0.1145704984664917,3.070085709285425e-05,0.8884265422821045,0.0070177121087908745,0.8883988261222839,19828736,0.2678712918423116,15290.92562263522,,0.991455078125,0.92822265625,0.953125,0.904296875,0.826171875,0.95556640625,0.99951171875,0.945556640625,0.9906100034713745,0.9312252402305603,0.9481875896453857,0.9032142162322998,0.8254427909851074,0.9544121623039246,0.9991713762283325,0.9452108144760132
4860,train,1.461517572402954,4.31249909457121,0.552001953125,,,,1.481020212173462,0.1950262188911438,0.1,0.5,0.9384479522705078,0.93890380859375,7.51123046875,0.93890380859375,0.06109619140625,0.11444057524204254,3.0535739297963565e-05,0.9569763541221619,0.006862643174827099,0.9569517970085144,19910656,0.2656759168021381,15417.280005287392,,0.991455078125,0.926025390625,0.94677734375,0.9052734375,0.834716796875,0.949951171875,0.99951171875,0.95751953125,0.990416407585144,0.9286671876907349,0.9471612572669983,0.9018449783325195,0.8354597687721252,0.948516845703125,0.9991306066513062,0.9563865661621094
4880,train,1.323357105255127,3.7560095549347725,0.587646484375,,,,1.3429887294769287,0.19631633162498474,0.1,0.5,0.9384168982505798,0.940521240234375,7.524169921875,0.940521240234375,0.059478759765625,0.11529500782489777,3.0392730472255136e-05,0.8664110898971558,0.007443018723279238,0.8663790822029114,19992576,0.26955279102548957,15195.539190735637,,0.9931640625,0.930419921875,0.948974609375,0.913818359375,0.837158203125,0.952880859375,0.999755859375,0.947998046875,0.9904335737228394,0.9277942180633545,0.9448908567428589,0.9084086418151855,0.8350893259048462,0.950323224067688,0.999148964881897,0.9512468576431274
4900,train,1.4160654544830322,4.120874732266643,0.5654296875,,,,1.4355636835098267,0.19498249888420105,0.1,0.5,0.9373220205307007,0.9388427734375,7.5107421875,0.9388427734375,0.0611572265625,0.11479806900024414,3.0271854129618143e-05,0.9127478003501892,0.007065656594932079,0.9127204418182373,20074496,0.27411070792004466,14942.867540930805,,0.993408203125,0.930419921875,0.9443359375,0.907958984375,0.8330078125,0.953125,0.999267578125,0.94921875,0.9905180335044861,0.9274846315383911,0.9461939334869385,0.9044489860534668,0.8296999931335449,0.9523361921310425,0.9991766214370728,0.9487173557281494
4920,train,1.4033517837524414,4.068814924657256,0.56640625,,,,1.4227217435836792,0.19369915127754211,0.1,0.5,0.9376282691955566,0.937103271484375,7.496826171875,0.937103271484375,0.062896728515625,0.11543570458889008,3.0173130144860357e-05,0.9159281849861145,0.007283355109393597,0.9158992171287537,20156416,0.26951391668990254,15197.730975476037,,0.991455078125,0.92041015625,0.948486328125,0.907470703125,0.8251953125,0.9501953125,0.99951171875,0.9541015625,0.9905354976654053,0.9274344444274902,0.9467430114746094,0.9061379432678223,0.8315856456756592,0.9502614736557007,0.9990810751914978,0.9492471218109131
4940,train,1.4130526781082153,4.108478141684109,0.564453125,,,,1.4324218034744263,0.193691223859787,0.1,0.5,0.9363400340080261,0.9373779296875,7.4990234375,0.9373779296875,0.0626220703125,0.11522142589092255,3.00965747504403e-05,0.9362333416938782,0.007384549360722303,0.9362042546272278,20238336,0.26256487518548965,15599.954095559697,,0.989990234375,0.928466796875,0.94775390625,0.897705078125,0.835205078125,0.950927734375,0.999267578125,0.94970703125,0.9905133247375488,0.9285891056060791,0.9463918209075928,0.9000500440597534,0.8293061852455139,0.950576901435852,0.9991437196731567,0.9461493492126465
4960,train,1.3609833717346191,3.900026592626834,0.579345703125,,,,1.3802361488342285,0.1925281286239624,0.1,0.5,0.9363387227058411,0.935821533203125,7.486572265625,0.935821533203125,0.064178466796875,0.11670608073472977,3.0042200533798295e-05,0.8831551671028137,0.00630099605768919,0.8831326961517334,20320256,0.27104549994692206,15111.85391678558,,0.989013671875,0.918212890625,0.947509765625,0.90283203125,0.82763671875,0.957763671875,0.999755859375,0.94384765625,0.9905567169189453,0.9264532327651978,0.9446290135383606,0.8993185758590698,0.8287083506584167,0.9576836824417114,0.9991346597671509,0.9442257285118103
4980,train,1.3600199222564697,3.896270923530626,0.564453125,,,,1.3791433572769165,0.1912347376346588,0.1,0.5,0.9359329342842102,0.93438720703125,7.47509765625,0.93438720703125,0.06561279296875,0.11655741930007935,3.001001643528678e-05,0.8822399377822876,0.007157419808208942,0.882210910320282,20402176,0.29283487517386675,13987.405009625494,,0.992919921875,0.9228515625,0.93994140625,0.89599609375,0.830810546875,0.952392578125,0.9990234375,0.941162109375,0.9905248880386353,0.9274433851242065,0.9430227279663086,0.8989609479904175,0.8310515880584717,0.9508790969848633,0.9990973472595215,0.9464836716651917
4999,train,1.2958552837371826,3.6541199473737898,0.592529296875,,,,1.3151437044143677,0.19288384914398193,0.1,0.5,0.9366461038589478,0.936370849609375,7.490966796875,0.936370849609375,0.063629150390625,0.1163320392370224,2.9999999999999997e-05,0.8403635025024414,0.0069765374064445496,0.8403345346450806,20480000,0.27639754209667444,14819.234530556567,,0.98828125,0.934814453125,0.943603515625,0.891845703125,0.833251953125,0.9501953125,0.99951171875,0.949462890625,0.9904887676239014,0.9298855066299438,0.9449389576911926,0.8983832597732544,0.8347020149230957,0.9463109970092773,0.9990444183349609,0.9494146108627319
4999,validation,,,,1.5368322873115539,4.649837567699226,0.545166015625,,0.2103344503045082,,0.5,0.9310170865058899,0.9545843505859375,7.6366748046875,0.9545843505859375,0.0454156494140625,0.11641675800085068,,,,,,,,4.118076582904905,1.0,1.0,1.0,0.9117187261581421,0.8160009980201721,0.945361316204071,1.0,0.9635937213897705,0.9905986189842224,0.9274663329124451,0.9404287934303284,0.8837419748306274,0.8222700357437134,0.9397333264350891,0.9992457032203674,0.9446520209312439
