step,split,train_loss,train_perplexity,train_accuracy,val_loss,val_perplexity,val_accuracy,total_loss,density_loss,lambda_density,target_density,mean_soft_gate,mean_hard_gate,layers_per_token,compute_fraction,skip_fraction,routing_entropy,learning_rate,gradient_norm,router_gradient_norm,transformer_gradient_norm,tokens_processed,seconds_per_step,tokens_per_second,validation_time_sec,layer_0_density,layer_1_density,layer_2_density,layer_3_density,layer_4_density,layer_5_density,layer_6_density,layer_7_density,layer_0_soft_probability,layer_1_soft_probability,layer_2_soft_probability,layer_3_soft_probability,layer_4_soft_probability,layer_5_soft_probability,layer_6_soft_probability,layer_7_soft_probability
0,train,4.16602897644043,64.45897509757324,0.0234375,,,,4.16602897644043,0.1604732871055603,0.0,0.5,0.9000414609909058,0.90057373046875,7.20458984375,0.90057373046875,0.09942626953125,0.3249918520450592,2.9999999999999997e-05,5.315441608428955,0.008443199098110199,5.31543493270874,4096,0.3546402081847191,11549.73380194539,,0.905517578125,0.904541015625,0.898681640625,0.897705078125,0.899658203125,0.897216796875,0.895751953125,0.905517578125,0.899985671043396,0.9000458121299744,0.9001631736755371,0.8999796509742737,0.8999546766281128,0.9000806212425232,0.9000279903411865,0.9000939130783081
20,train,3.437141180038452,31.09792759158903,0.154541015625,,,,3.437141180038452,0.16054174304008484,0.0,0.5,0.9005369544029236,0.900665283203125,7.205322265625,0.900665283203125,0.099334716796875,0.32390129566192627,6.599999999999999e-05,1.1197885274887085,0.005496628116816282,1.1197750568389893,86016,0.27700612507760525,14786.676644252817,,0.897705078125,0.9013671875,0.899658203125,0.901611328125,0.904296875,0.905029296875,0.900390625,0.895263671875,0.9002134799957275,0.9004480838775635,0.9006415009498596,0.9004733562469482,0.900445282459259,0.9006849527359009,0.9005489349365234,0.9008402824401855
40,train,3.047893762588501,21.070917297621566,0.234130859375,,,,3.047893762588501,0.16274890303611755,0.0,0.5,0.9018351435661316,0.90338134765625,7.22705078125,0.90338134765625,0.09661865234375,0.3210304081439972,0.00012599999999999997,1.215288519859314,0.05918622389435768,1.2138464450836182,167936,0.2921582078561187,14019.801223647934,,0.894287109375,0.895263671875,0.9052734375,0.90576171875,0.90576171875,0.9130859375,0.903076171875,0.904541015625,0.9010551571846008,0.9015887975692749,0.9018839597702026,0.9017884731292725,0.9017575979232788,0.9018740057945251,0.902027428150177,0.9027058482170105
60,train,2.7831947803497314,16.170600027453247,0.25244140625,,,,2.7831947803497314,0.1663801372051239,0.0,0.5,0.9058130979537964,0.907867431640625,7.262939453125,0.907867431640625,0.092132568359375,0.312075674533844,0.000186,0.94134122133255,0.050656404346227646,0.93997722864151,249856,0.27688283333554864,14793.260927939658,,0.904052734375,0.912841796875,0.905029296875,0.910400390625,0.90673828125,0.906982421875,0.900146484375,0.916748046875,0.9026913046836853,0.9039801359176636,0.9046222567558289,0.904998779296875,0.9058005809783936,0.9069141745567322,0.9076111912727356,0.9098864793777466
80,train,2.625610828399658,13.813008987871116,0.263427734375,,,,2.625610828399658,0.1706884503364563,0.0,0.5,0.9142744541168213,0.9130859375,7.3046875,0.9130859375,0.0869140625,0.2921810746192932,0.00024599999999999996,0.8979768753051758,0.035864830017089844,0.8972604274749756,331776,0.2992196250706911,13688.941689677986,,0.901611328125,0.90283203125,0.91357421875,0.912353515625,0.918701171875,0.917236328125,0.91552734375,0.9228515625,0.9052016735076904,0.9081390500068665,0.9102473258972168,0.9122927784919739,0.9155476689338684,0.918899655342102,0.9200061559677124,0.9238614439964294
100,train,2.593550205230713,13.3771791314996,0.265625,,,,2.593550205230713,0.1819005310535431,0.0,0.5,0.9250884056091309,0.92633056640625,7.41064453125,0.92633056640625,0.07366943359375,0.2649614214897156,0.0002999999722532997,0.986823558807373,0.03836044669151306,0.9860776662826538,413696,0.301059165969491,13605.299100626235,,0.90478515625,0.919921875,0.9189453125,0.921875,0.92529296875,0.938720703125,0.939208984375,0.94189453125,0.9088954925537109,0.9145917892456055,0.9191173911094666,0.922964334487915,0.9277773499488831,0.9337359070777893,0.9356488585472107,0.9379761219024658
120,train,2.5727224349975586,13.10144376230823,0.266845703125,,,,2.5727224349975586,0.19061577320098877,0.0,0.5,0.9357255101203918,0.936492919921875,7.491943359375,0.936492919921875,0.063507080078125,0.23656626045703888,0.0002999877638895945,0.8565990924835205,0.023537447676062584,0.8562756180763245,495616,0.2726377500221133,15023.598161545047,,0.92236328125,0.923095703125,0.9306640625,0.93603515625,0.942138671875,0.943603515625,0.94677734375,0.947265625,0.9137653112411499,0.9236944913864136,0.9312212467193604,0.9370901584625244,0.941214919090271,0.9455336332321167,0.9457143545150757,0.9475699663162231
140,train,2.491262674331665,12.076515203183735,0.286376953125,,,,2.491262674331665,0.19816544651985168,0.0,0.5,0.9446278810501099,0.944976806640625,7.559814453125,0.944976806640625,0.055023193359375,0.21121734380722046,0.0002999533604809292,0.6498194932937622,0.03467828780412674,0.6488935351371765,577536,0.2767496663145721,14800.379182189197,,0.916015625,0.932373046875,0.950927734375,0.951171875,0.9521484375,0.953125,0.9521484375,0.951904296875,0.9196491241455078,0.933091402053833,0.9436212182044983,0.9504026174545288,0.9520082473754883,0.951924204826355,0.9528013467788696,0.953525185585022
160,train,2.497023820877075,12.146290577112728,0.277099609375,,,,2.497023820877075,0.20612597465515137,0.0,0.5,0.9539262652397156,0.953826904296875,7.630615234375,0.953826904296875,0.046173095703125,0.18277579545974731,0.0002998967676840031,0.8337951302528381,0.029108630493283272,0.8332868814468384,659456,0.2884471663273871,14200.174167601446,,0.92431640625,0.944091796875,0.9609375,0.96826171875,0.96240234375,0.956298828125,0.95947265625,0.954833984375,0.9264121055603027,0.9451131820678711,0.9576133489608765,0.9631174206733704,0.960975170135498,0.9581699967384338,0.9594216346740723,0.9605873227119446
180,train,2.4720757007598877,11.847012199896017,0.28076171875,,,,2.4720757007598877,0.2131180465221405,0.0,0.5,0.9627801775932312,0.96148681640625,7.69189453125,0.96148681640625,0.03851318359375,0.15569686889648438,0.0002998179948039535,0.7863627672195435,0.026996653527021408,0.7858992218971252,741376,0.27809241600334644,14728.916591348936,,0.931884765625,0.955322265625,0.96484375,0.972900390625,0.97021484375,0.96484375,0.966552734375,0.96533203125,0.9340296983718872,0.9554564952850342,0.9686543941497803,0.9732755422592163,0.9712262153625488,0.9632123112678528,0.9674850702285767,0.9689017534255981
200,train,2.478084087371826,11.918407901090788,0.2802734375,,,,2.478084087371826,0.21901452541351318,0.0,0.5,0.9685258269309998,0.96783447265625,7.74267578125,0.96783447265625,0.03216552734375,0.1358771026134491,0.00029971705479282546,0.6456447243690491,0.025360368192195892,0.6451464891433716,823296,0.28496658289805055,14373.61517390754,,0.937744140625,0.96728515625,0.978271484375,0.972412109375,0.9775390625,0.968017578125,0.9736328125,0.9677734375,0.9416543245315552,0.9643210172653198,0.9756522178649902,0.9779361486434937,0.976516604423523,0.9676827192306519,0.971285879611969,0.9731574654579163
220,train,2.4710938930511475,11.835386420066634,0.2802734375,,,,2.4710938930511475,0.22715476155281067,0.0,0.5,0.9755409359931946,0.97650146484375,7.81201171875,0.97650146484375,0.02349853515625,0.11202698945999146,0.00029959396424744254,0.6695340275764465,0.026586582884192467,0.6690059304237366,905216,0.28169733425602317,14540.428686759646,,0.951416015625,0.974365234375,0.982666015625,0.982666015625,0.98388671875,0.97509765625,0.979736328125,0.982177734375,0.9494499564170837,0.9730796813964844,0.9826085567474365,0.9843648672103882,0.9837961196899414,0.9752558469772339,0.9771652817726135,0.9786072969436646
240,train,2.416445016860962,11.205951452551602,0.287353515625,,,,2.416445016860962,0.23112565279006958,0.0,0.5,0.9805843830108643,0.98065185546875,7.84521484375,0.98065185546875,0.01934814453125,0.09320177137851715,0.0002994487434066776,0.7306665182113647,0.03969647362828255,0.7295873761177063,987136,0.3250209582038224,12602.264243622642,,0.95654296875,0.981201171875,0.98681640625,0.99267578125,0.985595703125,0.978759765625,0.982421875,0.981201171875,0.956902265548706,0.9803027510643005,0.9882055521011353,0.9889201521873474,0.9878344535827637,0.9801694750785828,0.9812560677528381,0.9810841083526611
249,validation,,,,2.4182251787185667,11.225917626143247,0.2972998046875,,0.25,,0.5,0.98254838347435,1.0,8.0,1.0,0.0,0.0854665207862854,,,,,,,,4.348805790767074,1.0,1.0,1.0,1.0,1.0,1.0,1.0,1.0,0.9603347778320312,0.9835798144340515,0.9904196858406067,0.9906108379364014,0.9891862273216248,0.9817531704902649,0.9823324680328369,0.9821702837944031
260,train,2.4318206310272217,11.379581250208995,0.295654296875,,,,2.4318206310272217,0.23455151915550232,0.0,0.5,0.9841251373291016,0.984222412109375,7.873779296875,0.984222412109375,0.015777587890625,0.0792660042643547,0.00029928141614812506,0.6233793497085571,0.029289953410625458,0.6226908564567566,1069056,0.34944341611117125,11721.497132734377,,0.96240234375,0.98388671875,0.992431640625,0.98876953125,0.992919921875,0.9853515625,0.984130859375,0.98388671875,0.9642146825790405,0.9860143661499023,0.9912790060043335,0.991690993309021,0.9904220700263977,0.9827749729156494,0.9835240840911865,0.9830809831619263
280,train,2.3990068435668945,11.012234076715101,0.298583984375,,,,2.3990068435668945,0.2366858720779419,0.0,0.5,0.9874585866928101,0.986419677734375,7.891357421875,0.986419677734375,0.013580322265625,0.06524435430765152,0.00029909200998417515,0.7071613669395447,0.03442290425300598,0.7063230276107788,1150976,0.2880441667512059,14220.041482519804,,0.964111328125,0.9892578125,0.993408203125,0.9931640625,0.992919921875,0.9833984375,0.98779296875,0.9873046875,0.9703102111816406,0.9909126162528992,0.9937171936035156,0.9937579035758972,0.992835283279419,0.9853736758232117,0.9868294596672058,0.9859327077865601
300,train,2.362804889678955,10.620699603490564,0.292236328125,,,,2.362804889678955,0.23974701762199402,0.0,0.5,0.9899981021881104,0.989593505859375,7.916748046875,0.989593505859375,0.010406494140625,0.0540865957736969,0.00029888055605748994,0.6808646321296692,0.018976589664816856,0.680600106716156,1232896,0.2774831661954522,14761.255812955802,,0.974853515625,0.993896484375,0.995361328125,0.99560546875,0.99560546875,0.987060546875,0.98828125,0.986083984375,0.9765624403953552,0.9941849708557129,0.9954138398170471,0.9947798252105713,0.9940015077590942,0.9881769418716431,0.9888750910758972,0.9879904985427856
320,train,2.361325979232788,10.605004148848002,0.302001953125,,,,2.361325979232788,0.24299156665802002,0.0,0.5,0.9921223521232605,0.992919921875,7.943359375,0.992919921875,0.007080078125,0.044557955116033554,0.00029864708913588306,0.7126399874687195,0.016530849039554596,0.712448239326477,1314816,0.28542274981737137,14350.64304657158,,0.982666015625,0.9970703125,0.99755859375,0.995849609375,0.995849609375,0.98974609375,0.991943359375,0.99267578125,0.981560230255127,0.9959726929664612,0.9963855147361755,0.9957096576690674,0.9951736927032471,0.9906046390533447,0.9910475611686707,0.9905254244804382
340,train,2.32601261138916,10.237040983415314,0.32421875,,,,2.32601261138916,0.24382685124874115,0.0,0.5,0.9935995936393738,0.9937744140625,7.9501953125,0.9937744140625,0.0062255859375,0.03753287345170975,0.0002983916476066029,0.8551576137542725,0.013768919743597507,0.8550467491149902,1396736,0.29791662469506264,13748.813125794934,,0.98583984375,0.997314453125,0.997314453125,0.99609375,0.99658203125,0.99267578125,0.9931640625,0.9912109375,0.9854485988616943,0.9970353245735168,0.9970544576644897,0.9965566396713257,0.9958841800689697,0.9919971227645874,0.9928727149963379,0.991947591304779
360,train,2.277480125427246,9.752075414928786,0.3310546875,,,,2.277480125427246,0.24521109461784363,0.0,0.5,0.994890570640564,0.99517822265625,7.96142578125,0.99517822265625,0.00482177734375,0.0311829075217247,0.0002981142734700209,0.6630226969718933,0.016924787312746048,0.6628066897392273,1478656,0.2848227499052882,14380.87372361245,,0.988525390625,0.99853515625,0.998046875,0.99755859375,0.996337890625,0.992919921875,0.995361328125,0.994140625,0.9888307452201843,0.998068630695343,0.997489333152771,0.996848464012146,0.9963160753250122,0.9934460520744324,0.9943972826004028,0.9937279224395752
380,train,2.268528461456299,9.665167677567883,0.326416015625,,,,2.268528461456299,0.2464156150817871,0.0,0.5,0.9957901239395142,0.99639892578125,7.97119140625,0.99639892578125,0.00360107421875,0.02650039829313755,0.0002978150123327258,0.6465212106704712,0.0028956334572285414,0.6465147137641907,1560576,0.28223299980163574,14512.831606788814,,0.9931640625,0.998046875,0.998779296875,0.99755859375,0.996826171875,0.997802734375,0.994873046875,0.994140625,0.9914966821670532,0.998460054397583,0.9979897737503052,0.9972187280654907,0.9970227479934692,0.9943457841873169,0.9953165054321289,0.9944711923599243
400,train,2.3031883239746094,10.006034129609619,0.3154296875,,,,2.3031883239746094,0.24608293175697327,0.0,0.5,0.9965493083000183,0.996063232421875,7.968505859375,0.996063232421875,0.003936767578125,0.022440526634454727,0.0002974939134000249,0.7834361791610718,0.012400522828102112,0.7833380103111267,1642496,0.279102333355695,14675.620768744899,,0.994140625,0.998291015625,0.99951171875,0.996337890625,0.99755859375,0.99365234375,0.99462890625,0.994384765625,0.9937081336975098,0.9986361265182495,0.998357892036438,0.9976218938827515,0.9973776340484619,0.9953347444534302,0.9961763620376587,0.9951819181442261
420,train,2.281411647796631,9.790491384710238,0.32861328125,,,,2.281411647796631,0.24717259407043457,0.0,0.5,0.9972280263900757,0.997161865234375,7.977294921875,0.997161865234375,0.002838134765625,0.018686674535274506,0.0002971510294678535,0.6832711100578308,0.021236678585410118,0.6829409599304199,1724416,0.29939929163083434,13680.727090865848,,0.995361328125,0.998779296875,0.9990234375,0.9990234375,0.997802734375,0.99462890625,0.996826171875,0.995849609375,0.9950841069221497,0.9988447427749634,0.9986365437507629,0.9980347156524658,0.9979679584503174,0.9962508082389832,0.9970006942749023,0.9960045218467712
440,train,2.2197632789611816,9.20515155490949,0.3447265625,,,,2.2197632789611816,0.24738362431526184,0.0,0.5,0.997748613357544,0.99737548828125,7.97900390625,0.99737548828125,0.00262451171875,0.01567753218114376,0.00029678641691409396,0.7099602818489075,0.009477829560637474,0.709896981716156,1806336,0.2896832497790456,14139.581778111793,,0.99560546875,0.9990234375,0.998046875,0.998779296875,0.99755859375,0.996337890625,0.9970703125,0.99658203125,0.9962652921676636,0.9989901185035706,0.9988619685173035,0.9982663989067078,0.9982788562774658,0.9970940351486206,0.9976548552513123,0.9965771436691284
460,train,2.21630597114563,9.17338146363339,0.3427734375,,,,2.21630597114563,0.2483856976032257,0.0,0.5,0.9980960488319397,0.998382568359375,7.987060546875,0.998382568359375,0.001617431640625,0.013623367995023727,0.0002964001356893063,0.7643203735351562,0.0068603390827775,0.7642895579338074,1888256,0.3095208341255784,13233.357979185905,,0.997314453125,0.998291015625,0.99951171875,0.998046875,0.99755859375,0.998291015625,0.999267578125,0.998779296875,0.997069776058197,0.9990840554237366,0.9989252090454102,0.9984803199768066,0.9984045028686523,0.9975917339324951,0.9981043338775635,0.9971087574958801
480,train,2.2417993545532227,9.410248436274806,0.348388671875,,,,2.2417993545532227,0.24823397397994995,0.0,0.5,0.9984233379364014,0.99822998046875,7.98583984375,0.99822998046875,0.00177001953125,0.011597001925110817,0.00029599224930687063,0.7354900240898132,0.007659757509827614,0.7354501485824585,1970176,0.2725827912800014,15026.627252461156,,0.998046875,0.999267578125,0.998779296875,0.99853515625,0.998291015625,0.99609375,0.9990234375,0.997802734375,0.9977251291275024,0.9991922378540039,0.999032735824585,0.9986912608146667,0.998664140701294,0.9980113506317139,0.9983894228935242,0.9976807832717896
499,validation,,,,2.1723625087738037,8.779000024842217,0.3565234375,,0.25,,0.5,0.9986866080760955,1.0,8.0,1.0,0.0,0.0099290213547647,,,,,,,,4.424827040638775,1.0,1.0,1.0,1.0,1.0,1.0,1.0,1.0,0.9982521533966064,0.9992150664329529,0.9991227984428406,0.9989001750946045,0.9989133477210999,0.9983866810798645,0.998589277267456,0.9981127381324768
500,train,2.213289260864258,9.145749728881567,0.350341796875,,,,2.213289260864258,0.24887290596961975,0.0,0.5,0.9986865520477295,0.998870849609375,7.990966796875,0.998870849609375,0.001129150390625,0.009923329576849937,0.00029556282483254393,0.7610130906105042,0.010109719820320606,0.7609459161758423,2052096,0.22405862528830767,18280.92980008901,,0.99755859375,0.99951171875,1.0,0.99951171875,0.9990234375,0.99951171875,0.998291015625,0.99755859375,0.9982283115386963,0.999199628829956,0.9991235136985779,0.9989064931869507,0.9989237785339355,0.9983982443809509,0.9985931515693665,0.9981186389923096
520,train,2.1529297828674316,8.610047048851838,0.364990234375,,,,2.1534276008605957,0.24890288710594177,0.0019999999999999953,0.5,0.9989230036735535,0.9989013671875,7.9912109375,0.9989013671875,0.0010986328125,0.008365130051970482,0.00029511193287343353,0.905189573764801,0.0287354476749897,0.9047333598136902,2134016,0.28811787487939,14216.40362200589,,0.998291015625,0.999755859375,0.999267578125,0.998779296875,0.999267578125,0.998779296875,0.999267578125,0.997802734375,0.9986108541488647,0.999306857585907,0.9992085695266724,0.9990590810775757,0.9991468191146851,0.9987156391143799,0.9988709688186646,0.9984651207923889
540,train,2.1672887802124023,8.734570568487689,0.3662109375,,,,2.168285846710205,0.24926823377609253,0.0039999999999999975,0.5,0.9990684986114502,0.999267578125,7.994140625,0.999267578125,0.000732421875,0.0073703317902982235,0.00029463964756638725,0.6794898509979248,0.004939303733408451,0.6794718503952026,2215936,0.3396651246584952,12058.936000916152,,0.9990234375,0.99951171875,0.9990234375,0.999267578125,0.999267578125,0.999267578125,0.998779296875,1.0,0.9989442825317383,0.9994009733200073,0.9992552995681763,0.9990941882133484,0.9992125630378723,0.998848557472229,0.9991179704666138,0.9986745119094849
560,train,2.127406120300293,8.39306794328527,0.37255859375,,,,2.128901720046997,0.24926817417144775,0.005999999999999999,0.5,0.99920654296875,0.999267578125,7.994140625,0.999267578125,0.000732421875,0.0064155422151088715,0.0002941460465658037,0.7441825270652771,0.0038736900314688683,0.7441723942756653,2297856,0.29551604203879833,13860.499659312018,,0.999267578125,0.9990234375,0.999267578125,0.9990234375,0.99951171875,0.9990234375,0.999267578125,0.999755859375,0.9991477727890015,0.9995050430297852,0.9993730783462524,0.9991635680198669,0.999305784702301,0.9989484548568726,0.9992673397064209,0.99894118309021
580,train,2.080596923828125,8.009248398874979,0.389404296875,,,,2.0825905799865723,0.2492072582244873,0.008000000000000002,0.5,0.9993045926094055,0.99920654296875,7.99365234375,0.99920654296875,0.00079345703125,0.0057128435000777245,0.00029363121103086404,0.8751254081726074,0.0022575422190129757,0.8751224875450134,2379776,0.2750082090497017,14894.100849403147,,0.999267578125,0.99951171875,0.998779296875,0.9990234375,0.998779296875,0.99951171875,0.999267578125,0.99951171875,0.9992902874946594,0.9996082782745361,0.9994200468063354,0.999243974685669,0.9993488788604736,0.9990761280059814,0.9993131160736084,0.9991353750228882
600,train,2.07607364654541,7.9731021589032185,0.383544921875,,,,2.0785672664642334,0.24935972690582275,0.009999999999999997,0.5,0.9993160963058472,0.999359130859375,7.994873046875,0.999359130859375,0.000640869140625,0.005330001004040241,0.0002930952256121879,0.7117716073989868,0.021181989461183548,0.7114564180374146,2461696,0.2863887078128755,14302.23988676362,,0.998779296875,1.0,1.0,0.999267578125,0.9990234375,0.9990234375,0.999267578125,0.99951171875,0.9993862509727478,0.9996725916862488,0.999447762966156,0.9992589354515076,0.9992015361785889,0.9990854263305664,0.9993174076080322,0.9991588592529297
620,train,2.0459647178649902,7.736618593078414,0.4111328125,,,,2.048957347869873,0.24939024448394775,0.011999999999999999,0.5,0.9993772506713867,0.9993896484375,7.9951171875,0.9993896484375,0.0006103515625,0.004863637499511242,0.0002925381784379147,0.7857196927070618,0.0057438211515545845,0.7856987118721008,2543616,0.27660116693004966,14808.325089372625,,0.99951171875,1.0,0.999755859375,0.999267578125,0.99951171875,0.999267578125,0.99951171875,0.998291015625,0.9994867444038391,0.9997138977050781,0.9994559288024902,0.999372124671936,0.9993442296981812,0.9991568326950073,0.9993702173233032,0.9991176724433899
640,train,2.058298349380493,7.832630063942828,0.392333984375,,,,2.0617830753326416,0.2489030361175537,0.014,0.5,0.9989286661148071,0.9989013671875,7.9912109375,0.9989013671875,0.0010986328125,0.005838054232299328,0.0002919601610992131,0.7653263211250305,0.0076983338221907616,0.7652876377105713,2625536,0.28480087500065565,14381.978285672649,,0.999267578125,0.999755859375,0.99951171875,0.998046875,0.998779296875,0.997802734375,0.99853515625,0.99951171875,0.9995371103286743,0.9997406005859375,0.9994015097618103,0.9988409876823425,0.9981812834739685,0.9981472492218018,0.9986664056777954,0.998914361000061
660,train,2.0262839794158936,7.585844762816109,0.39794921875,,,,2.030282497406006,0.2499084770679474,0.016000000000000004,0.5,0.9995283484458923,0.999908447265625,7.999267578125,0.999908447265625,9.1552734375e-05,0.003988747484982014,0.00029136126863522205,0.7929193377494812,0.0010145477717742324,0.7929186820983887,2707456,0.33445162465795875,12246.913149813368,,1.0,1.0,0.999755859375,1.0,0.999755859375,1.0,1.0,0.999755859375,0.9995906352996826,0.9997695684432983,0.9995278120040894,0.9994140267372131,0.9994327425956726,0.9993987083435059,0.9995508193969727,0.9995428323745728
680,train,2.041334867477417,7.700881997867341,0.392822265625,,,,2.0458288192749023,0.2496645152568817,0.018000000000000006,0.5,0.9995588064193726,0.999664306640625,7.997314453125,0.999664306640625,0.000335693359375,0.0038288156501948833,0.00029074159951742346,0.8468449115753174,0.011017585173249245,0.8467732667922974,2789376,0.28478966606780887,14382.544340723149,,0.99951171875,1.0,0.99951171875,0.9990234375,0.99951171875,0.999755859375,1.0,1.0,0.9995993971824646,0.9997806549072266,0.9995242953300476,0.9994706511497498,0.9994692206382751,0.9994686245918274,0.9995701313018799,0.999586820602417
700,train,2.016580820083618,7.512594058758787,0.4052734375,,,,2.021574020385742,0.24966448545455933,0.020000000000000007,0.5,0.999571681022644,0.999664306640625,7.997314453125,0.999664306640625,0.000335693359375,0.0037020568270236254,0.0002901012556334517,0.8319842219352722,0.004230462480336428,0.8319734334945679,2871296,0.2866177908144891,14290.80863529194,,0.999755859375,1.0,0.99951171875,1.0,0.999267578125,0.99951171875,0.99951171875,0.999755859375,0.9996616840362549,0.9997726678848267,0.999539315700531,0.9994876980781555,0.9994329214096069,0.9994502067565918,0.9995988607406616,0.9996299147605896
720,train,1.9298902750015259,6.88875433155242,0.42041015625,,,,1.9353835582733154,0.2496950328350067,0.021999999999999995,0.5,0.9996051788330078,0.99969482421875,7.99755859375,0.99969482421875,0.00030517578125,0.003466355847194791,0.00028944034227034083,0.7900866866111755,0.004471250809729099,0.7900739908218384,2953216,0.3070070827379823,13341.711739907203,,1.0,0.999755859375,0.999755859375,0.999755859375,0.9990234375,1.0,0.999267578125,1.0,0.9996888637542725,0.9997823238372803,0.9995605945587158,0.999534547328949,0.9994568824768066,0.9995377063751221,0.9996190667152405,0.9996617436408997
740,train,1.9693199396133423,7.165801653100399,0.407958984375,,,,1.9753118753433228,0.2496645152568817,0.023999999999999997,0.5,0.9996218681335449,0.999664306640625,7.997314453125,0.999664306640625,0.000335693359375,0.003323986195027828,0.00028875896809721314,0.7663495540618896,0.0023526689037680626,0.7663459777832031,3035136,0.27787979086861014,14740.18670877981,,1.0,0.999755859375,0.999755859375,0.99951171875,0.9990234375,1.0,0.99951171875,0.999755859375,0.9997167587280273,0.9997987747192383,0.9995729923248291,0.999563455581665,0.9994634985923767,0.9995591044425964,0.9996460676193237,0.9996545314788818
749,validation,,,,2.0058746314048768,7.432591832930782,0.4093115234375,,0.25,,0.5,0.9996322107315063,1.0,8.0,1.0,0.0,0.0032398427277803422,,,,,,,,4.3909298330545425,1.0,1.0,1.0,1.0,1.0,1.0,1.0,1.0,0.9997353553771973,0.9998143911361694,0.9995826482772827,0.9995792508125305,0.9994669556617737,0.9995643496513367,0.9996578693389893,0.9996569156646729
760,train,1.973423719406128,7.195268947412073,0.412841796875,,,,1.9799126386642456,0.2495730221271515,0.026000000000000002,0.5,0.9996323585510254,0.99957275390625,7.99658203125,0.99957275390625,0.00042724609375,0.0031995258759707212,0.00028805724514741114,0.8446903228759766,0.004977325908839703,0.8446756601333618,3117056,0.32224716572090983,12710.740188627267,,0.999755859375,1.0,0.999755859375,0.999267578125,0.9990234375,0.999755859375,0.99951171875,0.99951171875,0.9997354745864868,0.9998263716697693,0.9996013641357422,0.99958336353302,0.9994266629219055,0.9995437264442444,0.9996604919433594,0.9996815919876099
780,train,1.8992375135421753,6.680798481356076,0.43212890625,,,,1.9062238931655884,0.24951201677322388,0.028,0.5,0.999652087688446,0.99951171875,7.99609375,0.99951171875,0.00048828125,0.003030730877071619,0.0002873352888000772,0.9186928868293762,0.0033345273695886135,0.9186868071556091,3198976,0.2879698327742517,14223.712117827907,,0.999755859375,0.999267578125,0.9990234375,0.999755859375,0.99951171875,0.999755859375,0.99951171875,0.99951171875,0.999751091003418,0.9998400211334229,0.999626100063324,0.9996351003646851,0.9994831085205078,0.9996137022972107,0.9996892213821411,0.9995784163475037
800,train,1.9289005994796753,6.88194007252331,0.4169921875,,,,1.9363923072814941,0.24972552061080933,0.030000000000000002,0.5,0.9996715784072876,0.999725341796875,7.997802734375,0.999725341796875,0.000274658203125,0.0028511900454759598,0.00028659321776118243,0.8032577037811279,0.0008116664248518646,0.8032572865486145,3280896,0.27308070892468095,14999.228675394012,,1.0,1.0,0.999755859375,1.0,0.999755859375,0.99951171875,0.999755859375,0.9990234375,0.9997779130935669,0.9998571872711182,0.9996458292007446,0.9996594190597534,0.9994949102401733,0.9996010065078735,0.9997026324272156,0.9996337890625
820,train,1.883639931678772,6.577402638897932,0.430908203125,,,,1.8916224241256714,0.24945110082626343,0.03200000000000001,0.5,0.9997109174728394,0.99945068359375,7.99560546875,0.99945068359375,0.00054931640625,0.0025837752036750317,0.0002858311540440085,0.8095930814743042,0.00787790585309267,0.8095546960830688,3362816,0.288457834161818,14199.649012487007,,0.999267578125,0.999755859375,0.999267578125,1.0,0.999267578125,0.99951171875,0.999755859375,0.998779296875,0.9998124837875366,0.999866783618927,0.999647855758667,0.9996780157089233,0.9995658993721008,0.9996920228004456,0.999751091003418,0.9996726512908936
840,train,1.8916330337524414,6.630187164589238,0.42578125,,,,1.9001257419586182,0.24978652596473694,0.034,0.5,0.9997116923332214,0.999786376953125,7.998291015625,0.999786376953125,0.000213623046875,0.002499951049685478,0.0002850492229490863,0.7856205701828003,0.001643290277570486,0.7856189012527466,3444736,0.2786060841754079,14701.760774977172,,1.0,0.999755859375,0.999755859375,1.0,1.0,0.999755859375,1.0,0.9990234375,0.9998304843902588,0.9998664855957031,0.9996719360351562,0.9996711015701294,0.9995965957641602,0.9996861219406128,0.9997352361679077,0.9996353387832642
860,train,1.8907630443572998,6.624421480473921,0.4443359375,,,,1.8997575044631958,0.2498474419116974,0.03599999999999999,0.5,0.9997168779373169,0.999847412109375,7.998779296875,0.999847412109375,0.000152587890625,0.0024469278287142515,0.00028424755304359324,0.8535493612289429,0.0035542408004403114,0.8535419702529907,3526656,0.28304120898246765,14471.390984814927,,0.999755859375,1.0,0.999755859375,1.0,0.999755859375,1.0,0.999755859375,0.999755859375,0.9998252391815186,0.9998694062232971,0.9996910095214844,0.9996727705001831,0.9996391534805298,0.9997116923332214,0.9997548460960388,0.9995715618133545
880,train,1.9237838983535767,6.846817175316597,0.425048828125,,,,1.9332687854766846,0.2496035099029541,0.038,0.5,0.9997024536132812,0.999603271484375,7.996826171875,0.999603271484375,0.000396728515625,0.0024933423846960068,0.00028342627614021435,0.8703505992889404,0.003743173321709037,0.8703425526618958,3608576,0.2798266657628119,14637.632867597658,,0.999755859375,0.999755859375,1.0,0.999267578125,0.999755859375,0.99951171875,0.999755859375,0.9990234375,0.9998294115066528,0.9998669624328613,0.9996804594993591,0.9996685981750488,0.9996418356895447,0.9997276067733765,0.9997764825820923,0.9994282126426697
900,train,1.8538122177124023,6.3841108116559955,0.43896484375,,,,1.863802433013916,0.24975594878196716,0.039999999999999994,0.5,0.9997513890266418,0.999755859375,7.998046875,0.999755859375,0.000244140625,0.0022595454938709736,0.0002825855272754691,0.8404478430747986,0.0013959420612081885,0.8404467105865479,3690496,0.28976258309558034,14135.71054013176,,1.0,1.0,0.99951171875,0.99951171875,0.99951171875,0.999755859375,0.999755859375,1.0,0.9998371601104736,0.9998654127120972,0.999672532081604,0.9996864795684814,0.9996223449707031,0.999735951423645,0.9998100399971008,0.9997810125350952
920,train,1.8612325191497803,6.431659031178599,0.44970703125,,,,1.8717197179794312,0.24969497323036194,0.042,0.5,0.999764084815979,0.99969482421875,7.99755859375,0.99969482421875,0.00030517578125,0.002180518116801977,0.0002817254446875081,0.9614669680595398,0.0009108853992074728,0.9614664912223816,3772416,0.39520537527278066,10364.231501590377,,1.0,0.999755859375,0.999267578125,1.0,0.99951171875,0.999755859375,0.999755859375,0.99951171875,0.9998595714569092,0.9998703598976135,0.9996678233146667,0.9996970891952515,0.9996242523193359,0.9997089505195618,0.9998283386230469,0.9998559951782227
940,train,1.8462539911270142,6.336040148919143,0.449462890625,,,,1.8572392463684082,0.2496645450592041,0.044000000000000004,0.5,0.9997767806053162,0.999664306640625,7.997314453125,0.999664306640625,0.000335693359375,0.0020670252852141857,0.00028084616979338407,0.8097268342971802,0.0013569018337875605,0.8097257018089294,3854336,0.37765425024554133,10845.899383727003,,1.0,1.0,0.999755859375,0.9990234375,0.999267578125,0.99951171875,1.0,0.999755859375,0.9998787641525269,0.9998801946640015,0.9996626377105713,0.9997252225875854,0.9996543526649475,0.9997154474258423,0.9998365640640259,0.9998610615730286
960,train,1.7909016609191895,5.994855357021021,0.47265625,,,,1.8023890256881714,0.24972546100616455,0.046000000000000006,0.5,0.9997832775115967,0.999725341796875,7.997802734375,0.999725341796875,0.000274658203125,0.002017560414969921,0.00027994784716579927,0.796040415763855,0.001396041945554316,0.7960391640663147,3936256,0.3602907913736999,11368.594751986202,,0.999755859375,1.0,0.999755859375,0.999755859375,0.999755859375,0.999267578125,1.0,0.99951171875,0.9998951554298401,0.999882698059082,0.9996588826179504,0.9997177720069885,0.9996662139892578,0.9997140169143677,0.9998398423194885,0.9998921155929565
980,train,1.8279855251312256,6.221341290922747,0.456298828125,,,,1.839979648590088,0.2498779594898224,0.04800000000000001,0.5,0.9997854232788086,0.9998779296875,7.9990234375,0.9998779296875,0.0001220703125,0.001998267602175474,0.00027903062450933475,0.8194887638092041,0.0054266927763819695,0.8194708228111267,4018176,0.4942256659269333,8287.712035994415,,0.999755859375,0.999755859375,1.0,1.0,0.999755859375,0.999755859375,1.0,1.0,0.9999079704284668,0.9998810291290283,0.9996418356895447,0.9997045993804932,0.9996798038482666,0.9997175931930542,0.9998522996902466,0.9998981356620789
999,validation,,,,1.9006421303749084,6.690189036881343,0.4379150390625,,0.25,,0.5,0.9997882103919983,1.0,8.0,1.0,0.0,0.0019688816135749222,,,,,,,,5.2817677916027606,1.0,1.0,1.0,1.0,1.0,1.0,1.0,1.0,0.9999179244041443,0.9998931884765625,0.999602198600769,0.9997137188911438,0.9996711611747742,0.9997409582138062,0.9998658895492554,0.9999017119407654
1000,train,1.8007723093032837,6.054321468087237,0.458251953125,,,,1.8132692575454712,0.2499389797449112,0.05000000000000002,0.5,0.9997883439064026,0.99993896484375,7.99951171875,0.99993896484375,6.103515625e-05,0.001967840828001499,0.0002780946526361643,0.8154157400131226,0.006408821791410446,0.8153905272483826,4100096,0.2556565417908132,16021.494976457458,,0.999755859375,1.0,0.999755859375,1.0,1.0,1.0,1.0,1.0,0.9999158978462219,0.9998929500579834,0.9996019601821899,0.9997137784957886,0.9996715784072876,0.9997420907020569,0.9998660087585449,0.9999027252197266
1020,train,1.8242779970169067,6.198318198930791,0.451904296875,,,,1.8372700214385986,0.2498474419116974,0.052000000000000005,0.5,0.9997907876968384,0.999847412109375,7.998779296875,0.999847412109375,0.000152587890625,0.0019371446687728167,0.0002771400854412573,0.8339168429374695,0.0010978400241583586,0.8339161276817322,4182016,0.6043791249394417,6777.2029690972795,,1.0,1.0,1.0,0.99951171875,0.999755859375,0.999755859375,0.999755859375,1.0,0.9999276399612427,0.999897837638855,0.9996042251586914,0.9997360706329346,0.9996510148048401,0.999754786491394,0.9998716115951538,0.999882698059082
1040,train,1.8219053745269775,6.183629362195167,0.453125,,,,1.8353954553604126,0.24981698393821716,0.054,0.5,0.9998031854629517,0.99981689453125,7.99853515625,0.99981689453125,0.00018310546875,0.0018418568652123213,0.00027616707987707535,0.834121823310852,0.0013738877605646849,0.8341206312179565,4263936,0.3260889588855207,12560.989534877117,,1.0,0.999755859375,0.999755859375,1.0,0.999267578125,1.0,1.0,0.999755859375,0.9999250769615173,0.9998995065689087,0.9996154308319092,0.9997724294662476,0.9996589422225952,0.9997578263282776,0.9998902082443237,0.9999059438705444
1060,train,1.7815381288528442,5.938984319986459,0.46826171875,,,,1.7955228090286255,0.24972546100616455,0.056,0.5,0.999801516532898,0.999725341796875,7.997802734375,0.999725341796875,0.000274658203125,0.0018544355407357216,0.00027517579592776516,0.824761688709259,0.00842802319675684,0.8247185945510864,4345856,0.4025429580360651,10175.311524473436,,0.999755859375,1.0,0.99951171875,0.999755859375,0.99951171875,0.99951171875,1.0,0.999755859375,0.9999268651008606,0.9998974204063416,0.9996192455291748,0.9997653961181641,0.999647855758667,0.9997588396072388,0.9998883605003357,0.9999086856842041
1080,train,1.7744219303131104,5.896871348292485,0.467041015625,,,,1.7889113426208496,0.24981701374053955,0.058,0.5,0.9997915625572205,0.99981689453125,7.99853515625,0.99981689453125,0.00018310546875,0.0019386237254366279,0.00027416639658285407,0.845317542552948,0.000786638236604631,0.8453171849250793,4427776,0.30540016712620854,13411.91145552747,,1.0,1.0,1.0,1.0,0.999267578125,0.999267578125,1.0,1.0,0.9999262690544128,0.9998928308486938,0.999606192111969,0.9997572302818298,0.9996223449707031,0.9997525811195374,0.9998667240142822,0.9999077916145325
1100,train,1.7480926513671875,5.743637103368637,0.478759765625,,,,1.7630798816680908,0.24978646636009216,0.060000000000000005,0.5,0.9997885227203369,0.999786376953125,7.998291015625,0.999786376953125,0.000213623046875,0.0019642128609120846,0.00027313904781045063,0.7748367786407471,0.0012567827943712473,0.7748357057571411,4509696,0.3083920832723379,13281.793606818577,,1.0,1.0,1.0,0.99951171875,0.999267578125,0.999755859375,0.999755859375,1.0,0.9999204874038696,0.99988853931427,0.999595582485199,0.999763011932373,0.9996275901794434,0.9997477531433105,0.9998512268066406,0.9999136328697205
1120,train,1.7714331150054932,5.879273001144856,0.47021484375,,,,1.7869274616241455,0.2499084770679474,0.06200000000000001,0.5,0.9997843503952026,0.999908447265625,7.999267578125,0.999908447265625,9.1552734375e-05,0.0019964617677032948,0.00027209391852995554,0.8122802972793579,0.0014475865755230188,0.8122789859771729,4591616,0.32259133318439126,12697.17930598821,,1.0,1.0,1.0,0.999755859375,0.999755859375,1.0,0.999755859375,1.0,0.9999285936355591,0.9998888969421387,0.9995843172073364,0.999756932258606,0.9996106028556824,0.9997407793998718,0.9998540282249451,0.999910831451416
1140,train,1.7977492809295654,6.036046718965443,0.4580078125,,,,1.8137414455413818,0.2498779594898224,0.06400000000000002,0.5,0.9997822046279907,0.9998779296875,7.9990234375,0.9998779296875,0.0001220703125,0.0020114630460739136,0.00027103118058428784,0.9131891131401062,0.001402827794663608,0.9131880402565002,4673536,0.301960333250463,13564.69558735897,,1.0,1.0,0.999755859375,0.999755859375,0.999755859375,1.0,0.999755859375,1.0,0.9999347925186157,0.9998939037322998,0.9995943307876587,0.9997589588165283,0.999595582485199,0.9997178316116333,0.9998618960380554,0.9999009370803833
1160,train,1.763526201248169,5.832969397109686,0.466796875,,,,1.780014157295227,0.24981702864170074,0.06600000000000002,0.5,0.99977707862854,0.99981689453125,7.99853515625,0.99981689453125,0.00018310546875,0.0020482665859162807,0.00026995100871162977,0.7695741653442383,0.0014263102784752846,0.7695728540420532,4755456,0.26833529165014625,15264.484871935285,,1.0,1.0,0.999755859375,0.999755859375,1.0,0.9990234375,1.0,1.0,0.9999372959136963,0.9998972415924072,0.9995642900466919,0.999779462814331,0.9995760917663574,0.9996835589408875,0.9998739361763,0.9999045729637146
1180,train,1.7726421356201172,5.886385462091821,0.471435546875,,,,1.789631724357605,0.24984747171401978,0.068,0.5,0.9997836947441101,0.999847412109375,7.998779296875,0.999847412109375,0.000152587890625,0.00199336651712656,0.0002688535805166958,0.812977135181427,0.0014909068122506142,0.8129757642745972,4837376,0.34637374989688396,11825.376493511376,,1.0,1.0,1.0,1.0,0.99951171875,1.0,0.99951171875,0.999755859375,0.9999393224716187,0.9998999834060669,0.9995745420455933,0.9997910857200623,0.9995933175086975,0.9996840953826904,0.9998819828033447,0.9999052882194519
1200,train,1.7346066236495972,5.666698220236297,0.490478515625,,,,1.7520853281021118,0.2496950328350067,0.06999999999999999,0.5,0.9997922778129578,0.99969482421875,7.99755859375,0.99969482421875,0.00030517578125,0.0019236691296100616,0.00026773907644153075,0.8313577771186829,0.0013922309735789895,0.8313566446304321,4919296,0.3010761667974293,13604.53085200822,,1.0,1.0,0.999267578125,0.999755859375,0.9990234375,0.999755859375,0.999755859375,1.0,0.999934732913971,0.9998985528945923,0.999565601348877,0.9998130202293396,0.9996568560600281,0.9996738433837891,0.9998870491981506,0.9999083280563354
1220,train,1.8068296909332275,6.091106100533542,0.446044921875,,,,1.8248121738433838,0.24975597858428955,0.07200000000000001,0.5,0.9997788071632385,0.999755859375,7.998046875,0.999755859375,0.000244140625,0.0020201310981065035,0.00026660767973584067,0.8769353628158569,0.0010916615137830377,0.8769347071647644,5001216,0.2837607078254223,14434.697571025148,,1.0,1.0,0.999267578125,0.999755859375,0.999755859375,0.99951171875,1.0,0.999755859375,0.999937891960144,0.999909520149231,0.9994893074035645,0.9998158812522888,0.9996442198753357,0.9996564984321594,0.9998790621757507,0.9998978972434998
1240,train,1.7348922491073608,5.668317004681479,0.47509765625,,,,1.7533719539642334,0.24972549080848694,0.07400000000000001,0.5,0.9997704029083252,0.999725341796875,7.997802734375,0.999725341796875,0.000274658203125,0.0020844764076173306,0.00026545957642686263,0.9598564505577087,0.003981888759881258,0.959848165512085,5083136,0.28184029180556536,14533.053360680342,,1.0,1.0,0.999267578125,1.0,0.99951171875,0.999267578125,1.0,0.999755859375,0.9999464154243469,0.9999129772186279,0.999406099319458,0.9998224377632141,0.999640703201294,0.9996539950370789,0.9998633861541748,0.9999170899391174
1249,validation,,,,1.831076192855835,6.240599134121988,0.45994140625,,0.25,,0.5,0.9997711229324341,1.0,8.0,1.0,0.0,0.002079462562687695,,,,,,,,5.828861833084375,1.0,1.0,1.0,1.0,1.0,1.0,1.0,1.0,0.9999465346336365,0.9999125599861145,0.9994075894355774,0.9998212456703186,0.9996477365493774,0.9996578693389893,0.9998571276664734,0.99991774559021
1260,train,1.7116806507110596,5.538261543554934,0.4814453125,,,,1.7306760549545288,0.24993896484375,0.07600000000000001,0.5,0.9997798800468445,0.99993896484375,7.99951171875,0.99993896484375,6.103515625e-05,0.002007321920245886,0.0002642949552887775,0.755514919757843,0.0010783951729536057,0.7555141448974609,5165056,0.3373490418307483,12141.727090053535,,1.0,1.0,0.999755859375,1.0,1.0,0.999755859375,1.0,1.0,0.999947190284729,0.9999122023582458,0.9994146227836609,0.9998291730880737,0.9996771216392517,0.9996784925460815,0.9998651742935181,0.9999153017997742
1280,train,1.7480733394622803,5.743526183866112,0.46630859375,,,,1.7675542831420898,0.2497560679912567,0.07800000000000001,0.5,0.9997919201850891,0.999755859375,7.998046875,0.999755859375,0.000244140625,0.0019054689910262823,0.0002631140078116713,0.8448768854141235,0.0006063012406229973,0.8448767066001892,5246976,0.29794883355498314,13747.3268518238,,1.0,1.0,0.998779296875,0.999755859375,0.999755859375,1.0,0.999755859375,1.0,0.9999517202377319,0.9999138116836548,0.9994338750839233,0.9998394846916199,0.9997021555900574,0.9996950626373291,0.9998804330825806,0.9999189376831055
1300,train,1.7112983465194702,5.536144647627591,0.480712890625,,,,1.7312763929367065,0.24972546100616455,0.08,0.5,0.9997765421867371,0.999725341796875,7.997802734375,0.999725341796875,0.000274658203125,0.0020285160280764103,0.0002619169281700499,0.7784930467605591,0.0012399101397022605,0.7784920930862427,5328896,0.27716387482360005,14778.260704454664,,1.0,0.99951171875,0.999267578125,0.999755859375,0.999755859375,0.999755859375,1.0,0.999755859375,0.9999576807022095,0.9999047517776489,0.9993818998336792,0.9998289346694946,0.9996615648269653,0.9996709823608398,0.9998815655708313,0.9999250173568726
1320,train,1.7188478708267212,5.578098071146425,0.473388671875,,,,1.739332914352417,0.24981698393821716,0.08200000000000002,0.5,0.999775767326355,0.99981689453125,7.99853515625,0.99981689453125,0.00018310546875,0.0020293346606194973,0.00026070391319091236,0.7443366646766663,0.001568554900586605,0.7443350553512573,5410816,0.28953404212370515,14146.868430241304,,1.0,1.0,1.0,0.999755859375,0.999267578125,1.0,0.999755859375,0.999755859375,0.9999614953994751,0.9999064207077026,0.9993438720703125,0.9998292922973633,0.9996694326400757,0.9996763467788696,0.9998912811279297,0.9999280571937561
1340,train,1.7254014015197754,5.614774356378369,0.478759765625,,,,1.746388554573059,0.24984747171401978,0.08400000000000002,0.5,0.9997801184654236,0.999847412109375,7.998779296875,0.999847412109375,0.000152587890625,0.001994009129703045,0.00025947516232138784,0.8898519277572632,0.0018967567011713982,0.8898499011993408,5492736,0.28025104105472565,14615.46756288466,,1.0,1.0,1.0,1.0,0.99951171875,0.99951171875,0.999755859375,1.0,0.9999611973762512,0.9999152421951294,0.9993704557418823,0.9998222589492798,0.9996678829193115,0.9996957778930664,0.9998927116394043,0.9999152421951294
1360,train,1.7409582138061523,5.702805312209054,0.47265625,,,,1.7624503374099731,0.249908447265625,0.08600000000000002,0.5,0.9997824430465698,0.999908447265625,7.999267578125,0.999908447265625,9.1552734375e-05,0.0019776318222284317,0.00025823087759594256,0.8141608238220215,0.0008976281387731433,0.8141603469848633,5574656,0.28065362526103854,14594.50237348715,,1.0,1.0,0.999755859375,1.0,1.0,0.999755859375,1.0,0.999755859375,0.9999632835388184,0.999914824962616,0.9993593692779541,0.9998061656951904,0.9996943473815918,0.9997093677520752,0.9998874664306641,0.9999246597290039
1380,train,1.6526081562042236,5.220578169513302,0.494873046875,,,,1.6745973825454712,0.2498779594898224,0.08800000000000001,0.5,0.9997811317443848,0.9998779296875,7.9990234375,0.9998779296875,0.0001220703125,0.0019803857430815697,0.0002569712636031599,0.8356382846832275,0.0013099234784021974,0.8356372714042664,5656576,0.2710261670872569,15112.931876726472,,1.0,1.0,0.99951171875,1.0,0.999755859375,1.0,0.999755859375,1.0,0.9999620318412781,0.9999123811721802,0.9992862343788147,0.9997987747192383,0.9997345805168152,0.9997350573539734,0.9998931288719177,0.9999268054962158
1400,train,1.7069666385650635,5.512215550168129,0.480712890625,,,,1.729447364807129,0.24978646636009216,0.09000000000000002,0.5,0.999759316444397,0.999786376953125,7.998291015625,0.999786376953125,0.000213623046875,0.002150330925360322,0.0002556965274521024,0.7918660640716553,0.007706149015575647,0.7918285727500916,5738496,0.27413029223680496,14941.799998015935,,0.999755859375,1.0,0.999267578125,0.999755859375,1.0,0.999755859375,0.999755859375,1.0,0.9999613761901855,0.9999170303344727,0.9992026686668396,0.9997696876525879,0.9997167587280273,0.9996984601020813,0.9998860359191895,0.9999222159385681
1420,train,1.6519358158111572,5.2170693436296425,0.493408203125,,,,1.67491614818573,0.24978646636009216,0.09199999999999998,0.5,0.9997620582580566,0.999786376953125,7.998291015625,0.999786376953125,0.000213623046875,0.002128811087459326,0.0002544068787382575,0.8279817700386047,0.0012867555487900972,0.8279807567596436,5820416,0.2928097923286259,13988.60320696851,,1.0,1.0,0.999267578125,0.999755859375,0.999755859375,0.999755859375,0.999755859375,1.0,0.9999663233757019,0.999921977519989,0.9992151856422424,0.9997528791427612,0.9997273683547974,0.9997135996818542,0.9998817443847656,0.9999175071716309
1440,train,1.6397545337677002,5.153904247493884,0.503173828125,,,,1.6632287502288818,0.24972552061080933,0.094,0.5,0.9997657537460327,0.999725341796875,7.997802734375,0.999725341796875,0.000274658203125,0.0020965870935469866,0.00025310252950907575,0.8145806789398193,0.0011979846749454737,0.8145797848701477,5902336,0.6194744589738548,6612.056301376702,,1.0,1.0,0.9990234375,1.0,0.99951171875,0.99951171875,0.999755859375,1.0,0.999966561794281,0.9999220371246338,0.9992415308952332,0.9997298717498779,0.9997504353523254,0.9997164011001587,0.9998918175697327,0.9999076724052429
1460,train,1.627467155456543,5.09096375493955,0.498779296875,,,,1.6514467000961304,0.24978646636009216,0.096,0.5,0.9997553825378418,0.999786376953125,7.998291015625,0.999786376953125,0.000213623046875,0.0021801642142236233,0.0002517836942291053,0.8153281807899475,0.001811344875022769,0.8153261542320251,5984256,0.2743523749522865,14929.704912204053,,1.0,0.999755859375,0.999267578125,1.0,0.999755859375,0.999755859375,1.0,0.999755859375,0.9999662041664124,0.9999171495437622,0.9992035627365112,0.9996839165687561,0.9997506141662598,0.9997115731239319,0.9998956918716431,0.9999146461486816
1480,train,1.6835166215896606,5.384457816930746,0.489990234375,,,,1.708001732826233,0.24984753131866455,0.098,0.5,0.9997328519821167,0.999847412109375,7.998779296875,0.999847412109375,0.000152587890625,0.0023492921609431505,0.000250450589744729,0.8586648106575012,0.006093462463468313,0.8586431741714478,6066176,0.2879230002872646,14226.025694068785,,1.0,1.0,0.9990234375,1.0,0.999755859375,1.0,1.0,1.0,0.9999675750732422,0.9999117851257324,0.999099612236023,0.9996316432952881,0.9997453689575195,0.9996971487998962,0.9998928308486938,0.9999169707298279
1499,validation,,,,1.7770434832572937,5.912350589697369,0.4713720703125,,0.25,,0.5,0.9997166073322297,1.0,8.0,1.0,0.0,0.0024752768594771624,,,,,,,,4.059290499892086,1.0,1.0,1.0,1.0,1.0,1.0,1.0,1.0,0.9999619126319885,0.9999005198478699,0.9990569949150085,0.9995999336242676,0.999702513217926,0.9996936321258545,0.999895453453064,0.9999218583106995
1500,train,1.6751155853271484,5.339412271121501,0.500732421875,,,,1.7000728845596313,0.24957333505153656,0.1,0.5,0.9997198581695557,0.99957275390625,7.99658203125,0.99957275390625,0.00042724609375,0.0024503343738615513,0.00024910343524851006,0.8721029758453369,0.031094105914235115,0.8715484738349915,6148096,0.21934508299455047,18673.771684691757,,0.99951171875,0.999755859375,0.998046875,1.0,0.999267578125,1.0,1.0,1.0,0.999962329864502,0.999900221824646,0.9990659952163696,0.9996048808097839,0.9997068643569946,0.9996980428695679,0.9998973608016968,0.9999228119850159
1520,train,1.6566386222839355,5.241661993018128,0.493408203125,,,,1.6816142797470093,0.24975600838661194,0.1,0.5,0.9996944665908813,0.999755859375,7.998046875,0.999755859375,0.000244140625,0.0026381828356534243,0.0002477424522431518,0.7911633253097534,0.0008647677022963762,0.7911628484725952,6230016,0.2628423753194511,15583.48418903854,,1.0,1.0,0.999267578125,0.999267578125,1.0,0.999755859375,0.999755859375,1.0,0.9999653100967407,0.9999047517776489,0.998964786529541,0.9995905160903931,0.9996459484100342,0.9996700286865234,0.9998891949653625,0.9999248385429382
1540,train,1.6067216396331787,4.986437064650686,0.510986328125,,,,1.63168203830719,0.24960380792617798,0.1,0.5,0.9996697306632996,0.999603271484375,7.996826171875,0.999603271484375,0.000396728515625,0.0028165229596197605,0.00024636786450507755,0.8243882060050964,0.0012666051043197513,0.82438725233078,6311936,0.2732853749766946,14987.995608434228,,1.0,1.0,0.998046875,0.99951171875,0.99951171875,0.999755859375,1.0,1.0,0.9999654293060303,0.9999072551727295,0.9988417625427246,0.9995593428611755,0.9996324181556702,0.9996450543403625,0.9998874068260193,0.9999188184738159
1560,train,1.7140567302703857,5.551436539823876,0.4853515625,,,,1.7390079498291016,0.24951234459877014,0.1,0.5,0.9996449947357178,0.99951171875,7.99609375,0.99951171875,0.00048828125,0.0029984167777001858,0.0002449798980476366,0.8374301791191101,0.0011374251917004585,0.837429404258728,6393856,0.2721684998832643,15049.500591570346,,1.0,1.0,0.998046875,0.99951171875,0.999755859375,0.9990234375,0.999755859375,1.0,0.9999656677246094,0.99991375207901,0.9987531900405884,0.9995367527008057,0.9995834827423096,0.9996194839477539,0.9998679757118225,0.9999197125434875
1580,train,1.6253808736801147,5.080353641724526,0.503662109375,,,,1.6503381729125977,0.2495729625225067,0.1,0.5,0.9996192455291748,0.99957275390625,7.99658203125,0.99957275390625,0.00042724609375,0.003182536456733942,0.00024357878108394293,0.9163556098937988,0.0032063578255474567,0.9163499474525452,6475776,0.2693580421619117,15206.52573476119,,0.999755859375,0.999755859375,0.999267578125,0.999267578125,0.99951171875,0.99951171875,0.999755859375,0.999755859375,0.9999658465385437,0.9999134540557861,0.9986340999603271,0.999512255191803,0.9995545148849487,0.9995978474617004,0.999862790107727,0.9999132752418518
1600,train,1.6443272829055786,5.177525725083482,0.507080078125,,,,1.6692816019058228,0.24954262375831604,0.1,0.5,0.9996244311332703,0.999542236328125,7.996337890625,0.999542236328125,0.000457763671875,0.0031405757181346416,0.00024216474398935134,0.8361706733703613,0.0021209586411714554,0.8361679315567017,6557696,0.27030812483280897,15153.077631438044,,1.0,1.0,0.998779296875,0.999267578125,0.99951171875,0.999267578125,1.0,0.99951171875,0.999963641166687,0.9999104738235474,0.9986129403114319,0.9995530247688293,0.9995731115341187,0.9996101260185242,0.9998685121536255,0.9999040365219116
1620,train,1.6063976287841797,4.984821666661258,0.507568359375,,,,1.631364107131958,0.2496645450592041,0.1,0.5,0.9995822906494141,0.999664306640625,7.997314453125,0.999664306640625,0.000335693359375,0.003452619770541787,0.00024073801926357869,0.8225657343864441,0.0012441733852028847,0.8225647807121277,6639616,0.27250358276069164,15030.995036850736,,1.0,1.0,0.9990234375,0.999267578125,1.0,0.999267578125,0.999755859375,1.0,0.9999625086784363,0.9999048709869385,0.9985248446464539,0.9994586110115051,0.9994882941246033,0.9995461106300354,0.9998618364334106,0.9999115467071533
1640,train,1.614760398864746,5.026683380125096,0.51123046875,,,,1.6397299766540527,0.2496953159570694,0.1,0.5,0.999574601650238,0.99969482421875,7.99755859375,0.99969482421875,0.00030517578125,0.0035068420693278313,0.00023929884149247573,0.8314248919487,0.0014318301109597087,0.8314236402511597,6721536,0.323121250141412,12676.35600632088,,1.0,1.0,0.998046875,0.999755859375,0.999755859375,1.0,1.0,1.0,0.999958872795105,0.999904215335846,0.9985003471374512,0.9994295835494995,0.9994739294052124,0.9995520710945129,0.9998581409454346,0.9999195337295532
1660,train,1.581486463546753,4.862177892422331,0.514404296875,,,,1.606449842453003,0.2496340274810791,0.1,0.5,0.9995529651641846,0.9996337890625,7.9970703125,0.9996337890625,0.0003662109375,0.0036409064196050167,0.00023784744730945588,0.7833352088928223,0.0019085381645709276,0.783332884311676,6803456,0.26222275011241436,15620.307537176133,,1.0,0.999755859375,0.9990234375,0.99951171875,0.99951171875,0.999267578125,1.0,1.0,0.9999587535858154,0.9999016523361206,0.9983044266700745,0.999393105506897,0.9994887113571167,0.9995883703231812,0.9998664855957031,0.9999216794967651
1680,train,1.6263514757156372,5.085287037104857,0.5078125,,,,1.651302695274353,0.24951225519180298,0.1,0.5,0.9995397329330444,0.99951171875,7.99609375,0.99951171875,0.00048828125,0.0037220693193376064,0.0002363840753565873,0.768710732460022,0.001493313000537455,0.7687093019485474,6885376,0.27377254236489534,14961.325064296192,,1.0,0.999755859375,0.998779296875,0.99853515625,0.999267578125,0.999755859375,1.0,1.0,0.999962568283081,0.9998947978019714,0.9981995820999146,0.9993548393249512,0.9995039701461792,0.9996089339256287,0.9998704791069031,0.9999228715896606
1700,train,1.6157952547073364,5.031887965323093,0.5029296875,,,,1.6407495737075806,0.2495427429676056,0.1,0.5,0.9995174407958984,0.999542236328125,7.996337890625,0.999542236328125,0.000457763671875,0.0038666885811835527,0.00023490896624535468,0.8045459985733032,0.0020682315807789564,0.8045433163642883,6967296,0.2774771247059107,14761.577208720259,,1.0,0.999755859375,0.998291015625,0.99951171875,0.999267578125,0.99951171875,1.0,1.0,0.999962568283081,0.9998911023139954,0.9980341196060181,0.9993401765823364,0.9995246529579163,0.9996063709259033,0.9998632669448853,0.9999176263809204
1720,train,1.5664734840393066,4.789727325594346,0.527099609375,,,,1.5914064645767212,0.24933019280433655,0.1,0.5,0.9994984865188599,0.99932861328125,7.99462890625,0.99932861328125,0.00067138671875,0.003992847166955471,0.00023342236251709726,0.7975972294807434,0.003048939863219857,0.7975914478302002,7049216,0.26203012466430664,15631.790448703134,,1.0,0.999755859375,0.99658203125,0.999267578125,0.999755859375,0.999755859375,0.99951171875,1.0,0.9999615550041199,0.9998929500579834,0.9979400038719177,0.9992804527282715,0.9995356202125549,0.9996086955070496,0.9998549222946167,0.99991375207901
1740,train,1.5877009630203247,4.892487977832208,0.51123046875,,,,1.612661361694336,0.24960371851921082,0.1,0.5,0.9994884133338928,0.999603271484375,7.996826171875,0.999603271484375,0.000396728515625,0.0040578837506473064,0.00023192450860312982,0.890571653842926,0.006976534612476826,0.8905442953109741,7131136,0.2795707080513239,14651.03418219355,,0.999755859375,1.0,0.998291015625,0.999755859375,0.999267578125,0.999755859375,1.0,1.0,0.9999663829803467,0.9998904466629028,0.9979006052017212,0.9992455244064331,0.9995104670524597,0.9996161460876465,0.9998651742935181,0.999912679195404
1749,validation,,,,1.7241280794143676,5.607629489897092,0.4884521484375,,0.25,,0.5,0.9994748067855835,1.0,8.0,1.0,0.0,0.004141724836081266,,,,,,,,4.237861166708171,1.0,1.0,1.0,1.0,1.0,1.0,1.0,1.0,0.9999691843986511,0.9998894333839417,0.9978206157684326,0.9991970658302307,0.9995123147964478,0.9996272325515747,0.9998650550842285,0.9999169707298279
1760,train,1.6243529319763184,5.075134017540468,0.51220703125,,,,1.6492890119552612,0.24936053156852722,0.1,0.5,0.9994512796401978,0.999359130859375,7.994873046875,0.999359130859375,0.000640869140625,0.004290970508009195,0.00023041565078455215,0.853178858757019,0.0010855947621166706,0.8531781435012817,7213056,0.2755496250465512,14864.836050159834,,1.0,0.999755859375,0.996826171875,0.999267578125,0.999755859375,0.999267578125,1.0,1.0,0.9999693632125854,0.9998890161514282,0.9976747035980225,0.9991589784622192,0.9995192885398865,0.9996150732040405,0.9998648166656494,0.9999186992645264
1780,train,1.5661067962646484,4.787971313113935,0.524658203125,,,,1.5910489559173584,0.24942129850387573,0.1,0.5,0.9994382262229919,0.999420166015625,7.995361328125,0.999420166015625,0.000579833984375,0.004350245930254459,0.0002288960371517553,0.7760153412818909,0.0020880261436104774,0.7760125398635864,7294976,0.26581595791503787,15409.157644738525,,1.0,1.0,0.997314453125,0.998779296875,0.999755859375,0.99951171875,1.0,1.0,0.9999710321426392,0.9998824596405029,0.9974997639656067,0.9991549253463745,0.9995363354682922,0.9996678829193115,0.9998694062232971,0.9999243021011353
1800,train,1.5901387929916382,4.904429581544483,0.518798828125,,,,1.615074872970581,0.2493613362312317,0.1,0.5,0.9993804693222046,0.999359130859375,7.994873046875,0.999359130859375,0.000640869140625,0.004734727554023266,0.00022736591756362958,0.7978788614273071,0.0013016940793022513,0.7978777885437012,7376896,0.25525691732764244,16046.57786704546,,1.0,1.0,0.995849609375,0.99951171875,0.999755859375,0.999755859375,1.0,1.0,0.9999719858169556,0.9998812675476074,0.9972549080848694,0.9990448951721191,0.9994722604751587,0.9996399879455566,0.9998542070388794,0.9999239444732666
1820,train,1.5585319995880127,4.751840418771064,0.515869140625,,,,1.5834710597991943,0.24939072132110596,0.1,0.5,0.9993845820426941,0.9993896484375,7.9951171875,0.9993896484375,0.0006103515625,0.004682236351072788,0.00022582554360648242,0.8647893071174622,0.010513657703995705,0.8647253513336182,7458816,0.27675745775923133,14799.962512892307,,0.999755859375,1.0,0.997314453125,0.999267578125,1.0,0.999267578125,0.99951171875,1.0,0.9999693632125854,0.9998903274536133,0.9971361756324768,0.9991432428359985,0.9995195865631104,0.9996435642242432,0.9998478889465332,0.9999265074729919
1840,train,1.583137035369873,4.870209893124057,0.51708984375,,,,1.6080517768859863,0.24914732575416565,0.1,0.5,0.9993196129798889,0.9991455078125,7.9931640625,0.9991455078125,0.0008544921875,0.0050738039426505566,0.00022427516855267162,0.7898534536361694,0.0019549739081412554,0.7898510098457336,7540736,0.25795570807531476,15878.694953337104,,1.0,0.999755859375,0.996826171875,0.998046875,0.99951171875,0.99951171875,0.999755859375,0.999755859375,0.9999697208404541,0.9998921155929565,0.9967014789581299,0.9990876913070679,0.9994897842407227,0.999640703201294,0.9998519420623779,0.9999232292175293
1860,train,1.569647192955017,4.804952673542989,0.523681640625,,,,1.5945923328399658,0.24945145845413208,0.1,0.5,0.9992877244949341,0.99945068359375,7.99560546875,0.99945068359375,0.00054931640625,0.00526944687590003,0.00022271504731896164,0.7922749519348145,0.0016563641838729382,0.792273223400116,7622656,0.2685600002296269,15251.712825803532,,1.0,1.0,0.997802734375,0.9990234375,0.99951171875,0.999755859375,0.99951171875,1.0,0.999966561794281,0.9998947381973267,0.9965174794197083,0.9990360140800476,0.9994834661483765,0.999635636806488,0.9998468160629272,0.9999207258224487
1880,train,1.5745489597320557,4.82856325041918,0.51904296875,,,,1.599454641342163,0.24905726313591003,0.1,0.5,0.9992497563362122,0.999053955078125,7.992431640625,0.999053955078125,0.000946044921875,0.005510884337127209,0.00022114543642460973,0.8391247391700745,0.0019731910433620214,0.8391224145889282,7704576,0.24939566664397717,16423.7015627349,,1.0,1.0,0.9951171875,0.99853515625,0.99951171875,0.999755859375,0.99951171875,1.0,0.9999648332595825,0.9998923540115356,0.9963401556015015,0.9989705681800842,0.999472975730896,0.999600887298584,0.999836802482605,0.9999195337295532
1900,train,1.6320632696151733,5.114416259443977,0.511962890625,,,,1.6570144891738892,0.2495124340057373,0.1,0.5,0.9992629289627075,0.99951171875,7.99609375,0.99951171875,0.00048828125,0.0054626911878585815,0.00021956659394918823,0.8391090631484985,0.0017390758730471134,0.8391072750091553,7786496,0.27239379193633795,15037.053417712581,,1.0,1.0,0.997802734375,0.999755859375,0.99951171875,0.999267578125,1.0,0.999755859375,0.9999608993530273,0.9998863935470581,0.9965694546699524,0.9989252090454102,0.9994239807128906,0.9995677471160889,0.9998454451560974,0.9999237060546875
1920,train,1.5638810396194458,4.777326305139957,0.521484375,,,,1.5888080596923828,0.24926970899105072,0.1,0.5,0.99922776222229,0.999267578125,7.994140625,0.999267578125,0.000732421875,0.005663330666720867,0.00021797877949015037,0.727800190448761,0.0019384765764698386,0.7277976274490356,7868416,0.26314145838841796,15565.772208930965,,1.0,0.999755859375,0.99609375,0.99951171875,0.998779296875,1.0,1.0,1.0,0.9999581575393677,0.9998779296875,0.9963294267654419,0.9988617897033691,0.9994482398033142,0.9995636940002441,0.9998589754104614,0.9999239444732666
1940,train,1.5086078643798828,4.520433355594243,0.54736328125,,,,1.5335469245910645,0.24939057230949402,0.1,0.5,0.9992433786392212,0.9993896484375,7.9951171875,0.9993896484375,0.0006103515625,0.005556089803576469,0.00021638225412014663,0.7606892585754395,0.01532879937440157,0.7605348229408264,7950336,0.2596932086162269,15772.4571305715,,0.999755859375,1.0,0.998291015625,0.998291015625,0.998779296875,1.0,1.0,1.0,0.9999628663063049,0.9998795986175537,0.9963976740837097,0.9988530874252319,0.9994802474975586,0.9995747804641724,0.999866783618927,0.9999315738677979
1960,train,1.5683541297912598,4.798743581476488,0.518798828125,,,,1.5932780504226685,0.24923905730247498,0.1,0.5,0.999202311038971,0.999237060546875,7.993896484375,0.999237060546875,0.000762939453125,0.005797566846013069,0.00021477728034409866,0.7751337885856628,0.0018250293796882033,0.7751317024230957,8032256,0.25979379191994667,15766.350572619336,,1.0,1.0,0.996337890625,0.998779296875,1.0,0.9990234375,1.0,0.999755859375,0.9999684691429138,0.999884307384491,0.9962027668952942,0.9987097978591919,0.999479353427887,0.999576210975647,0.9998652935028076,0.9999328851699829
1980,train,1.5097548961639404,4.52562141119434,0.53857421875,,,,1.5346788167953491,0.24923893809318542,0.1,0.5,0.9991582632064819,0.999237060546875,7.993896484375,0.999237060546875,0.000762939453125,0.00605686753988266,0.00021316412205603713,0.7976824641227722,0.0029594560619443655,0.7976770401000977,8114176,0.26229899981990457,15615.76675020617,,1.0,1.0,0.99658203125,0.998291015625,0.999755859375,0.99951171875,1.0,0.999755859375,0.999969482421875,0.9998863339424133,0.9958987236022949,0.9987170696258545,0.9994717836380005,0.9995333552360535,0.9998586177825928,0.9999313354492188
1999,validation,,,,1.6809144163131713,5.3704645669392175,0.498330078125,,0.25,,0.5,0.9991518330574035,1.0,8.0,1.0,0.0,0.006069704694673419,,,,,,,,3.9918622919358313,1.0,1.0,1.0,1.0,1.0,1.0,1.0,1.0,0.9999722242355347,0.99988853931427,0.9957242608070374,0.9988365173339844,0.9994664192199707,0.9995304346084595,0.9998673796653748,0.9999293684959412
2000,train,1.5345807075500488,4.639379865131276,0.526123046875,,,,1.5595016479492188,0.24920964241027832,0.1,0.5,0.9991600513458252,0.99920654296875,7.99365234375,0.99920654296875,0.00079345703125,0.006021028384566307,0.00021154304449571196,0.7715387344360352,0.0016276725800707936,0.7715370059013367,8196096,0.20804191706702113,19688.340012173918,,1.0,1.0,0.9951171875,0.9990234375,1.0,0.999755859375,0.999755859375,1.0,0.999971866607666,0.9998885989189148,0.995771586894989,0.998845100402832,0.9994674921035767,0.9995344281196594,0.9998701214790344,0.9999306797981262
2020,train,1.5052568912506104,4.505310856581801,0.537353515625,,,,1.530165672302246,0.24908792972564697,0.1,0.5,0.9990912675857544,0.99908447265625,7.99267578125,0.99908447265625,0.00091552734375,0.006396228447556496,0.0002099143142049807,0.768222451210022,0.0028765976894646883,0.7682170867919922,8278016,0.30578362476080656,13395.092700611482,,1.0,1.0,0.994873046875,0.999267578125,0.99951171875,0.999267578125,0.999755859375,1.0,0.9999733567237854,0.9998879432678223,0.9952819347381592,0.9987718462944031,0.9994451999664307,0.9995673298835754,0.999871015548706,0.9999315142631531
2040,train,1.5719746351242065,4.816148947302023,0.525634765625,,,,1.596886396408081,0.2491176724433899,0.1,0.5,0.9990881085395813,0.999114990234375,7.992919921875,0.999114990234375,0.000885009765625,0.006431295536458492,0.00020827819898398313,0.815764307975769,0.0021632430143654346,0.815761387348175,8359936,0.577163124922663,7096.780482205691,,1.0,1.0,0.99560546875,0.998779296875,0.99951171875,0.999267578125,0.999755859375,1.0,0.9999761581420898,0.9998869895935059,0.9953603744506836,0.9986934661865234,0.9994164109230042,0.9995710849761963,0.9998675584793091,0.9999327659606934
2060,train,1.5617262125015259,4.767043076135841,0.516845703125,,,,1.5866591930389404,0.24933025240898132,0.1,0.5,0.9990800619125366,0.99932861328125,7.99462890625,0.99932861328125,0.00067138671875,0.006471294444054365,0.0002066349678471086,0.8047220706939697,0.0021170852705836296,0.8047192692756653,8441856,0.24960883287712932,16409.675702527195,,1.0,1.0,0.996826171875,0.998291015625,1.0,0.999755859375,1.0,0.999755859375,0.9999771118164062,0.9998875856399536,0.9953157305717468,0.9986333847045898,0.9994466304779053,0.9995750784873962,0.9998741149902344,0.9999310374259949
2080,train,1.5983710289001465,4.944970645704081,0.510498046875,,,,1.623276710510254,0.24905693531036377,0.1,0.5,0.9990977048873901,0.999053955078125,7.992431640625,0.999053955078125,0.000946044921875,0.00637945719063282,0.00020498489097876447,0.8696573972702026,0.0042358273640275,0.8696470856666565,8523776,0.2579954592511058,15876.24841107526,,1.0,1.0,0.99560546875,0.998046875,0.999267578125,0.99951171875,1.0,1.0,0.999977171421051,0.9998909831047058,0.995489239692688,0.9986041784286499,0.99944669008255,0.9995575547218323,0.9998797178268433,0.9999353885650635
2100,train,1.5397955179214478,4.663636543387344,0.5322265625,,,,1.5647284984588623,0.24933010339736938,0.1,0.5,0.9990972280502319,0.99932861328125,7.99462890625,0.99932861328125,0.00067138671875,0.006374949589371681,0.00020332823968895105,0.7486427426338196,0.0020195525139570236,0.7486400604248047,8605696,0.27012962521985173,15163.090670511863,,1.0,1.0,0.996826171875,0.998779296875,0.999755859375,0.99951171875,0.999755859375,1.0,0.9999768733978271,0.9998940229415894,0.9954713582992554,0.9986110925674438,0.9994595646858215,0.9995411038398743,0.9998864531517029,0.9999372959136963
2120,train,1.5091248750686646,4.522771072217179,0.53076171875,,,,1.5340487957000732,0.2492387294769287,0.1,0.5,0.9989889860153198,0.999237060546875,7.993896484375,0.999237060546875,0.000762939453125,0.007003370206803083,0.00020166528636865257,0.8320069313049316,0.0024870880879461765,0.8320032358169556,8687616,0.2632827078923583,15557.421270806084,,1.0,1.0,0.996826171875,0.9990234375,0.99853515625,0.99951171875,1.0,1.0,0.9999781847000122,0.999891459941864,0.994888186454773,0.9984185695648193,0.9993993043899536,0.9995125532150269,0.9998850226402283,0.9999382495880127
2140,train,1.5003106594085693,4.48308156549871,0.5419921875,,,,1.5251951217651367,0.24884474277496338,0.1,0.5,0.9990293979644775,0.99884033203125,7.99072265625,0.99884033203125,0.00115966796875,0.006773838307708502,0.0001999963044450498,0.7916185855865479,0.0016599554801359773,0.7916168570518494,8769536,0.26156479213386774,15659.599927744423,,1.0,1.0,0.994384765625,0.99853515625,0.9990234375,0.999267578125,1.0,0.99951171875,0.9999765753746033,0.9998854398727417,0.9951606392860413,0.9984042644500732,0.9994382858276367,0.9995464086532593,0.9998870491981506,0.9999364614486694
2160,train,1.4784414768218994,4.386104505704741,0.54296875,,,,1.5033289194107056,0.2488749623298645,0.1,0.5,0.9989385604858398,0.998870849609375,7.990966796875,0.998870849609375,0.001129150390625,0.007303221151232719,0.00019832156833656225,0.7875494360923767,0.0030221305787563324,0.7875435948371887,8851456,0.26592516666278243,15402.829492983283,,1.0,0.999755859375,0.994873046875,0.99755859375,0.99951171875,0.99951171875,1.0,0.999755859375,0.9999759197235107,0.9998724460601807,0.9947104454040527,0.9981977939605713,0.9994120001792908,0.9995211958885193,0.9998863339424133,0.9999322891235352
2180,train,1.4968349933624268,4.467526918157901,0.547119140625,,,,1.5217195749282837,0.2488463819026947,0.1,0.5,0.9987958669662476,0.99884033203125,7.99072265625,0.99884033203125,0.00115966796875,0.008112193085253239,0.00019664135340772784,0.8138366937637329,0.0028649475425481796,0.8138316869735718,8933376,0.2600142080336809,15752.9853117466,,1.0,0.999267578125,0.9931640625,0.9990234375,0.99951171875,0.999755859375,1.0,1.0,0.9999758005142212,0.9998685121536255,0.994004487991333,0.997867226600647,0.9993491172790527,0.9994791746139526,0.9998865127563477,0.9999358654022217
2200,train,1.5156254768371582,4.552267574483699,0.5361328125,,,,1.5405220985412598,0.248966783285141,0.1,0.5,0.9988077282905579,0.99896240234375,7.99169921875,0.99896240234375,0.00103759765625,0.008067339658737183,0.00019495593592392662,0.7819666266441345,0.0013384749181568623,0.7819654941558838,9015296,0.26336704194545746,15552.439552585587,,1.0,1.0,0.994384765625,0.998291015625,0.999267578125,1.0,1.0,0.999755859375,0.9999746084213257,0.9998782873153687,0.9941831827163696,0.9978480935096741,0.9992762804031372,0.999481201171875,0.9998793601989746,0.9999408721923828
2220,train,1.516906499862671,4.558102870841418,0.53515625,,,,1.5417819023132324,0.24875441193580627,0.1,0.5,0.9988333582878113,0.998748779296875,7.989990234375,0.998748779296875,0.001251220703125,0.007939351722598076,0.00019326559300595635,0.8256469964981079,0.004126107785850763,0.8256366848945618,9097216,0.25291612511500716,16195.092337973501,,1.0,0.999755859375,0.993896484375,0.997314453125,0.99951171875,0.99951171875,1.0,1.0,0.9999759197235107,0.9998748302459717,0.9944117069244385,0.9978466629981995,0.9992759227752686,0.9994627237319946,0.9998795390129089,0.9999397397041321
2240,train,1.514022707939148,4.544977185564874,0.533203125,,,,1.5389162302017212,0.24893540143966675,0.1,0.5,0.9988848567008972,0.998931884765625,7.991455078125,0.998931884765625,0.001068115234375,0.007658293470740318,0.00019157060258446796,0.8378482460975647,0.003069391008466482,0.837842583656311,9179136,0.26786575000733137,15291.241974339364,,1.0,1.0,0.9951171875,0.998291015625,0.9990234375,0.999267578125,0.999755859375,1.0,0.9999784827232361,0.999874472618103,0.9948439598083496,0.9977620244026184,0.9992908239364624,0.9994993805885315,0.9998869895935059,0.9999427795410156
2249,validation,,,,1.6488034224510193,5.200752998205489,0.5088134765625,,0.25,,0.5,0.9988274788856506,1.0,8.0,1.0,0.0,0.007999194916337729,,,,,,,,4.619678625371307,1.0,1.0,1.0,1.0,1.0,1.0,1.0,1.0,0.9999797940254211,0.9998731017112732,0.9947059154510498,0.9974937438964844,0.9992523193359375,0.9994897246360779,0.9998844861984253,0.9999415874481201
2260,train,1.554969310760498,4.73494121118479,0.52197265625,,,,1.579853892326355,0.24884545803070068,0.1,0.5,0.9987607002258301,0.99884033203125,7.99072265625,0.99884033203125,0.00115966796875,0.00836330559104681,0.0001898712433542669,0.8570631742477417,0.0022317972034215927,0.8570602536201477,9261056,0.2835697499103844,14444.418000489984,,1.0,0.999755859375,0.993896484375,0.99853515625,0.998779296875,1.0,0.999755859375,1.0,0.9999788999557495,0.9998717308044434,0.9943461418151855,0.9973191022872925,0.999248743057251,0.9994917511940002,0.9998874664306641,0.9999418258666992
2280,train,1.5479764938354492,4.70194613286858,0.527099609375,,,,1.5728428363800049,0.24866393208503723,0.1,0.5,0.9986914396286011,0.9986572265625,7.9892578125,0.9986572265625,0.0013427734375,0.008712283335626125,0.00018816779472848982,0.7973409295082092,0.0008780857315286994,0.797340452671051,9342976,0.26532579120248556,15437.624745926429,,1.0,1.0,0.9931640625,0.99755859375,0.9990234375,1.0,0.999755859375,0.999755859375,0.9999783039093018,0.9998654127120972,0.9938656091690063,0.9971929788589478,0.9992642402648926,0.9995380640029907,0.9998882412910461,0.9999383091926575
2300,train,1.5264815092086792,4.601956362181411,0.541748046875,,,,1.5513720512390137,0.24890559911727905,0.1,0.5,0.9986211061477661,0.9989013671875,7.9912109375,0.9989013671875,0.0010986328125,0.009091565385460854,0.00018646053679266265,0.7787285447120667,0.0023090571630746126,0.7787251472473145,9424896,0.26035670889541507,15732.26216208378,,1.0,1.0,0.99462890625,0.998046875,0.9990234375,0.99951171875,1.0,1.0,0.9999793767929077,0.9998619556427002,0.9935369491577148,0.9969974160194397,0.9992204308509827,0.9995402693748474,0.9998940229415894,0.9999382495880127
2320,train,1.537861704826355,4.654626656495423,0.525146484375,,,,1.5627402067184448,0.24878492951393127,0.1,0.5,0.9985827207565308,0.998779296875,7.990234375,0.998779296875,0.001220703125,0.009299746714532375,0.0001847497502586481,0.788670539855957,0.005132189020514488,0.7886538505554199,9506816,0.2889856672845781,14173.71331418479,,1.0,1.0,0.99365234375,0.998046875,0.999267578125,0.999267578125,1.0,1.0,0.9999806880950928,0.9998515248298645,0.9934395551681519,0.996770441532135,0.9992464780807495,0.9995477199554443,0.9998886585235596,0.9999370574951172
2340,train,1.49258553981781,4.448582649961413,0.54541015625,,,,1.5174367427825928,0.24851199984550476,0.1,0.5,0.9986021518707275,0.998504638671875,7.988037109375,0.998504638671875,0.001495361328125,0.009192027151584625,0.00018303571641849022,0.7865834832191467,0.005866780411452055,0.7865616083145142,9588736,0.2762734591960907,14825.890304188724,,1.0,1.0,0.994873046875,0.994384765625,0.9990234375,0.999755859375,1.0,1.0,0.9999821186065674,0.9998505711555481,0.993622899055481,0.9967195391654968,0.9992271661758423,0.9995797872543335,0.9998974800109863,0.9999375343322754
2360,train,1.536637783050537,4.648933242429683,0.525390625,,,,1.5615345239639282,0.24896696209907532,0.1,0.5,0.9986587166786194,0.99896240234375,7.99169921875,0.99896240234375,0.00103759765625,0.008887529373168945,0.00018131871709816394,0.7747809290885925,0.0044171069748699665,0.7747683525085449,9670656,0.28921200009062886,14162.621186937118,,1.0,0.999755859375,0.994384765625,0.997802734375,1.0,1.0,0.999755859375,1.0,0.9999819993972778,0.9998490810394287,0.9939177632331848,0.9968644380569458,0.999210000038147,0.9996045827865601,0.9999017119407654,0.9999397993087769
2380,train,1.531954288482666,4.627210896793106,0.533935546875,,,,1.5567784309387207,0.24824181199073792,0.1,0.5,0.998590350151062,0.99822998046875,7.98583984375,0.99822998046875,0.00177001953125,0.00925966165959835,0.00017959903461123612,0.7953668832778931,0.004572450648993254,0.7953537106513977,9752576,0.2639575828798115,15517.644749251405,,1.0,0.999755859375,0.991455078125,0.995361328125,0.999755859375,0.999755859375,0.999755859375,1.0,0.999982476234436,0.999850869178772,0.993504524230957,0.996807873249054,0.999143123626709,0.9995964765548706,0.9998983144760132,0.99993896484375
2400,train,1.4804232120513916,4.394805221934359,0.547607421875,,,,1.5052443742752075,0.2482120394706726,0.1,0.5,0.9985018968582153,0.998199462890625,7.985595703125,0.998199462890625,0.001800537109375,0.009726489894092083,0.00017787695171244696,0.8056917786598206,0.0033657317981123924,0.8056847453117371,9834496,0.28368987469002604,14438.30169996549,,1.0,0.999755859375,0.990478515625,0.9970703125,0.999755859375,0.9990234375,1.0,0.99951171875,0.9999834299087524,0.9998517036437988,0.992956280708313,0.9967139959335327,0.9991345405578613,0.9995419383049011,0.9999006986618042,0.9999330043792725
2420,train,1.4769108295440674,4.3793960622229315,0.5478515625,,,,1.5017318725585938,0.24821016192436218,0.1,0.5,0.9984694123268127,0.998199462890625,7.985595703125,0.998199462890625,0.001800537109375,0.009876104071736336,0.0001761527515512188,0.825002908706665,0.0036302467342466116,0.8249949216842651,9916416,0.32755012484267354,12504.95630849587,,1.0,0.999755859375,0.99169921875,0.99609375,0.999267578125,0.999267578125,0.99951171875,1.0,0.9999843239784241,0.9998482465744019,0.9927739500999451,0.9965762495994568,0.999194860458374,0.9995384216308594,0.9999105334281921,0.9999291300773621
2440,train,1.4522008895874023,4.272507492176237,0.558349609375,,,,1.4770731925964355,0.2487228810787201,0.1,0.5,0.9983680248260498,0.99871826171875,7.98974609375,0.99871826171875,0.00128173828125,0.010379156097769737,0.00017442671762509987,0.7084949016571045,0.003846290986984968,0.7084844708442688,9998336,0.6101971250027418,6712.5848880090925,,1.0,0.999755859375,0.9951171875,0.996826171875,0.998291015625,0.999755859375,1.0,1.0,0.9999850988388062,0.9998466372489929,0.9919702410697937,0.9966028332710266,0.9991871118545532,0.9995120763778687,0.9999113082885742,0.9999290108680725
2460,train,1.5290974378585815,4.614010511197761,0.53173828125,,,,1.5539395809173584,0.24842199683189392,0.1,0.5,0.9983605146408081,0.9984130859375,7.9873046875,0.9984130859375,0.0015869140625,0.01037981640547514,0.0001726991337331508,0.8252460956573486,0.00459202378988266,0.8252333402633667,10080256,0.2602335843257606,15739.705582630042,,1.0,0.999755859375,0.992431640625,0.996337890625,0.999267578125,0.999755859375,1.0,0.999755859375,0.9999855756759644,0.999849796295166,0.9918349981307983,0.9965859651565552,0.9992403984069824,0.9995427131652832,0.9999117851257324,0.9999325275421143
2480,train,1.579759955406189,4.853790545205255,0.517333984375,,,,1.6045929193496704,0.2483292520046234,0.1,0.5,0.9983242750167847,0.998321533203125,7.986572265625,0.998321533203125,0.001678466796875,0.010603731498122215,0.00017097028392928167,0.8457845449447632,0.004318905062973499,0.8457735180854797,10162176,0.26791087491437793,15288.666431734237,,0.999755859375,0.999755859375,0.99365234375,0.99560546875,0.998779296875,0.999267578125,0.999755859375,1.0,0.9999858140945435,0.9998537302017212,0.9918860197067261,0.9963175058364868,0.9991997480392456,0.9995002746582031,0.9999146461486816,0.9999367594718933
2499,validation,,,,1.628891031742096,5.0982178207213495,0.5134619140625,,0.25,,0.5,0.9983168530464173,1.0,8.0,1.0,0.0,0.010637146271765232,,,,,,,,4.021619415841997,1.0,1.0,1.0,1.0,1.0,1.0,1.0,1.0,0.9999850392341614,0.9998597502708435,0.9918962121009827,0.9962378740310669,0.9992062449455261,0.9994990825653076,0.9999160170555115,0.9999338388442993
2500,train,1.525201678276062,4.596070403398013,0.534423828125,,,,1.5500438213348389,0.24842187762260437,0.1,0.5,0.998345136642456,0.9984130859375,7.9873046875,0.9984130859375,0.0015869140625,0.010490532964468002,0.0001692404524755473,0.8153005242347717,0.00544304633513093,0.81528240442276,10244096,0.21119858277961612,19394.069534425525,,1.0,1.0,0.992919921875,0.99560546875,0.9990234375,1.0,1.0,0.999755859375,0.9999857544898987,0.9998605251312256,0.9920531511306763,0.9962870478630066,0.9992142915725708,0.9995067119598389,0.9999181032180786,0.9999353885650635
2520,train,1.4883215427398682,4.4296542904548994,0.536376953125,,,,1.5131757259368896,0.2485421895980835,0.1,0.5,0.9983009099960327,0.99853515625,7.98828125,0.99853515625,0.00146484375,0.010712259449064732,0.0001675099237954079,0.7637626528739929,0.0021503325551748276,0.7637596726417542,10326016,0.2586640417575836,15835.212239661494,,1.0,1.0,0.993408203125,0.99658203125,0.99951171875,0.9990234375,1.0,0.999755859375,0.9999861717224121,0.9998573064804077,0.9917446374893188,0.9962779879570007,0.9991925358772278,0.9994958639144897,0.9999203681945801,0.9999322891235352
2540,train,1.5273053646087646,4.605749270971013,0.521240234375,,,,1.5520662069320679,0.24760866165161133,0.1,0.5,0.998225212097168,0.997589111328125,7.980712890625,0.997589111328125,0.002410888671875,0.011061543598771095,0.00016577898242696335,0.7692052125930786,0.0035799380857497454,0.7691968679428101,10407936,0.27212441666051745,15051.938559081489,,1.0,0.999755859375,0.988525390625,0.995849609375,0.997314453125,0.99951171875,0.999755859375,1.0,0.9999860525131226,0.9998525977134705,0.991097092628479,0.9963095188140869,0.9991960525512695,0.9995006322860718,0.999924898147583,0.9999340772628784
2560,train,1.4542200565338135,4.281143113529354,0.541748046875,,,,1.4790621995925903,0.2484218031167984,0.1,0.5,0.9981832504272461,0.9984130859375,7.9873046875,0.9984130859375,0.0015869140625,0.011248400434851646,0.00016404791297616904,0.8556241989135742,0.00288181658834219,0.8556193113327026,10489856,0.2625220837071538,15602.496910580414,,1.0,0.999755859375,0.99267578125,0.99609375,0.999267578125,0.99951171875,1.0,1.0,0.9999855756759644,0.9998384118080139,0.9906710982322693,0.9964189529418945,0.9991825819015503,0.9995050430297852,0.9999266862869263,0.9999372959136963
2580,train,1.4447944164276123,4.240980177337334,0.55322265625,,,,1.4695732593536377,0.2477884292602539,0.1,0.5,0.998056948184967,0.997772216796875,7.982177734375,0.997772216796875,0.002227783203125,0.011874720454216003,0.00016231700007004,0.739368736743927,0.0029734899289906025,0.7393627762794495,10571776,0.2638122080825269,15526.195810918161,,1.0,0.999755859375,0.989990234375,0.994873046875,0.998291015625,0.99951171875,1.0,0.999755859375,0.9999849796295166,0.9998315572738647,0.9898937940597534,0.996248722076416,0.9991472363471985,0.9994909763336182,0.9999238848686218,0.9999346733093262
2600,train,1.4886720180511475,4.43120704700673,0.5390625,,,,1.513505220413208,0.24833226203918457,0.1,0.5,0.9980542659759521,0.998321533203125,7.986572265625,0.998321533203125,0.001678466796875,0.011853091418743134,0.00016058652830985143,0.7737476229667664,0.0019980603829026222,0.773745059967041,10653696,0.26740933395922184,15317.341168893578,,1.0,1.0,0.991455078125,0.99658203125,0.999267578125,0.999267578125,1.0,1.0,0.999984622001648,0.9998458623886108,0.9898508787155151,0.9961521029472351,0.9991879463195801,0.9995553493499756,0.9999231100082397,0.9999337196350098
2620,train,1.4573389291763306,4.294516297453097,0.5439453125,,,,1.4821722507476807,0.24833273887634277,0.1,0.5,0.998045027256012,0.998321533203125,7.986572265625,0.998321533203125,0.001678466796875,0.011863654479384422,0.00015885678222434468,0.7973114848136902,0.001836284063756466,0.7973093390464783,10735616,0.28374404180794954,14435.545408817265,,1.0,1.0,0.9912109375,0.99658203125,0.999267578125,0.99951171875,1.0,1.0,0.9999849796295166,0.9998506307601929,0.989621102809906,0.996284008026123,0.9992024898529053,0.9995603561401367,0.9999234080314636,0.999933123588562
2640,train,1.4725642204284668,4.360401849491961,0.5517578125,,,,1.4973677396774292,0.2480352222919464,0.1,0.5,0.9980787038803101,0.998016357421875,7.984130859375,0.998016357421875,0.001983642578125,0.011675539426505566,0.00015712804622294328,0.7813330888748169,0.003376580076292157,0.7813258171081543,10817536,0.49531833408400416,8269.429411642439,,1.0,1.0,0.98828125,0.996337890625,0.999755859375,1.0,0.999755859375,1.0,0.99998539686203,0.9998566508293152,0.9898217916488647,0.9962734580039978,0.9992486238479614,0.9995840787887573,0.9999253749847412,0.9999340772628784
2660,train,1.403539776802063,4.069579905486575,0.569580078125,,,,1.4283699989318848,0.24830201268196106,0.1,0.5,0.9980641603469849,0.998291015625,7.986328125,0.998291015625,0.001708984375,0.011774287559092045,0.00015540060454899033,0.7398395538330078,0.0015002959407866001,0.7398380041122437,10899456,0.2686667498201132,15245.652849645488,,1.0,0.999755859375,0.9912109375,0.9970703125,0.99853515625,0.999755859375,1.0,1.0,0.9999862909317017,0.999850869178772,0.9899158477783203,0.9960962533950806,0.9992154836654663,0.9995901584625244,0.9999251365661621,0.9999327659606934
2680,train,1.4687702655792236,4.343890024116466,0.541748046875,,,,1.4935493469238281,0.24779117107391357,0.1,0.5,0.9979008436203003,0.997772216796875,7.982177734375,0.997772216796875,0.002227783203125,0.012558484449982643,0.0001536747412330121,0.7837874889373779,0.0011718192836269736,0.7837865948677063,10981376,0.26224691700190306,15618.868076036433,,1.0,1.0,0.98876953125,0.9951171875,0.998779296875,0.99951171875,1.0,1.0,0.9999865889549255,0.9998487234115601,0.9888758659362793,0.9958772659301758,0.9991879463195801,0.9995763301849365,0.999923825263977,0.9999303221702576
2700,train,1.4305243492126465,4.1808908641049936,0.566650390625,,,,1.4553186893463135,0.2479437291622162,0.1,0.5,0.9979959726333618,0.9979248046875,7.9833984375,0.9979248046875,0.0020751953125,0.012048272415995598,0.0001519507400460171,0.7577484250068665,0.005042927339673042,0.7577316164970398,11063296,0.2600497920066118,15750.829748388564,,1.0,0.999755859375,0.98828125,0.996337890625,0.999267578125,0.999755859375,1.0,1.0,0.9999864101409912,0.9998522996902466,0.9892880916595459,0.9961249232292175,0.9992548227310181,0.9995946288108826,0.9999313354492188,0.9999349117279053
2720,train,1.4604181051254272,4.307760248512823,0.5556640625,,,,1.485221266746521,0.24803176522254944,0.1,0.5,0.9979167580604553,0.998016357421875,7.984130859375,0.998016357421875,0.001983642578125,0.012446310371160507,0.00015022888445283768,0.8034286499023438,0.0028201367240399122,0.8034237027168274,11145216,0.27857291605323553,14703.51123157016,,1.0,1.0,0.989501953125,0.996826171875,0.998291015625,0.999755859375,1.0,0.999755859375,0.9999868869781494,0.9998548030853271,0.9888666272163391,0.9959791302680969,0.9992142915725708,0.9995696544647217,0.9999279379844666,0.9999352693557739
2740,train,1.4314868450164795,4.184916891224274,0.552734375,,,,1.4563114643096924,0.24824613332748413,0.1,0.5,0.9978659152984619,0.99822998046875,7.98583984375,0.99822998046875,0.00177001953125,0.012694917619228363,0.0001485094575655219,0.7818514704704285,0.002133216941729188,0.7818486094474792,11227136,0.27052812511101365,15140.754767435621,,1.0,1.0,0.989013671875,0.9970703125,1.0,1.0,0.999755859375,1.0,0.9999873638153076,0.9998563528060913,0.9885824918746948,0.9958914518356323,0.999199390411377,0.999549150466919,0.9999264478683472,0.9999341368675232
2749,validation,,,,1.6035526609420776,4.9706601633834495,0.5233740234375,,0.25,,0.5,0.9979149401187897,1.0,8.0,1.0,0.0,0.012446872629225255,,,,,,,,4.396895040757954,1.0,1.0,1.0,1.0,1.0,1.0,1.0,1.0,0.9999875426292419,0.9998553395271301,0.988902747631073,0.9959196448326111,0.9992320537567139,0.9995598793029785,0.9999281167984009,0.9999345541000366
2760,train,1.464168906211853,4.323948140135462,0.540771484375,,,,1.4890021085739136,0.2483324110507965,0.1,0.5,0.9978406429290771,0.998321533203125,7.986572265625,0.998321533203125,0.001678466796875,0.012820892967283726,0.00014679274209678368,0.8718002438545227,0.004181880038231611,0.8717902302742004,11309056,0.3226431659422815,12695.139498887587,,1.0,1.0,0.991455078125,0.996337890625,0.99951171875,0.99951171875,1.0,0.999755859375,0.9999871253967285,0.9998551607131958,0.9885528087615967,0.9956967830657959,0.9992148280143738,0.9995527267456055,0.9999287724494934,0.9999368190765381
2780,train,1.470414161682129,4.351036800668171,0.54541015625,,,,1.4951362609863281,0.24722039699554443,0.1,0.5,0.9977438449859619,0.9971923828125,7.9775390625,0.9971923828125,0.0028076171875,0.013274593278765678,0.00014507902031351823,0.7929223775863647,0.007410702295601368,0.7928877472877502,11390976,0.2675072499550879,15311.734544344807,,0.999755859375,1.0,0.986328125,0.994140625,0.99853515625,0.999267578125,0.99951171875,1.0,0.9999874830245972,0.9998474717140198,0.988086462020874,0.9953758716583252,0.9992217421531677,0.9995666742324829,0.9999299049377441,0.9999349117279053
2800,train,1.4935736656188965,4.4529805817532,0.539306640625,,,,1.5183649063110352,0.2479124665260315,0.1,0.5,0.9976697564125061,0.997894287109375,7.983154296875,0.997894287109375,0.002105712890625,0.013651298359036446,0.0001433685739903912,0.7819004058837891,0.004335635341703892,0.7818884253501892,11472896,0.28116333298385143,14568.044689651097,,1.0,1.0,0.98876953125,0.995849609375,0.99853515625,1.0,1.0,1.0,0.9999797344207764,0.9998494386672974,0.9877790212631226,0.9951711297035217,0.9991538524627686,0.9995623826980591,0.9999282360076904,0.9999345541000366
2820,train,1.3872206211090088,4.003706756401525,0.57373046875,,,,1.41200590133667,0.24785244464874268,0.1,0.5,0.9976920485496521,0.997833251953125,7.982666015625,0.997833251953125,0.002166748046875,0.013543634675443172,0.00014166168436350834,0.7949401140213013,0.002358496654778719,0.7949365973472595,11554816,0.26887624990195036,15233.773907117738,,1.0,0.999755859375,0.988037109375,0.9970703125,0.9990234375,0.999267578125,1.0,0.99951171875,0.9999868273735046,0.9998438358306885,0.9878358244895935,0.995319664478302,0.999108612537384,0.9995784163475037,0.999927818775177,0.9999352693557739
2840,train,1.4437748193740845,4.236658290110603,0.551513671875,,,,1.468536615371704,0.24761798977851868,0.1,0.5,0.9976556301116943,0.997589111328125,7.980712890625,0.997589111328125,0.002410888671875,0.013642733916640282,0.00013995863208417401,0.8000393509864807,0.004645077977329493,0.8000258207321167,11636736,0.2729179998859763,15008.170958717588,,1.0,0.99951171875,0.985107421875,0.9970703125,0.99951171875,0.99951171875,1.0,1.0,0.9999862313270569,0.9998400211334229,0.9872269034385681,0.9955809116363525,0.9991405010223389,0.999605119228363,0.9999288320541382,0.9999366998672485
2860,train,1.4226610660552979,4.148144252062112,0.55810546875,,,,1.447407603263855,0.24746575951576233,0.1,0.5,0.9976574182510376,0.9974365234375,7.9794921875,0.9974365234375,0.0025634765625,0.013595644384622574,0.00013825969717274586,0.7816920280456543,0.003546719904989004,0.7816839218139648,11718656,0.3060825830325484,13382.0093891603,,1.0,1.0,0.985107421875,0.9970703125,0.998291015625,0.999267578125,1.0,0.999755859375,0.9999861717224121,0.9998424053192139,0.9870511293411255,0.9957491159439087,0.9991450905799866,0.9996192455291748,0.9999294281005859,0.9999369978904724
2880,train,1.3937549591064453,4.029953990348494,0.56689453125,,,,1.418501377105713,0.24746420979499817,0.1,0.5,0.9976238012313843,0.9974365234375,7.9794921875,0.9974365234375,0.0025634765625,0.01375805027782917,0.0001365651589725928,0.845124363899231,0.002676025964319706,0.8451201319694519,11800576,0.2742949998937547,14932.827800676434,,1.0,1.0,0.986083984375,0.994873046875,0.998779296875,0.999755859375,1.0,1.0,0.9999773502349854,0.9998401999473572,0.9869115352630615,0.9956505298614502,0.999117374420166,0.9996244311332703,0.9999321103096008,0.9999372363090515
2900,train,1.4014499187469482,4.061083941911298,0.560546875,,,,1.4262473583221436,0.2479749619960785,0.1,0.5,0.9975798726081848,0.997955322265625,7.983642578125,0.997955322265625,0.002044677734375,0.013986939564347267,0.00013487529610416507,0.7680596113204956,0.006432084832340479,0.7680326700210571,11882496,0.2728590830229223,15011.411585136435,,1.0,1.0,0.988037109375,0.996337890625,0.999267578125,1.0,1.0,1.0,0.9999858736991882,0.9998277425765991,0.9867506623268127,0.9955153465270996,0.9990644454956055,0.9996318221092224,0.9999293088912964,0.9999337196350098
2920,train,1.4307506084442139,4.181836936283919,0.55810546875,,,,1.455512285232544,0.24761617183685303,0.1,0.5,0.9975710511207581,0.997589111328125,7.980712890625,0.997589111328125,0.002410888671875,0.01398856844753027,0.00013319038641918237,0.9055882096290588,0.0022255112417042255,0.9055854678153992,11964416,0.2909977501258254,14075.710201295089,,1.0,1.0,0.98583984375,0.99609375,0.99951171875,0.999267578125,1.0,1.0,0.9999863505363464,0.9998224973678589,0.986552357673645,0.9955820441246033,0.9991022944450378,0.9996563196182251,0.9999299049377441,0.9999372363090515
2940,train,1.436409592628479,4.205568971640838,0.552001953125,,,,1.4611619710922241,0.24752327799797058,0.1,0.5,0.9975675940513611,0.99749755859375,7.97998046875,0.99749755859375,0.00250244140625,0.014012123458087444,0.00013151070695494892,0.8022099733352661,0.0035246219485998154,0.8022022843360901,12046336,0.2755908747203648,14862.61112294124,,1.0,0.999755859375,0.986572265625,0.9951171875,0.998779296875,0.999755859375,1.0,1.0,0.9999870657920837,0.9998219609260559,0.9865624308586121,0.9955821633338928,0.9990741014480591,0.9996474981307983,0.9999274015426636,0.9999381303787231
2960,train,1.4957165718078613,4.462533132856139,0.535400390625,,,,1.5205320119857788,0.24815413355827332,0.1,0.5,0.9975464344024658,0.998138427734375,7.985107421875,0.998138427734375,0.001861572265625,0.014114435762166977,0.0001298365338888022,0.8351824283599854,0.004637264180928469,0.8351695537567139,12128256,0.2901194579899311,14118.322253801245,,1.0,1.0,0.989501953125,0.99609375,0.99951171875,1.0,1.0,1.0,0.9999876618385315,0.9998166561126709,0.9864698648452759,0.9955179691314697,0.9990653395652771,0.9996508359909058,0.9999265074729919,0.999936580657959
2980,train,1.4240963459014893,4.154102274598219,0.560791015625,,,,1.4488071203231812,0.24710795283317566,0.1,0.5,0.9973416924476624,0.9970703125,7.9765625,0.9970703125,0.0029296875,0.014997139573097229,0.00012816814249270328,0.77120441198349,0.0024548443034291267,0.7712005376815796,12210176,0.279701457824558,14644.185382005428,,1.0,0.99951171875,0.9833984375,0.9951171875,0.998779296875,0.999755859375,1.0,1.0,0.9999831914901733,0.9998114705085754,0.9850056171417236,0.995360791683197,0.9990724325180054,0.9996366500854492,0.9999278783798218,0.9999350905418396
2999,validation,,,,1.5887975406646728,4.897855913415115,0.527861328125,,0.25,,0.5,0.9971621572971344,1.0,8.0,1.0,0.0,0.015735552590340377,,,,,,,,6.131681582890451,1.0,1.0,1.0,1.0,1.0,1.0,1.0,1.0,0.9999882578849792,0.9998133182525635,0.9835741519927979,0.9953749179840088,0.9990803003311157,0.9996052384376526,0.999925434589386,0.9999353289604187
3000,train,1.4120495319366455,4.1043588040596255,0.559814453125,,,,1.4367812871932983,0.24731802940368652,0.1,0.5,0.997200608253479,0.997283935546875,7.978271484375,0.997283935546875,0.002716064453125,0.015565440058708191,0.00012650580708797562,0.7745768427848816,0.0016389975789934397,0.7745751142501831,12292096,0.2266432917676866,18072.45194884688,,1.0,0.999755859375,0.984130859375,0.99560546875,0.998779296875,1.0,1.0,1.0,0.9999878406524658,0.9998140335083008,0.9838213324546814,0.9954177141189575,0.9990882873535156,0.9996113777160645,0.9999269843101501,0.9999368786811829
3020,train,1.4312071800231934,4.183746680111155,0.557861328125,,,,1.455948829650879,0.2474159598350525,0.1,0.5,0.9971396923065186,0.99737548828125,7.97900390625,0.99737548828125,0.00262451171875,0.01579776406288147,0.0001248498010002006,0.7968961596488953,0.004017820581793785,0.7968859672546387,12374016,0.2761620827950537,14831.869598259571,,1.0,1.0,0.982177734375,0.99755859375,0.999755859375,1.0,0.999755859375,0.999755859375,0.9999876022338867,0.9998098611831665,0.9833126664161682,0.9954062104225159,0.9991163611412048,0.9996188879013062,0.9999291896820068,0.9999371767044067
3040,train,1.3553141355514526,3.877978976375777,0.585693359375,,,,1.380045771598816,0.24731692671775818,0.1,0.5,0.9971808791160583,0.997283935546875,7.978271484375,0.997283935546875,0.002716064453125,0.01563492976129055,0.00012320039651427672,0.789567232131958,0.0013730666832998395,0.7895660400390625,12455936,0.2806578343734145,14594.2834952196,,1.0,1.0,0.984619140625,0.994873046875,0.9990234375,0.999755859375,1.0,1.0,0.9999867677688599,0.9998049736022949,0.9837278723716736,0.9953150153160095,0.999113917350769,0.9996293783187866,0.9999315142631531,0.9999375939369202
3060,train,1.4849703311920166,4.414834427960584,0.540283203125,,,,1.5096726417541504,0.24702343344688416,0.1,0.5,0.9969857931137085,0.996978759765625,7.975830078125,0.996978759765625,0.003021240234375,0.01648486591875553,0.0001215578648296493,0.854668915271759,0.004105975851416588,0.8546590805053711,12537856,0.29664958314970136,13807.53667849583,,1.0,1.0,0.981689453125,0.995361328125,0.99951171875,0.99951171875,0.999755859375,1.0,0.9999856948852539,0.9997997283935547,0.9825559258460999,0.9950034618377686,0.999053955078125,0.9996187686920166,0.9999323487281799,0.9999369382858276
3080,train,1.4526034593582153,4.274227820791073,0.546875,,,,1.4773801565170288,0.24776697158813477,0.1,0.5,0.9969790577888489,0.99774169921875,7.98193359375,0.99774169921875,0.00225830078125,0.016481313854455948,0.00011992247601571996,0.8599106669425964,0.002522980095818639,0.8599069714546204,12619776,0.2812571250833571,14563.186617178339,,1.0,1.0,0.986328125,0.99609375,0.999755859375,0.999755859375,1.0,1.0,0.99998539686203,0.9998003244400024,0.982317328453064,0.9951809644699097,0.999075174331665,0.9996046423912048,0.9999330043792725,0.9999354481697083
3100,train,1.4283370971679688,4.171756195566866,0.549072265625,,,,1.4530836343765259,0.24746501445770264,0.1,0.5,0.9969223141670227,0.9974365234375,7.9794921875,0.9974365234375,0.0025634765625,0.01666635274887085,0.0001182944989674402,0.7925846576690674,0.004032948985695839,0.7925743460655212,12701696,0.27793475007638335,14737.271963560936,,1.0,0.99951171875,0.985595703125,0.99560546875,0.9990234375,0.999755859375,1.0,1.0,0.9999854564666748,0.9998067021369934,0.9817520380020142,0.9952539205551147,0.9990960359573364,0.9996125102043152,0.9999353289604187,0.9999370574951172
3120,train,1.4425666332244873,4.23154270915322,0.5595703125,,,,1.4672273397445679,0.24660736322402954,0.1,0.5,0.9968520998954773,0.996551513671875,7.972412109375,0.996551513671875,0.003448486328125,0.01698479801416397,0.00011667420136109982,0.8666905164718628,0.008482713252305984,0.8666490316390991,12783616,0.2772435420192778,14774.014103871135,,1.0,0.998779296875,0.9794921875,0.9951171875,0.9990234375,1.0,1.0,1.0,0.9999842047691345,0.9998112916946411,0.981393575668335,0.9950556755065918,0.999096155166626,0.9996066689491272,0.9999339580535889,0.9999355673789978
3140,train,1.3822280168533325,3.983767648465597,0.578125,,,,1.4069187641143799,0.24690738320350647,0.1,0.5,0.9969081878662109,0.996856689453125,7.974853515625,0.996856689453125,0.003143310546875,0.01679854840040207,0.00011506184961031415,0.8577697277069092,0.0017668693326413631,0.8577678799629211,12865536,0.3281362089328468,12482.621205751324,,1.0,1.0,0.98046875,0.9951171875,0.99951171875,1.0,1.0,0.999755859375,0.9999844431877136,0.9998133182525635,0.9820654392242432,0.9948287010192871,0.9990994930267334,0.9996032118797302,0.9999328255653381,0.9999377727508545
3160,train,1.4070146083831787,4.083745607725196,0.569091796875,,,,1.4317405223846436,0.24725869297981262,0.1,0.5,0.9970081448554993,0.997222900390625,7.977783203125,0.997222900390625,0.002777099609375,0.016411548480391502,0.00011345770882222015,0.8484727144241333,0.0031441792380064726,0.8484668731689453,12947456,0.28185887495055795,14532.09518670823,,1.0,1.0,0.984130859375,0.994140625,0.999755859375,0.999755859375,1.0,1.0,0.9999850988388062,0.9998109340667725,0.9829428195953369,0.9947757720947266,0.9990760087966919,0.9996022582054138,0.9999336004257202,0.9999386668205261
3180,train,1.4597523212432861,4.304893165705903,0.542724609375,,,,1.4843891859054565,0.24636852741241455,0.1,0.5,0.9968506097793579,0.996307373046875,7.970458984375,0.996307373046875,0.003692626953125,0.017072143033146858,0.00011186204275388654,0.8321208357810974,0.006311070639640093,0.8320968747138977,13029376,0.2873835829086602,14252.727864771043,,1.0,1.0,0.97900390625,0.9931640625,0.998779296875,0.99951171875,1.0,1.0,0.9999852180480957,0.9998078346252441,0.9819347858428955,0.9945352077484131,0.9990604519844055,0.999610185623169,0.9999312162399292,0.9999401569366455
3200,train,1.4960414171218872,4.46398300131177,0.548828125,,,,1.5207228660583496,0.24681462347507477,0.1,0.5,0.9966248273849487,0.99676513671875,7.97412109375,0.99676513671875,0.00323486328125,0.01804635114967823,0.00011027511376894614,0.8439823985099792,0.004969636909663677,0.8439677357673645,13111296,0.27663270803168416,14806.63667410892,,1.0,1.0,0.980712890625,0.995361328125,0.99853515625,0.99951171875,1.0,1.0,0.9999860525131226,0.9998136162757874,0.9806006550788879,0.9941548109054565,0.9989690184593201,0.9996060132980347,0.9999285936355591,0.9999399185180664
3220,train,1.4100605249404907,4.096203319030704,0.5634765625,,,,1.4347331523895264,0.24672657251358032,0.1,0.5,0.9965453743934631,0.996673583984375,7.973388671875,0.996673583984375,0.003326416015625,0.01838497444987297,0.00010869718279445753,0.8515989780426025,0.0022961522918194532,0.8515958786010742,13193216,0.33520849980413914,12219.260556916888,,1.0,1.0,0.97998046875,0.995361328125,0.998779296875,0.999755859375,0.999755859375,0.999755859375,0.9999861121177673,0.9998100996017456,0.9802166819572449,0.9939037561416626,0.9989705085754395,0.9996112585067749,0.9999263882637024,0.9999380111694336
3240,train,1.4360805749893188,4.204185492873404,0.56787109375,,,,1.4607586860656738,0.24678170680999756,0.1,0.5,0.9964759945869446,0.996734619140625,7.973876953125,0.996734619140625,0.003265380859375,0.018646106123924255,0.00010712850927800251,0.8361199498176575,0.0030735591426491737,0.8361142873764038,13275136,0.2729953327216208,15003.919514539024,,1.0,0.999755859375,0.981689453125,0.99365234375,0.9990234375,0.999755859375,1.0,1.0,0.9999858736991882,0.9998127222061157,0.9797477722167969,0.9937789440155029,0.9989939332008362,0.999620795249939,0.999927282333374,0.9999405145645142
3249,validation,,,,1.5689860773086548,4.801777093978811,0.5315185546875,,0.25,,0.5,0.9963034260272979,1.0,8.0,1.0,0.0,0.019335678890347482,,,,,,,,4.351921333000064,1.0,1.0,1.0,1.0,1.0,1.0,1.0,1.0,0.999985933303833,0.9998154640197754,0.9785262942314148,0.993668794631958,0.9989587664604187,0.9996053576469421,0.9999260902404785,0.9999403357505798
3260,train,1.4694708585739136,4.346934389343019,0.541259765625,,,,1.4941034317016602,0.2463260293006897,0.1,0.5,0.9963902235031128,0.996246337890625,7.969970703125,0.996246337890625,0.003753662109375,0.018939785659313202,0.00010556935114502734,0.809226393699646,0.009893425740301609,0.809165894985199,13357056,0.30612570932134986,13380.124162326721,,0.999755859375,0.999755859375,0.97509765625,0.995849609375,0.999755859375,0.999755859375,1.0,1.0,0.9999374151229858,0.999752938747406,0.9791015386581421,0.9938649535179138,0.9989848732948303,0.9996094703674316,0.9999271631240845,0.9999437928199768
3280,train,1.383838415145874,3.9901882695756106,0.56494140625,,,,1.4084391593933105,0.24600747227668762,0.1,0.5,0.9964088201522827,0.995941162109375,7.967529296875,0.995941162109375,0.004058837890625,0.018979983404278755,0.00010401996475643345,0.7824300527572632,0.0024387456942349672,0.7824262380599976,13438976,0.27821929194033146,14722.199785047444,,1.0,0.999755859375,0.978759765625,0.9912109375,0.9990234375,0.9990234375,0.999755859375,1.0,0.9999854564666748,0.9998149275779724,0.9796798229217529,0.9933545589447021,0.9989635348320007,0.9996045827865601,0.9999236464500427,0.9999434947967529
3300,train,1.3776949644088745,3.9657498893652807,0.570068359375,,,,1.4022870063781738,0.24591997265815735,0.1,0.5,0.996579110622406,0.995849609375,7.966796875,0.995849609375,0.004150390625,0.018250981345772743,0.00010248060486642674,0.9018176794052124,0.003737675491720438,0.9018099308013916,13520896,0.31006233394145966,13210.246945936144,,1.0,0.99951171875,0.978515625,0.989990234375,0.9990234375,0.999755859375,1.0,1.0,0.9999853372573853,0.9998159408569336,0.9808347225189209,0.9934487342834473,0.999039888381958,0.9996307492256165,0.999930202960968,0.9999469518661499
3320,train,1.4395322799682617,4.21872217460709,0.552734375,,,,1.4641718864440918,0.24639548361301422,0.1,0.5,0.9965248703956604,0.996337890625,7.970703125,0.996337890625,0.003662109375,0.01849307119846344,0.00010095152458062921,0.8531979918479919,0.0029059122316539288,0.8531930446624756,13602816,0.28200808400288224,14524.406328572259,,1.0,1.0,0.980224609375,0.99169921875,0.999267578125,0.99951171875,1.0,1.0,0.9999853372573853,0.999821126461029,0.9805570244789124,0.9933379888534546,0.9990016222000122,0.9996241331100464,0.9999260306358337,0.9999454617500305
3340,train,1.357803225517273,3.8876436380498944,0.584716796875,,,,1.3824844360351562,0.24681153893470764,0.1,0.5,0.9965052604675293,0.99676513671875,7.97412109375,0.99676513671875,0.00323486328125,0.018526487052440643,9.943297531446337e-05,0.8734172582626343,0.0015557267470285296,0.8734158277511597,13684736,0.2709555421024561,15116.871085999726,,1.0,1.0,0.981689453125,0.994140625,0.998779296875,0.999755859375,0.999755859375,1.0,0.9999852180480957,0.9998233318328857,0.9802098274230957,0.9934877157211304,0.9990257024765015,0.9996358752250671,0.9999274015426636,0.9999469518661499
3360,train,1.415278673171997,4.117633780169633,0.562255859375,,,,1.4399569034576416,0.2467828094959259,0.1,0.5,0.9964881539344788,0.996734619140625,7.973876953125,0.996734619140625,0.003265380859375,0.018607143312692642,9.792520675181373e-05,0.8126198053359985,0.0055114589631557465,0.8126010894775391,13766656,0.2999334577471018,13656.362417072089,,1.0,1.0,0.9814453125,0.99365234375,0.9990234375,0.999755859375,1.0,1.0,0.9999847412109375,0.9998234510421753,0.98015296459198,0.993431568145752,0.9990024566650391,0.9996352195739746,0.9999290108680725,0.9999462366104126
3380,train,1.4307425022125244,4.181803037482222,0.5537109375,,,,1.4554003477096558,0.24657902121543884,0.1,0.5,0.9963300228118896,0.99652099609375,7.97216796875,0.99652099609375,0.00347900390625,0.019271204248070717,9.642846680397283e-05,0.8559805154800415,0.004398415330797434,0.8559691905975342,13848576,0.26751199970021844,15311.462680515619,,1.0,0.999755859375,0.97900390625,0.995361328125,0.998779296875,0.99951171875,1.0,0.999755859375,0.9999840259552002,0.999823272228241,0.9792406558990479,0.9931241273880005,0.9989778995513916,0.9996190071105957,0.9999285936355591,0.9999420642852783
3400,train,1.4235572814941406,4.15186354938025,0.554931640625,,,,1.4482067823410034,0.24649447202682495,0.1,0.5,0.9963788986206055,0.996429443359375,7.971435546875,0.996429443359375,0.003570556640625,0.01910945400595665,9.494300156887937e-05,0.8066439628601074,0.007262327242642641,0.8066112995147705,13930496,0.2862572078593075,14308.810005626625,,1.0,1.0,0.97802734375,0.993896484375,0.99951171875,1.0,1.0,1.0,0.9999850988388062,0.9998226761817932,0.9797619581222534,0.993027925491333,0.9989417791366577,0.9996213912963867,0.9999265670776367,0.999943733215332
3420,train,1.4191254377365112,4.133503852530927,0.553955078125,,,,1.4438214302062988,0.2469601035118103,0.1,0.5,0.9962649941444397,0.996917724609375,7.975341796875,0.996917724609375,0.003082275390625,0.019564349204301834,9.346905529065394e-05,0.7799304127693176,0.005742425564676523,0.7799092531204224,14012416,0.2791012078523636,14675.679949642728,,1.0,1.0,0.982421875,0.99462890625,0.9990234375,0.99951171875,0.999755859375,1.0,0.9999843835830688,0.9998248815536499,0.9792076349258423,0.992621898651123,0.9989758729934692,0.9996339082717896,0.9999292492866516,0.9999421834945679
3440,train,1.390573263168335,4.0171522784834615,0.574951171875,,,,1.4152337312698364,0.24660441279411316,0.1,0.5,0.9962847232818604,0.996551513671875,7.972412109375,0.996551513671875,0.003448486328125,0.019477829337120056,9.200687031943982e-05,0.8321670889854431,0.0025007438380271196,0.8321632742881775,14094336,0.3151541668921709,12996.813719430957,,1.0,1.0,0.98046875,0.99365234375,0.999267578125,0.9990234375,1.0,1.0,0.9999843835830688,0.9998257160186768,0.9792255163192749,0.9927762746810913,0.9989616870880127,0.9996303915977478,0.9999293088912964,0.9999440908432007
3460,train,1.387677550315857,4.005536584973402,0.565673828125,,,,1.4123384952545166,0.24660947918891907,0.1,0.5,0.9963355660438538,0.996551513671875,7.972412109375,0.996551513671875,0.003448486328125,0.019242633134126663,9.055668707155493e-05,0.8178113698959351,0.004086914472281933,0.8178011178970337,14176256,0.2988032498396933,13708.016904760865,,1.0,0.99951171875,0.97900390625,0.995361328125,0.999267578125,0.999267578125,1.0,1.0,0.9999841451644897,0.9998260736465454,0.9794994592666626,0.9929082989692688,0.9989609718322754,0.9996302127838135,0.9999302625656128,0.9999452829360962
3480,train,1.4079605340957642,4.0876103552930765,0.564208984375,,,,1.4326094388961792,0.24648913741111755,0.1,0.5,0.9962462186813354,0.996429443359375,7.971435546875,0.996429443359375,0.003570556640625,0.019643522799015045,8.91187439899624e-05,0.8084466457366943,0.00567442225292325,0.8084267377853394,14258176,0.27851170767098665,14706.742615067064,,1.0,1.0,0.979248046875,0.9931640625,0.99951171875,0.999755859375,1.0,0.999755859375,0.999984085559845,0.9998304843902588,0.979143500328064,0.9925737977027893,0.9989351630210876,0.9996299743652344,0.9999281764030457,0.9999449253082275
3499,validation,,,,1.5617442846298217,4.767129227528372,0.5361083984375,,0.25,,0.5,0.9960532677173615,1.0,8.0,1.0,0.0,0.020407332107424736,,,,,,,,4.508962541818619,1.0,1.0,1.0,1.0,1.0,1.0,1.0,1.0,0.9999845623970032,0.9998316764831543,0.9778167009353638,0.9924293756484985,0.9988654851913452,0.9996299743652344,0.9999244213104248,0.9999442100524902
3500,train,1.4158698320388794,4.120068675523434,0.565185546875,,,,1.4405137300491333,0.2464386522769928,0.1,0.5,0.9961385726928711,0.996368408203125,7.970947265625,0.996368408203125,0.003631591796875,0.020066289231181145,8.769327750506457e-05,0.837284505367279,0.007142039015889168,0.8372540473937988,14340096,0.2194437081925571,18665.3790793849,,1.0,1.0,0.976806640625,0.9951171875,0.99951171875,0.999755859375,0.999755859375,1.0,0.9999842047691345,0.9998318552970886,0.9783678650856018,0.9925329089164734,0.9988809823989868,0.9996392726898193,0.9999268054962158,0.9999444484710693
3520,train,1.3926019668579102,4.025310162298996,0.5556640625,,,,1.4172146320343018,0.2461267113685608,0.1,0.5,0.9961727857589722,0.996063232421875,7.968505859375,0.996063232421875,0.003936767578125,0.019877666607499123,8.628052199582897e-05,0.8226455450057983,0.005064529366791248,0.8226299285888672,14422016,0.291637625079602,14044.827031086965,,1.0,0.999755859375,0.97900390625,0.991943359375,0.9990234375,0.9990234375,0.999755859375,1.0,0.9999843835830688,0.9998306035995483,0.9783968329429626,0.9927304983139038,0.9989081621170044,0.9996548891067505,0.9999290704727173,0.9999480247497559
3540,train,1.407824993133545,4.087056354198111,0.5615234375,,,,1.43242347240448,0.24598482251167297,0.1,0.5,0.9961948990821838,0.99591064453125,7.96728515625,0.99591064453125,0.00408935546875,0.019808776676654816,8.488070975125088e-05,0.819351077079773,0.005252968519926071,0.8193342685699463,14503936,0.29091945895925164,14079.498204256308,,1.0,0.999755859375,0.977294921875,0.9912109375,0.999267578125,1.0,0.999755859375,1.0,0.9999845623970032,0.9998257160186768,0.9786547422409058,0.9926892518997192,0.9988765716552734,0.9996531009674072,0.9999263286590576,0.999949038028717
3560,train,1.453316569328308,4.277276902300528,0.546875,,,,1.4779534339904785,0.2463681697845459,0.1,0.5,0.9962452054023743,0.996307373046875,7.970458984375,0.996307373046875,0.003692626953125,0.01957753673195839,8.349407093215969e-05,0.8034600615501404,0.003146957838907838,0.8034539222717285,14585856,0.2981367916800082,13738.659951758853,,1.0,1.0,0.97900390625,0.993408203125,0.99853515625,0.999755859375,0.999755859375,1.0,0.9999847412109375,0.9998210072517395,0.9788480997085571,0.9929003715515137,0.9988718628883362,0.9996583461761475,0.9999264478683472,0.9999507665634155
3580,train,1.362282633781433,3.905097042368376,0.57763671875,,,,1.386839747428894,0.24557086825370789,0.1,0.5,0.9960016012191772,0.9954833984375,7.9638671875,0.9954833984375,0.0045166015625,0.02057492546737194,8.212083353337553e-05,0.8279756307601929,0.004405245650559664,0.8279638886451721,14667776,0.2781805000267923,14724.252776903857,,0.999755859375,0.999755859375,0.975341796875,0.990478515625,0.9990234375,0.999755859375,0.999755859375,1.0,0.9999847412109375,0.9998185634613037,0.9773333668708801,0.9925448894500732,0.9988036751747131,0.9996532201766968,0.9999246001243591,0.99994957447052
3600,train,1.3717738389968872,3.94233756896284,0.577392578125,,,,1.396336555480957,0.24562734365463257,0.1,0.5,0.995927095413208,0.99554443359375,7.96435546875,0.99554443359375,0.00445556640625,0.020845837891101837,8.076122334622138e-05,0.8460403680801392,0.0031673458870500326,0.8460344672203064,14749696,0.3355432078242302,12207.071710852912,,1.0,0.999755859375,0.976318359375,0.989990234375,0.99853515625,0.999755859375,1.0,1.0,0.9999855756759644,0.9998198747634888,0.9767706394195557,0.9925302267074585,0.9987795352935791,0.999657392501831,0.9999247193336487,0.9999487400054932
3620,train,1.3697162866592407,3.934234342347227,0.580322265625,,,,1.3943506479263306,0.24634404480457306,0.1,0.5,0.995771050453186,0.99627685546875,7.97021484375,0.99627685546875,0.00372314453125,0.021414892747998238,7.94154639213982e-05,0.9003432989120483,0.0062783812172710896,0.9003214240074158,14831616,0.27995862485840917,14630.733388091106,,1.0,1.0,0.977783203125,0.993408203125,0.99951171875,0.99951171875,1.0,1.0,0.9999851584434509,0.9998188614845276,0.9755634069442749,0.9924631714820862,0.9988042116165161,0.9996562600135803,0.9999279975891113,0.9999493360519409
3640,train,1.4003584384918213,4.056653767138251,0.56640625,,,,1.4249931573867798,0.24634703993797302,0.1,0.5,0.9958741664886475,0.99627685546875,7.97021484375,0.99627685546875,0.00372314453125,0.021017204970121384,7.808377653222793e-05,0.8269695043563843,0.004419010132551193,0.8269577026367188,14913536,0.2620335416868329,15631.586603883325,,1.0,1.0,0.97705078125,0.994140625,0.999267578125,0.999755859375,1.0,1.0,0.9999849796295166,0.9998177289962769,0.9762511253356934,0.9925851821899414,0.998812735080719,0.999663233757019,0.9999290108680725,0.9999495148658752
3660,train,1.3910009860992432,4.018870874145105,0.56396484375,,,,1.415579080581665,0.24578046798706055,0.1,0.5,0.9958100318908691,0.995697021484375,7.965576171875,0.995697021484375,0.004302978515625,0.021276557818055153,7.67663801382712e-05,0.8239355683326721,0.0019472109852358699,0.8239332437515259,14995456,0.27792295813560486,14737.897248493842,,1.0,0.999755859375,0.975341796875,0.992431640625,0.99853515625,0.999755859375,0.999755859375,1.0,0.9999855756759644,0.9998202323913574,0.9759223461151123,0.9924309253692627,0.9987884163856506,0.999657154083252,0.9999259114265442,0.9999492168426514
3680,train,1.3885247707366943,4.008931595322578,0.5712890625,,,,1.413008451461792,0.2448362410068512,0.1,0.5,0.9957157969474792,0.99468994140625,7.95751953125,0.99468994140625,0.00531005859375,0.021607745438814163,7.546349134932549e-05,0.8565379977226257,0.009839549660682678,0.8564814925193787,15077376,0.2714608749374747,15088.730561792476,,1.0,0.999755859375,0.966552734375,0.992919921875,0.998779296875,0.999755859375,0.999755859375,1.0,0.9999863505363464,0.9998226761817932,0.9751402139663696,0.9924259781837463,0.9988110661506653,0.9996604919433594,0.9999281167984009,0.9999512434005737
3700,train,1.4227399826049805,4.148471622211362,0.5654296875,,,,1.4473475217819214,0.2460751235485077,0.1,0.5,0.995829701423645,0.996002197265625,7.968017578125,0.996002197265625,0.003997802734375,0.0211489275097847,7.417532438980949e-05,0.8059970736503601,0.0047042458318173885,0.8059833645820618,15159296,0.2928975000977516,13984.414338234368,,1.0,0.999755859375,0.976806640625,0.993408203125,0.9990234375,0.9990234375,1.0,1.0,0.9999861121177673,0.9998234510421753,0.9758853316307068,0.9925664663314819,0.9988340735435486,0.9996625781059265,0.9999280571937561,0.999951958656311
3720,train,1.4092662334442139,4.092951031370581,0.5634765625,,,,1.4338918924331665,0.24625623226165771,0.1,0.5,0.9958029389381409,0.996185302734375,7.969482421875,0.996185302734375,0.003814697265625,0.021275263279676437,7.290209106353981e-05,0.8682821393013,0.003935902379453182,0.8682731986045837,15241216,0.2905748342163861,14096.196633978905,,1.0,0.99951171875,0.97705078125,0.99365234375,0.99951171875,0.999755859375,1.0,1.0,0.9999864101409912,0.999821662902832,0.9758244752883911,0.9924456477165222,0.9988135695457458,0.9996553659439087,0.9999243021011353,0.9999521374702454
3740,train,1.4013895988464355,4.060838985119908,0.565673828125,,,,1.425932765007019,0.24543192982673645,0.1,0.5,0.9957419633865356,0.995330810546875,7.962646484375,0.995330810546875,0.004669189453125,0.021463945508003235,7.164400071890549e-05,0.8201970458030701,0.002939114347100258,0.8201918005943298,15323136,0.2879935000091791,14222.54321666791,,1.0,0.999755859375,0.97265625,0.992431640625,0.998046875,0.999755859375,1.0,1.0,0.9999858736991882,0.9998254776000977,0.9751980304718018,0.9925617575645447,0.9988261461257935,0.9996597170829773,0.9999255537986755,0.9999535083770752
3749,validation,,,,1.5482782888412476,4.703365370877712,0.540224609375,,0.25,,0.5,0.9956674468517304,1.0,8.0,1.0,0.0,0.021773211136460306,,,,,,,,4.2949821669608355,1.0,1.0,1.0,1.0,1.0,1.0,1.0,1.0,0.9999865889549255,0.999826967716217,0.974785566329956,0.9924559593200684,0.9987738728523254,0.9996402263641357,0.9999202489852905,0.9999504685401917
3760,train,1.3620638847351074,3.9042428995394194,0.57861328125,,,,1.3866418600082397,0.24578019976615906,0.1,0.5,0.9956757426261902,0.995697021484375,7.965576171875,0.995697021484375,0.004302978515625,0.021716676652431488,7.040126021444665e-05,0.8290751576423645,0.0022947117686271667,0.8290719985961914,15405056,0.30104016698896885,13606.157746218934,,1.0,1.0,0.975341796875,0.992919921875,0.997314453125,1.0,1.0,1.0,0.999985933303833,0.9998261332511902,0.9747098684310913,0.992548942565918,0.9988079071044922,0.9996511340141296,0.9999231100082397,0.9999528527259827
3780,train,1.301328182220459,3.6741734000925406,0.59375,,,,1.325888752937317,0.24560600519180298,0.1,0.5,0.9958142042160034,0.995513916015625,7.964111328125,0.995513916015625,0.004486083984375,0.021161461248993874,6.9174073884842e-05,0.8440265655517578,0.003613657085224986,0.8440188765525818,15486976,0.27497158385813236,14896.084688202809,,1.0,1.0,0.97412109375,0.991943359375,0.99853515625,1.0,0.999755859375,0.999755859375,0.9999862909317017,0.9998229146003723,0.9755942225456238,0.992730975151062,0.9988460540771484,0.9996546506881714,0.9999249577522278,0.9999533891677856
3800,train,1.3789401054382324,3.9706908827431247,0.571533203125,,,,1.4035454988479614,0.24605359137058258,0.1,0.5,0.995902419090271,0.9959716796875,7.9677734375,0.9959716796875,0.0040283203125,0.020841848105192184,6.796264350731174e-05,0.8508253693580627,0.0066385469399392605,0.8507995009422302,15568896,0.280757250264287,14589.11567250458,,0.999755859375,1.0,0.97509765625,0.994140625,0.999267578125,0.99951171875,1.0,1.0,0.9999864101409912,0.9998220801353455,0.9762969017028809,0.9927735328674316,0.998817503452301,0.9996494054794312,0.9999212622642517,0.9999517202377319
3820,train,1.4014191627502441,4.0609590411477,0.563720703125,,,,1.42603600025177,0.246168315410614,0.1,0.5,0.9958444833755493,0.99609375,7.96875,0.99609375,0.00390625,0.021069925278425217,6.676716826844083e-05,0.8291318416595459,0.0033140694722533226,0.8291252255439758,15650816,0.29629741702228785,13823.947711605917,,1.0,1.0,0.9765625,0.9931640625,0.99951171875,0.99951171875,1.0,1.0,0.9999871253967285,0.9998246431350708,0.9759987592697144,0.9925919771194458,0.9988367557525635,0.9996422529220581,0.9999212026596069,0.9999529123306274
3840,train,1.350358247756958,3.8588076923043446,0.578369140625,,,,1.3749343156814575,0.24576032161712646,0.1,0.5,0.9957035779953003,0.99566650390625,7.96533203125,0.99566650390625,0.00433349609375,0.021624187007546425,6.558784473142812e-05,0.8271049857139587,0.006112057715654373,0.8270824551582336,15732736,0.28376087499782443,14434.689067093565,,1.0,1.0,0.973388671875,0.99365234375,0.99853515625,1.0,0.999755859375,1.0,0.9999867677688599,0.9998229742050171,0.9750679731369019,0.9924331903457642,0.9988095760345459,0.999635636806488,0.9999194145202637,0.9999527335166931
3860,train,1.352994680404663,3.8689946015350114,0.5849609375,,,,1.377593755722046,0.24599114060401917,0.1,0.5,0.9956164956092834,0.99591064453125,7.96728515625,0.99591064453125,0.00408935546875,0.02195008471608162,6.442486680376695e-05,0.8689917922019958,0.003608682658523321,0.8689843416213989,15814656,0.2784439171664417,14710.32314759309,,1.0,1.0,0.9755859375,0.9931640625,0.9990234375,0.99951171875,1.0,1.0,0.9999871253967285,0.9998220205307007,0.974462628364563,0.9923427104949951,0.9988086223602295,0.9996371269226074,0.9999195337295532,0.9999523758888245
3880,train,1.3710365295410156,3.9394319175087844,0.575927734375,,,,1.3955976963043213,0.24561211466789246,0.1,0.5,0.9952284097671509,0.995513916015625,7.964111328125,0.995513916015625,0.004486083984375,0.023427153006196022,6.327842570536232e-05,0.8442277908325195,0.004290832206606865,0.8442168831825256,15896576,0.2839159579016268,14426.80443280758,,1.0,0.999755859375,0.972900390625,0.992919921875,0.9990234375,0.999755859375,0.999755859375,1.0,0.9999878406524658,0.9998158812522888,0.972011923789978,0.9917080402374268,0.9987886548042297,0.9996422529220581,0.9999197721481323,0.9999528527259827
3900,train,1.3392605781555176,3.816220664936992,0.580322265625,,,,1.3637651205062866,0.24504554271697998,0.1,0.5,0.9953827857971191,0.99493408203125,7.95947265625,0.99493408203125,0.00506591796875,0.022821396589279175,6.214870993709013e-05,0.8850851655006409,0.0043548340909183025,0.8850744366645813,15978496,0.2602208750322461,15740.474316260872,,1.0,0.9990234375,0.971435546875,0.99169921875,0.99755859375,0.999755859375,1.0,1.0,0.9999873638153076,0.9998137354850769,0.9730742573738098,0.9918100833892822,0.9988433718681335,0.9996592402458191,0.9999207258224487,0.9999539256095886
3920,train,1.4086642265319824,4.090487788077408,0.568603515625,,,,1.433156132698059,0.24491867423057556,0.1,0.5,0.9952247142791748,0.994781494140625,7.958251953125,0.994781494140625,0.005218505859375,0.023458248004317284,6.10359052498032e-05,0.8390551209449768,0.0025107855908572674,0.8390514254570007,16060416,0.2703363327309489,15151.496502974784,,1.0,1.0,0.968017578125,0.991455078125,0.998779296875,1.0,1.0,1.0,0.9999730587005615,0.9998123645782471,0.9722470045089722,0.9914420247077942,0.998807430267334,0.9996441006660461,0.9999173879623413,0.9999537467956543
3940,train,1.3621940612792969,3.9047511734697116,0.57763671875,,,,1.3867522478103638,0.24558131396770477,0.1,0.5,0.9951627254486084,0.9954833984375,7.9638671875,0.9954833984375,0.0045166015625,0.02367490902543068,5.994019461378977e-05,0.829242467880249,0.0029511917382478714,0.8292372226715088,16142336,0.2811802080832422,14567.170384863635,,1.0,0.999267578125,0.97314453125,0.9921875,0.999267578125,1.0,1.0,1.0,0.9999878406524658,0.9998149871826172,0.9717803001403809,0.9913845658302307,0.9988143444061279,0.9996479749679565,0.9999163746833801,0.9999549984931946
3960,train,1.3163059949874878,3.729618669261184,0.5849609375,,,,1.3408331871032715,0.24527183175086975,0.1,0.5,0.99522864818573,0.99517822265625,7.96142578125,0.99517822265625,0.00482177734375,0.023442495614290237,5.8861758188688994e-05,0.8126928210258484,0.00283336965367198,0.8126879334449768,16224256,0.312285291031003,13116.211738558502,,1.0,0.99951171875,0.97509765625,0.98876953125,0.99853515625,0.99951171875,1.0,1.0,0.9999874830245972,0.999813437461853,0.9724854230880737,0.9911849498748779,0.9988325834274292,0.9996523857116699,0.9999181032180786,0.9999551773071289
3980,train,1.3686844110488892,3.930176795685699,0.582275390625,,,,1.3931772708892822,0.2449287623167038,0.1,0.5,0.9951502084732056,0.99481201171875,7.95849609375,0.99481201171875,0.00518798828125,0.023732293397188187,5.780077329386861e-05,0.8249026536941528,0.0028287412133067846,0.8248977661132812,16306176,0.26585495797917247,15406.897171054028,,1.0,1.0,0.971435546875,0.9892578125,0.999267578125,0.99853515625,1.0,1.0,0.9999876022338867,0.999812126159668,0.9719022512435913,0.9911306500434875,0.9988409280776978,0.9996570944786072,0.9999167919158936,0.9999544620513916
3999,validation,,,,1.537055253982544,4.6508744420922605,0.5431982421875,,0.25,,0.5,0.9951442551612854,1.0,8.0,1.0,0.0,0.023742255531251432,,,,,,,,4.253963666036725,1.0,1.0,1.0,1.0,1.0,1.0,1.0,1.0,0.9999883770942688,0.9998123049736023,0.9719666242599487,0.9910141229629517,0.9988536834716797,0.9996534585952759,0.9999122023582458,0.9999539852142334
4000,train,1.3713994026184082,3.9408616906892773,0.57470703125,,,,1.3959627151489258,0.24563270807266235,0.1,0.5,0.9952325820922852,0.99554443359375,7.96435546875,0.99554443359375,0.00445556640625,0.023412242531776428,5.6757414379269524e-05,0.8314472436904907,0.0030186164658516645,0.8314417600631714,16388096,0.2280689999461174,17959.47718001001,,1.0,0.99951171875,0.974853515625,0.991455078125,0.99951171875,0.999755859375,0.99951171875,0.999755859375,0.9999876022338867,0.9998123645782471,0.9725173711776733,0.991141676902771,0.9988704919815063,0.9996610283851624,0.9999147653579712,0.999955415725708
4020,train,1.286867380142212,3.621424222676103,0.5908203125,,,,1.3113757371902466,0.24508312344551086,0.1,0.5,0.9949336647987366,0.994964599609375,7.959716796875,0.994964599609375,0.005035400390625,0.024527009576559067,5.573185299672248e-05,0.849369466304779,0.004058364778757095,0.8493598103523254,16470016,0.2649005828425288,15462.40463515659,,1.0,1.0,0.970458984375,0.991455078125,0.99853515625,0.99951171875,0.999755859375,1.0,0.9999874830245972,0.9998105764389038,0.9704713225364685,0.9908510446548462,0.9988335371017456,0.9996498823165894,0.9999101161956787,0.999954879283905
4040,train,1.3632853031158447,3.909014527063344,0.572021484375,,,,1.387797474861145,0.24512121081352234,0.1,0.5,0.9950477480888367,0.9949951171875,7.9599609375,0.9949951171875,0.0050048828125,0.024090416729450226,5.472425777174096e-05,0.8553959727287292,0.005009768530726433,0.8553813099861145,16551936,0.2775467918254435,14757.871899942847,,1.0,0.999755859375,0.969482421875,0.9912109375,0.999755859375,1.0,1.0,0.999755859375,0.9999882578849792,0.9998106956481934,0.9712629914283752,0.9909458756446838,0.9988563060760498,0.9996501803398132,0.9999126195907593,0.9999551773071289
4060,train,1.3567566871643066,3.8835771980938416,0.578857421875,,,,1.3812642097473145,0.24507537484169006,0.1,0.5,0.9949451088905334,0.994964599609375,7.959716796875,0.994964599609375,0.005035400390625,0.02447587251663208,5.3734794375795196e-05,0.8374724388122559,0.005004263482987881,0.8374574780464172,16633856,0.26691895769909024,15345.481772102547,,1.0,0.999755859375,0.971923828125,0.990234375,0.99853515625,1.0,0.99951171875,0.999755859375,0.9999879598617554,0.9998122453689575,0.9705857634544373,0.9908267259597778,0.9988409280776978,0.999639093875885,0.9999135732650757,0.9999546408653259
4080,train,1.3502933979034424,3.858557457304693,0.576904296875,,,,1.374801516532898,0.24508139491081238,0.1,0.5,0.9951201677322388,0.994964599609375,7.959716796875,0.994964599609375,0.005035400390625,0.02378952130675316,5.276362549907239e-05,0.8341717720031738,0.0028775937389582396,0.8341668248176575,16715776,0.27051762491464615,15141.342458896614,,1.0,1.0,0.970703125,0.99169921875,0.997314453125,1.0,1.0,1.0,0.9999876022338867,0.9998119473457336,0.9716360569000244,0.9911459684371948,0.9988611936569214,0.999649167060852,0.999914288520813,0.9999550580978394
4100,train,1.3858343362808228,3.99816032382454,0.569580078125,,,,1.4103692770004272,0.24534985423088074,0.1,0.5,0.9949332475662231,0.9952392578125,7.9619140625,0.9952392578125,0.0047607421875,0.024542272090911865,5.181091082372629e-05,0.8875991106033325,0.0039350371807813644,0.8875903487205505,16797696,0.2771960417740047,14776.545775279972,,1.0,0.99951171875,0.97119140625,0.99267578125,0.9990234375,0.999755859375,0.999755859375,1.0,0.9999876022338867,0.999812126159668,0.9705668687820435,0.9907838106155396,0.9988163113594055,0.9996310472488403,0.9999138116836548,0.9999547004699707
4120,train,1.3642830848693848,3.912916816925832,0.58056640625,,,,1.3887921571731567,0.24509111046791077,0.1,0.5,0.9950268268585205,0.994964599609375,7.959716796875,0.994964599609375,0.005035400390625,0.024198416620492935,5.087680699762229e-05,0.8927638530731201,0.004939399193972349,0.8927502036094666,16879616,0.2750061247497797,14894.213733337156,,1.0,0.999755859375,0.968994140625,0.9931640625,0.998046875,1.0,0.999755859375,1.0,0.9999878406524658,0.9998123049736023,0.971198320388794,0.990911602973938,0.9988136291503906,0.9996205568313599,0.999914824962616,0.9999554753303528
4140,train,1.361929178237915,3.9037170080755277,0.58154296875,,,,1.3864316940307617,0.24502500891685486,0.1,0.5,0.9949929118156433,0.994903564453125,7.959228515625,0.994903564453125,0.005096435546875,0.024286281317472458,4.996146760858055e-05,0.8587121963500977,0.006205853074789047,0.8586897253990173,16961536,0.30386387510225177,13479.720149760069,,1.0,1.0,0.969970703125,0.991943359375,0.997802734375,0.999755859375,1.0,0.999755859375,0.9999875426292419,0.9998133182525635,0.9708174467086792,0.9910007119178772,0.9988257884979248,0.9996259212493896,0.999916672706604,0.9999562501907349
4160,train,1.3986568450927734,4.04975686139463,0.565673828125,,,,1.423176646232605,0.24519845843315125,0.1,0.5,0.9949488639831543,0.995086669921875,7.960693359375,0.995086669921875,0.004913330078125,0.024435793980956078,4.9065043159123064e-05,0.8624931573867798,0.005071152932941914,0.8624781966209412,17043456,0.270391833037138,15148.386524815709,,1.0,0.999755859375,0.97119140625,0.9921875,0.998291015625,0.99951171875,1.0,0.999755859375,0.9999875426292419,0.9998119473457336,0.970462441444397,0.990976870059967,0.99884033203125,0.9996365308761597,0.9999181628227234,0.9999569654464722
4180,train,1.3989872932434082,4.0510953171929405,0.562744140625,,,,1.4234631061553955,0.24475812911987305,0.1,0.5,0.994817852973938,0.99462890625,7.95703125,0.99462890625,0.00537109375,0.02489621192216873,4.81876810417273e-05,0.8603432774543762,0.005670213606208563,0.8603246212005615,17125376,0.2775415419600904,14758.151053974443,,1.0,1.0,0.96923828125,0.990966796875,0.99755859375,0.999755859375,0.999755859375,0.999755859375,0.9999878406524658,0.9998111724853516,0.969550371170044,0.9908585548400879,0.9988270998001099,0.999636173248291,0.999915361404419,0.9999563694000244
4200,train,1.3927278518676758,4.025816920404042,0.5673828125,,,,1.4172645807266235,0.24536749720573425,0.1,0.5,0.9949659705162048,0.995269775390625,7.962158203125,0.995269775390625,0.004730224609375,0.024312902241945267,4.7329525514591865e-05,0.8403648138046265,0.002347284695133567,0.8403615355491638,17207296,0.2711554584093392,15105.725785599472,,1.0,1.0,0.9736328125,0.990966796875,0.997802734375,0.999755859375,1.0,1.0,0.9999881386756897,0.9998117685317993,0.9704045057296753,0.9911676645278931,0.998849630355835,0.9996346235275269,0.9999157190322876,0.9999562501907349
4220,train,1.4020932912826538,4.063697572463623,0.56103515625,,,,1.4266188144683838,0.24525511264801025,0.1,0.5,0.9948886632919312,0.995147705078125,7.961181640625,0.995147705078125,0.004852294921875,0.024595795199275017,4.6490717677916956e-05,0.8726958632469177,0.004480833187699318,0.8726844191551208,17289216,0.26212445786222816,15626.16488901942,,1.0,0.999755859375,0.971923828125,0.99169921875,0.998779296875,0.999267578125,1.0,0.999755859375,0.9999881386756897,0.9998106956481934,0.9699230194091797,0.9910144805908203,0.998855471611023,0.999641478061676,0.9999182224273682,0.9999579787254333
4240,train,1.3712890148162842,3.940426691638504,0.572509765625,,,,1.3957308530807495,0.24441859126091003,0.1,0.5,0.9948703646659851,0.9942626953125,7.9541015625,0.9942626953125,0.0057373046875,0.02468257211148739,4.5671395450704284e-05,0.8559538722038269,0.003414506558328867,0.8559471368789673,17371136,0.2709823753684759,15115.374180443834,,1.0,0.999755859375,0.966064453125,0.990478515625,0.997802734375,1.0,1.0,1.0,0.999987781047821,0.9998105764389038,0.969935953617096,0.9908643364906311,0.9988531470298767,0.9996367692947388,0.9999167919158936,0.9999577403068542
4249,validation,,,,1.5335058069229126,4.634395672040762,0.544501953125,,0.25,,0.5,0.9947603261470794,1.0,8.0,1.0,0.0,0.02504004392772913,,,,,,,,4.218668874818832,1.0,1.0,1.0,1.0,1.0,1.0,1.0,1.0,0.9999883770942688,0.9998098015785217,0.9689800143241882,0.9909572601318359,0.998849630355835,0.9996254444122314,0.9999150037765503,0.9999574422836304
4260,train,1.3619180917739868,3.9036737298976334,0.571044921875,,,,1.3863860368728638,0.2446793019771576,0.1,0.5,0.9949188828468323,0.994537353515625,7.956298828125,0.994537353515625,0.005462646484375,0.02444639801979065,4.487169354808029e-05,0.8924782276153564,0.005236263386905193,0.8924628496170044,17453056,0.3024805001914501,13541.368773879649,,1.0,0.999755859375,0.9677734375,0.990234375,0.998779296875,0.999755859375,1.0,1.0,0.9999877214431763,0.9998112916946411,0.9699773788452148,0.9911552667617798,0.9988949298858643,0.9996451139450073,0.9999196529388428,0.9999595284461975
4280,train,1.3204588890075684,3.7451395863850725,0.5849609375,,,,1.3449909687042236,0.24532079696655273,0.1,0.5,0.9951000213623047,0.995208740234375,7.961669921875,0.995208740234375,0.004791259765625,0.023780228570103645,4.4091743459145615e-05,0.8263013958930969,0.0040234774351119995,0.8262916207313538,17534976,0.3015535422600806,13582.99414857255,,1.0,1.0,0.97119140625,0.991943359375,0.998779296875,0.999755859375,1.0,1.0,0.9999880194664001,0.9998117685317993,0.9713021516799927,0.9912453889846802,0.9989245533943176,0.9996503591537476,0.9999194145202637,0.9999586343765259
4300,train,1.361338496208191,3.9014118334693606,0.572265625,,,,1.3858410120010376,0.2450253963470459,0.1,0.5,0.994941771030426,0.994903564453125,7.959228515625,0.994903564453125,0.005096435546875,0.02443789876997471,4.333167342535562e-05,0.8350712656974792,0.0038470576982945204,0.8350623846054077,17616896,0.27400375017896295,14948.700509846076,,1.0,1.0,0.97021484375,0.99072265625,0.9990234375,0.999267578125,1.0,1.0,0.9999885559082031,0.9998111724853516,0.9705318808555603,0.9908060431480408,0.9988855123519897,0.9996371269226074,0.9999158382415771,0.9999575614929199
4320,train,1.3801870346069336,3.9756451411874747,0.561767578125,,,,1.4048067331314087,0.24619686603546143,0.1,0.5,0.9949301481246948,0.996124267578125,7.968994140625,0.996124267578125,0.003875732421875,0.02445737086236477,4.2591608419434414e-05,0.8968684077262878,0.0035949444863945246,0.89686119556427,17698816,0.27114304108545184,15106.417570602996,,1.0,1.0,0.97705078125,0.99267578125,0.999267578125,1.0,1.0,1.0,0.9999886751174927,0.9998112916946411,0.9704192280769348,0.9908166527748108,0.9988816380500793,0.9996477365493774,0.9999182224273682,0.9999580383300781
4340,train,1.3813705444335938,3.9803531417122864,0.57275390625,,,,1.4059020280838013,0.2453148365020752,0.1,0.5,0.9949493408203125,0.995208740234375,7.961669921875,0.995208740234375,0.004791259765625,0.024414779618382454,4.18716701248265e-05,0.8816131353378296,0.0018223390216007829,0.8816112875938416,17780736,0.279128999914974,14674.218734877746,,1.0,1.0,0.972412109375,0.99072265625,0.998779296875,0.999755859375,1.0,1.0,0.9999884366989136,0.9998124241828918,0.9707093238830566,0.9906731247901917,0.9988924860954285,0.9996421337127686,0.9999184012413025,0.9999584555625916
4360,train,1.3676716089248657,3.9261983193239782,0.568115234375,,,,1.392149806022644,0.24478164315223694,0.1,0.5,0.9948688745498657,0.994659423828125,7.957275390625,0.994659423828125,0.005340576171875,0.02469114400446415,4.1171976915689365e-05,0.8641893863677979,0.0053903586231172085,0.8641725778579712,17862656,0.2853366252966225,14354.974569920672,,1.0,1.0,0.970703125,0.9892578125,0.998046875,0.99951171875,1.0,0.999755859375,0.999988317489624,0.9998104572296143,0.9700942039489746,0.9906549453735352,0.9988889694213867,0.9996376633644104,0.9999181032180786,0.999958336353302
4380,train,1.3344182968139648,3.79778611946432,0.576416015625,,,,1.358969807624817,0.2455151379108429,0.1,0.5,0.9947276711463928,0.99542236328125,7.96337890625,0.99542236328125,0.00457763671875,0.02520277351140976,4.049264383742998e-05,0.8454882502555847,0.002108548069372773,0.8454856872558594,17944576,0.3376633748412132,12130.424278102862,,1.0,1.0,0.974609375,0.990234375,0.99853515625,1.0,1.0,1.0,0.9999887943267822,0.9998106360435486,0.9691516160964966,0.9904842376708984,0.9988775253295898,0.9996330738067627,0.9999171495437622,0.9999586939811707
4400,train,1.383765697479248,3.9898981229447696,0.565185546875,,,,1.4081978797912598,0.24432137608528137,0.1,0.5,0.9947749972343445,0.994171142578125,7.953369140625,0.994171142578125,0.005828857421875,0.02500534988939762,3.9833782587788806e-05,0.8644798994064331,0.0045865802094340324,0.8644677400588989,18026496,0.27736074989661574,14767.77085988827,,1.0,1.0,0.96826171875,0.986083984375,0.9990234375,1.0,1.0,1.0,0.9999886751174927,0.9998125433921814,0.969394326210022,0.9906023144721985,0.998888373374939,0.9996355772018433,0.9999191761016846,0.9999595880508423
4420,train,1.2849905490875244,3.6146337954683863,0.597412109375,,,,1.309400200843811,0.2440967857837677,0.1,0.5,0.9947977066040039,0.993927001953125,7.951416015625,0.993927001953125,0.006072998046875,0.02488798275589943,3.9195501498474075e-05,0.8230475783348083,0.0021626497618854046,0.8230447173118591,18108416,0.2888359590433538,14181.05977374236,,1.0,1.0,0.965087890625,0.98828125,0.998779296875,0.999267578125,1.0,1.0,0.999988317489624,0.999810516834259,0.9694010615348816,0.9907785654067993,0.9988912343978882,0.9996333122253418,0.9999189972877502,0.9999596476554871
4440,train,1.3474292755126953,3.847521887650225,0.5771484375,,,,1.371885061264038,0.24455836415290833,0.1,0.5,0.9946839213371277,0.994415283203125,7.955322265625,0.994415283203125,0.005584716796875,0.0253043994307518,3.857790551734975e-05,0.893399178981781,0.0248651634901762,0.8930531144142151,18190336,0.27792375022545457,14737.855245106915,,0.999755859375,0.999755859375,0.968017578125,0.989013671875,0.9990234375,0.999755859375,1.0,1.0,0.9999885559082031,0.9998109340667725,0.9686492085456848,0.9906265735626221,0.9988824129104614,0.9996330738067627,0.9999204874038696,0.9999598264694214
4460,train,1.3759926557540894,3.959004701830341,0.56640625,,,,1.4004318714141846,0.24439272284507751,0.1,0.5,0.9946128129959106,0.994232177734375,7.953857421875,0.994232177734375,0.005767822265625,0.025553785264492035,3.798109619117956e-05,0.8770722150802612,0.007347892038524151,0.8770414590835571,18272256,0.2893769578076899,14154.547863904432,,1.0,0.99951171875,0.9658203125,0.9892578125,0.999267578125,1.0,1.0,1.0,0.9999887943267822,0.9998106956481934,0.968084454536438,0.9906512498855591,0.9988681077957153,0.9996217489242554,0.9999185800552368,0.999958872795105
4480,train,1.3704969882965088,3.937307004799933,0.570556640625,,,,1.3950011730194092,0.24504217505455017,0.1,0.5,0.9947584867477417,0.994903564453125,7.959228515625,0.994903564453125,0.005096435546875,0.02499784342944622,3.74051716489305e-05,0.9034550786018372,0.00448480062186718,0.9034439325332642,18354176,0.2696898332796991,15187.817613250483,,1.0,0.99951171875,0.96728515625,0.993896484375,0.9990234375,0.99951171875,1.0,1.0,0.9999887943267822,0.999811053276062,0.9690214395523071,0.9908334612846375,0.9988969564437866,0.9996351003646851,0.9999209642410278,0.9999600648880005
4499,validation,,,,1.5285055708885193,4.611280438776206,0.546806640625,,0.25,,0.5,0.9946154534816742,1.0,8.0,1.0,0.0,0.02552955809980631,,,,,,,,4.37037262506783,1.0,1.0,1.0,1.0,1.0,1.0,1.0,1.0,0.999988853931427,0.9998061656951904,0.9681761860847473,0.9905932545661926,0.9988630414009094,0.9996201992034912,0.9999164342880249,0.9999582767486572
4500,train,1.365903377532959,3.9192620264975333,0.578369140625,,,,1.3903807401657104,0.24477356672286987,0.1,0.5,0.9947400093078613,0.99462890625,7.95703125,0.99462890625,0.00537109375,0.02508864924311638,3.685022658563817e-05,0.8691627979278564,0.003872612491250038,0.869154155254364,18436096,0.2625210420228541,15602.558821335997,,1.0,1.0,0.96728515625,0.99072265625,0.9990234375,1.0,1.0,1.0,0.9999889135360718,0.9998071789741516,0.9689973592758179,0.9907378554344177,0.9988820552825928,0.9996292591094971,0.999918520450592,0.9999595880508423
4520,train,1.363396167755127,3.90944792257251,0.56494140625,,,,1.3879129886627197,0.2451680600643158,0.1,0.5,0.9946240186691284,0.99505615234375,7.96044921875,0.99505615234375,0.00494384765625,0.02549087628722191,3.631635224683681e-05,0.8460318446159363,0.004152700770646334,0.8460216522216797,18518016,0.27648045867681503,14814.790237265619,,1.0,0.999267578125,0.971435546875,0.9912109375,0.998779296875,0.999755859375,1.0,1.0,0.9999889135360718,0.9998053312301636,0.9681596755981445,0.9906554222106934,0.9988685250282288,0.9996349215507507,0.999919056892395,0.9999604225158691
4540,train,1.3197965621948242,3.742659901291151,0.591064453125,,,,1.344167947769165,0.24371430277824402,0.1,0.5,0.9945656657218933,0.9935302734375,7.9482421875,0.9935302734375,0.0064697265625,0.025679808109998703,3.580363641355644e-05,0.8983957767486572,0.0035260312724858522,0.8983888626098633,18599936,0.2829022500663996,14478.499195530025,,1.0,0.999755859375,0.96435546875,0.98583984375,0.999267578125,0.999267578125,1.0,0.999755859375,0.9999885559082031,0.9998058080673218,0.9676450490951538,0.9907406568527222,0.9988384246826172,0.9996293187141418,0.9999174475669861,0.9999599456787109
4560,train,1.3521161079406738,3.8655969021958736,0.577880859375,,,,1.376561164855957,0.24445095658302307,0.1,0.5,0.9947137832641602,0.994293212890625,7.954345703125,0.994293212890625,0.005706787109375,0.02516542375087738,3.531216338788963e-05,0.8471062183380127,0.008421752601861954,0.8470643162727356,18681856,0.26701420824974775,15340.007660449543,,0.999755859375,1.0,0.965576171875,0.991455078125,0.998046875,0.999755859375,0.999755859375,1.0,0.9999889135360718,0.9998044371604919,0.9687250256538391,0.9908375144004822,0.9988429546356201,0.9996340274810791,0.9999175071716309,0.9999606609344482
4580,train,1.3181954622268677,3.736672323277711,0.588623046875,,,,1.3426787853240967,0.24483346939086914,0.1,0.5,0.9947988390922546,0.99468994140625,7.95751953125,0.99468994140625,0.00531005859375,0.024834416806697845,3.4842013979130404e-05,0.786583423614502,0.0037276793736964464,0.7865745425224304,18763776,0.27231345791369677,15041.489434202438,,1.0,0.999755859375,0.967041015625,0.9921875,0.999267578125,1.0,0.99951171875,0.999755859375,0.9999893307685852,0.9998058676719666,0.9692784547805786,0.9909409284591675,0.9988604784011841,0.9996366500854492,0.9999185800552368,0.9999605417251587
4600,train,1.3544421195983887,3.8745987908447783,0.571533203125,,,,1.3788418769836426,0.2439977526664734,0.1,0.5,0.9947537183761597,0.99383544921875,7.95068359375,0.99383544921875,0.00616455078125,0.025014324113726616,3.439326549048734e-05,0.8398526310920715,0.0029247337952256203,0.8398475646972656,18845696,0.27502987487241626,14892.927547962183,,1.0,0.99951171875,0.966796875,0.986083984375,0.99853515625,0.999755859375,1.0,1.0,0.9999890923500061,0.9998049139976501,0.9690614938735962,0.9907994866371155,0.9988576173782349,0.9996370077133179,0.9999196529388428,0.9999608993530273
4620,train,1.350212812423706,3.858246526129343,0.572509765625,,,,1.3746771812438965,0.2446441650390625,0.1,0.5,0.9948230981826782,0.9945068359375,7.9560546875,0.9945068359375,0.0054931640625,0.024789154529571533,3.396599170637318e-05,0.8636958003044128,0.0031989903654903173,0.8636898398399353,18927616,0.2743217498064041,14931.37165715315,,1.0,0.999755859375,0.968505859375,0.98974609375,0.9990234375,0.999267578125,0.999755859375,1.0,0.9999889731407166,0.9998060464859009,0.9695727825164795,0.9908456206321716,0.9988541007041931,0.9996370077133179,0.9999197125434875,0.9999605417251587
4640,train,1.3330631256103516,3.7926429547991787,0.59228515625,,,,1.3575104475021362,0.2444731891155243,0.1,0.5,0.9948374032974243,0.99432373046875,7.95458984375,0.99432373046875,0.00567626953125,0.024723311886191368,3.356026288027287e-05,0.8420408964157104,0.004039259627461433,0.8420312404632568,19009536,0.2711189594119787,15107.759372061932,,1.0,0.99951171875,0.966796875,0.990478515625,0.99853515625,0.99951171875,0.999755859375,1.0,0.9999890327453613,0.9998059272766113,0.9696195125579834,0.9909287691116333,0.9988378286361694,0.9996374845504761,0.999919593334198,0.999960720539093
4660,train,1.3823182582855225,3.9841271655851327,0.574462890625,,,,1.4067844152450562,0.24466106295585632,0.1,0.5,0.994666576385498,0.9945068359375,7.9560546875,0.9945068359375,0.0054931640625,0.025333913043141365,3.317614572319256e-05,0.8737759590148926,0.0019954696763306856,0.8737736940383911,19091456,0.27688570879399776,14793.107299905512,,1.0,0.999755859375,0.966064453125,0.990966796875,0.999267578125,1.0,1.0,1.0,0.9999894499778748,0.9998029470443726,0.9684171676635742,0.9907913208007812,0.9988231658935547,0.9996306896209717,0.9999173879623413,0.9999605417251587
4680,train,1.395756721496582,4.0380290801894825,0.561279296875,,,,1.420259952545166,0.2450319230556488,0.1,0.5,0.9946833848953247,0.994903564453125,7.959228515625,0.994903564453125,0.005096435546875,0.025271214544773102,3.281370339269052e-05,0.8727666139602661,0.0046223741956055164,0.8727543950080872,19173376,0.4493148331530392,9116.102335764372,,1.0,0.999755859375,0.969482421875,0.990234375,1.0,0.999755859375,1.0,1.0,0.9999894499778748,0.9998023509979248,0.9685914516448975,0.9907494783401489,0.9988172054290771,0.9996382594108582,0.9999195337295532,0.9999598264694214
4700,train,1.3617005348205566,3.9028245509095174,0.576416015625,,,,1.3862462043762207,0.24545712769031525,0.1,0.5,0.9948250651359558,0.995361328125,7.962890625,0.995361328125,0.004638671875,0.024770352989435196,3.2472995482492835e-05,0.9617124795913696,0.005259444005787373,0.9616981148719788,19255296,0.27717929100617766,14777.438765830128,,1.0,1.0,0.973876953125,0.990966796875,0.99853515625,0.99951171875,1.0,1.0,0.9999891519546509,0.9998025894165039,0.9696000814437866,0.9908629655838013,0.9988296031951904,0.9996354579925537,0.9999197721481323,0.9999603033065796
4720,train,1.3597346544265747,3.8951596012993646,0.58251953125,,,,1.3842997550964355,0.24565096199512482,0.1,0.5,0.9947152733802795,0.99554443359375,7.96435546875,0.99554443359375,0.00445556640625,0.025171834975481033,3.215407801269468e-05,0.846382200717926,0.0043924106284976006,0.8463708162307739,19337216,0.29214375000447035,14020.495047172235,,1.0,0.999755859375,0.9716796875,0.992919921875,1.0,1.0,1.0,1.0,0.9999896287918091,0.999805212020874,0.9688925743103027,0.9906938076019287,0.9988284707069397,0.9996317625045776,0.9999205470085144,0.9999600648880005
4740,train,1.3699769973754883,3.935260173117233,0.572509765625,,,,1.3945231437683105,0.24546201527118683,0.1,0.5,0.9947540163993835,0.995361328125,7.962890625,0.995361328125,0.004638671875,0.0250222347676754,3.1857003420549485e-05,0.879085898399353,0.005404691211879253,0.8790693283081055,19419136,0.28388383286073804,14428.437007926874,,1.0,0.99951171875,0.972412109375,0.99365234375,0.998291015625,0.9990234375,1.0,1.0,0.9999896287918091,0.9998040199279785,0.9691619873046875,0.9907423257827759,0.9988247752189636,0.9996285438537598,0.9999210238456726,0.9999603033065796
4749,validation,,,,1.5267183327674865,4.603046342926043,0.546923828125,,0.25,,0.5,0.9945767939090728,1.0,8.0,1.0,0.0,0.025647800117731094,,,,,,,,4.300901625305414,1.0,1.0,1.0,1.0,1.0,1.0,1.0,1.0,0.9999896287918091,0.9998018145561218,0.9679175615310669,0.9906064867973328,0.9988032579421997,0.9996172189712524,0.9999184608459473,0.9999590516090393
4760,train,1.380247950553894,3.975887328752496,0.568359375,,,,1.4046757221221924,0.24427732825279236,0.1,0.5,0.9946595430374146,0.994110107421875,7.952880859375,0.994110107421875,0.005889892578125,0.025355733931064606,3.158182055184696e-05,0.8779442310333252,0.00434811320155859,0.8779335021972656,19501056,0.3890085001476109,10529.33290261204,,1.0,0.999755859375,0.964599609375,0.990966796875,0.998291015625,0.999755859375,0.999755859375,0.999755859375,0.9999897480010986,0.9998012185096741,0.9684511423110962,0.9907060861587524,0.9988222122192383,0.9996249675750732,0.9999201893806458,0.9999604225158691
4780,train,1.38999342918396,4.014823672239747,0.572265625,,,,1.4144266843795776,0.24433276057243347,0.1,0.5,0.9946653842926025,0.994171142578125,7.953369140625,0.994171142578125,0.005828857421875,0.025326620787382126,3.1328574652881767e-05,0.9243345260620117,0.00479087233543396,0.9243221282958984,19582976,0.2915260000154376,14050.204783734893,,1.0,0.999755859375,0.96533203125,0.99072265625,0.997802734375,0.999755859375,1.0,1.0,0.9999900460243225,0.9997987747192383,0.9685286283493042,0.9906649589538574,0.9988281726837158,0.9996299743652344,0.9999218583106995,0.9999608993530273
4800,train,1.3167235851287842,3.73117644648183,0.590576171875,,,,1.341214656829834,0.24491095542907715,0.1,0.5,0.9946941137313843,0.994781494140625,7.958251953125,0.994781494140625,0.005218505859375,0.025195110589265823,3.109730736301406e-05,0.8525637984275818,0.0038313923869282007,0.8525551557540894,19664896,0.2793552908115089,14662.331928997612,,1.0,0.999755859375,0.96875,0.99267578125,0.997802734375,0.999267578125,1.0,1.0,0.9999897480010986,0.9997975826263428,0.9686144590377808,0.9908121824264526,0.9988285303115845,0.9996270537376404,0.9999223947525024,0.9999611377716064
4820,train,1.4024074077606201,4.064974247334415,0.567138671875,,,,1.4268831014633179,0.24475690722465515,0.1,0.5,0.9947924613952637,0.99462890625,7.95703125,0.99462890625,0.00537109375,0.024848004803061485,3.088805670782293e-05,0.8500326871871948,0.0026877073105424643,0.8500284552574158,19746816,0.2862918749451637,14307.077351687143,,1.0,0.999755859375,0.969970703125,0.989013671875,0.999267578125,0.9990234375,1.0,1.0,0.9999901056289673,0.9997960329055786,0.9692521095275879,0.9909642934799194,0.9988381266593933,0.9996169805526733,0.9999217391014099,0.9999605417251587
4840,train,1.4223250150680542,4.14675049829026,0.56103515625,,,,1.4468475580215454,0.24522560834884644,0.1,0.5,0.9946496486663818,0.9951171875,7.9609375,0.9951171875,0.0048828125,0.025337375700473785,3.070085709285425e-05,0.9241140484809875,0.002350804628804326,0.9241110682487488,19828736,0.28435495868325233,14404.531642307677,,1.0,1.0,0.97216796875,0.990478515625,0.99853515625,0.999755859375,1.0,1.0,0.9999831914901733,0.9997966289520264,0.9682060480117798,0.9908530712127686,0.998847484588623,0.999626636505127,0.9999226331710815,0.9999614953994751
4860,train,1.3438127040863037,3.833632181625199,0.58251953125,,,,1.3682376146316528,0.24424868822097778,0.1,0.5,0.9944770932197571,0.99407958984375,7.95263671875,0.99407958984375,0.00592041015625,0.02598332054913044,3.0535739297963565e-05,0.8654170036315918,0.001985531998798251,0.8654146790504456,19910656,0.28969891695305705,14138.817097005985,,1.0,1.0,0.96484375,0.9892578125,0.998779296875,1.0,0.999755859375,1.0,0.9999901056289673,0.9997959136962891,0.9672073125839233,0.9905046224594116,0.9988261461257935,0.9996134638786316,0.9999192357063293,0.9999599456787109
4880,train,1.385200023651123,3.9956250444004593,0.576416015625,,,,1.4096935987472534,0.24493560194969177,0.1,0.5,0.9947913885116577,0.99481201171875,7.95849609375,0.99481201171875,0.00518798828125,0.024836963042616844,3.0392730472255136e-05,0.8961092829704285,0.006288484204560518,0.8960872292518616,19992576,0.2973376247100532,13775.585931966018,,1.0,0.99951171875,0.9697265625,0.99169921875,0.99853515625,0.9990234375,1.0,1.0,0.9999901056289673,0.9997966289520264,0.969363808631897,0.9908185005187988,0.998857855796814,0.9996210336685181,0.9999217391014099,0.9999614953994751
4900,train,1.362066626548767,3.904253604260607,0.57470703125,,,,1.3865255117416382,0.24458898603916168,0.1,0.5,0.9946587085723877,0.99444580078125,7.95556640625,0.99444580078125,0.00555419921875,0.02532283589243889,3.0271854129618143e-05,0.9143017530441284,0.003539003198966384,0.9142948985099792,20074496,0.2736121667549014,14970.094526787432,,1.0,0.999755859375,0.9677734375,0.98974609375,0.998779296875,0.99951171875,1.0,1.0,0.9999903440475464,0.9997963905334473,0.9684759378433228,0.9906467199325562,0.9988587498664856,0.9996170401573181,0.9999223351478577,0.9999616146087646
4920,train,1.3397235870361328,3.81798801811378,0.576904296875,,,,1.3641551733016968,0.24431583285331726,0.1,0.5,0.9943984746932983,0.994140625,7.953125,0.994140625,0.005859375,0.026281535625457764,3.0173130144860357e-05,0.8903073668479919,0.005862716119736433,0.8902880549430847,20156416,0.3712294162251055,11033.608386023681,,1.0,1.0,0.963623046875,0.9912109375,0.9990234375,0.99951171875,0.999755859375,1.0,0.9999900460243225,0.9997956156730652,0.9668439030647278,0.9902749061584473,0.9988013505935669,0.9996020793914795,0.9999186992645264,0.9999606609344482
4940,train,1.3452765941619873,3.839248307422176,0.58349609375,,,,1.3697724342346191,0.24495816230773926,0.1,0.5,0.9944718480110168,0.99481201171875,7.95849609375,0.99481201171875,0.00518798828125,0.02597038261592388,3.00965747504403e-05,0.8769004940986633,0.0035633703228086233,0.8768932819366455,20238336,0.27893695794045925,14684.32161246383,,1.0,0.999755859375,0.966552734375,0.992919921875,0.999755859375,0.99951171875,1.0,1.0,0.9999898672103882,0.9997968077659607,0.9670425653457642,0.9906107187271118,0.9988296031951904,0.9996211528778076,0.9999221563339233,0.9999619722366333
4960,train,1.3142540454864502,3.7219735264996574,0.587646484375,,,,1.3387593030929565,0.245052307844162,0.1,0.5,0.9945225119590759,0.99493408203125,7.95947265625,0.99493408203125,0.00506591796875,0.025805078446865082,3.0042200533798295e-05,0.8353368639945984,0.0048710377886891365,0.8353226780891418,20320256,0.3175293328240514,12899.595648600018,,1.0,1.0,0.97119140625,0.9892578125,0.999267578125,0.999755859375,1.0,1.0,0.9999902248382568,0.9997976422309875,0.96748948097229,0.9906124472618103,0.998792827129364,0.9996141195297241,0.999921977519989,0.9999615550041199
4980,train,1.3447299003601074,3.83714998779006,0.57421875,,,,1.3691977262496948,0.24467846751213074,0.1,0.5,0.9944199919700623,0.994537353515625,7.956298828125,0.994537353515625,0.005462646484375,0.026155957952141762,3.001001643528678e-05,0.8975531458854675,0.0036609494127333164,0.8975456953048706,20402176,0.2797304159030318,14642.669395736619,,1.0,0.99951171875,0.968017578125,0.98974609375,0.999267578125,0.999755859375,1.0,1.0,0.9999899864196777,0.9997953176498413,0.9667304754257202,0.9905580282211304,0.9987928867340088,0.9996106624603271,0.9999210834503174,0.9999615550041199
4999,train,1.4089275598526,4.091565091648326,0.56884765625,,,,1.4333502054214478,0.24422597885131836,0.1,0.5,0.9944030046463013,0.994049072265625,7.952392578125,0.994049072265625,0.005950927734375,0.02624933421611786,2.9999999999999997e-05,0.9100127816200256,0.004707500338554382,0.9100005626678467,20480000,0.27189299976453185,15064.749749155986,,1.0,0.99951171875,0.963623046875,0.990478515625,0.9990234375,1.0,0.999755859375,1.0,0.9999903440475464,0.9997957944869995,0.9668561220169067,0.990303635597229,0.9987936019897461,0.9996028542518616,0.9999203681945801,0.9999615550041199
4999,validation,,,,1.5219431877136231,4.581118524871391,0.5480712890625,,0.25,,0.5,0.9942775928974151,1.0,8.0,1.0,0.0,0.026690886206924915,,,,,,,,4.3034145422279835,1.0,1.0,1.0,1.0,1.0,1.0,1.0,1.0,0.999989926815033,0.9997950196266174,0.9660423994064331,0.9901466369628906,0.9987719655036926,0.9995953440666199,0.9999188184738159,0.999960720539093
